amount,time_of_day,merchant_category,distance_from_home,foreign_transaction,high_risk_country,fraud
46.92680899768591,22,9,7.715725148677455,0,0,0
301.0121430917521,3,8,55.085518394141374,0,0,0
131.67456935454493,17,0,52.20113510033046,0,1,0
91.29425537759532,4,6,83.10198323555528,0,0,0
16.962487046234628,15,9,7.515256106454673,1,0,0
16.959629191460518,13,6,76.50365214715853,0,0,0
5.983876860868068,18,7,361.57229373232263,0,0,0
201.12308644799396,13,5,95.20469517318833,0,0,0
91.90821536272645,8,7,69.67845315132817,0,0,0
123.12500617045903,5,0,54.2599359138477,0,0,0
2.0799307999138623,16,0,27.39017137883882,0,0,0
350.3557475158312,18,8,65.55937558038423,0,0,0
178.6429543354675,11,3,64.39998381295486,0,0,0
20.067898874966335,15,5,79.55004082754327,0,0,0
20.261142283225706,10,9,29.77960234817815,0,0,0
36.27537294604771,21,8,6.462896110733728,0,0,0
74.39278308608544,3,9,40.94319963373543,0,0,0
56.55370667803366,16,3,15.397200212977824,0,0,0
34.42229925539415,7,8,24.260582148378408,0,0,0
94.63708738997987,13,4,0.8784163612323816,0,0,0
15.023452872733866,1,6,24.127345448121247,0,0,0
34.551551200240226,10,2,82.72205318044219,0,0,0
60.893468785977504,23,2,0.4924434101993759,0,0,0
153.7936011030912,21,7,31.729181852624816,0,0,0
22.273586212869027,23,5,17.22684880451519,0,0,0
72.20291550331277,5,8,32.46136239857509,0,0,0
89.75047213097605,20,8,25.933878610077393,0,0,0
4.756384975640855,20,7,134.3971012873102,0,1,0
93.533302064961,13,0,2.102455009651511,0,0,0
18.696125197741644,9,5,57.53550763942857,0,0,0
6.726393087930424,7,3,95.19937438194337,0,0,0
297.3687793506931,6,3,160.00096736240138,0,0,0
337.06303424611724,7,2,9.778621751890437,0,0,0
165.23315728128767,7,8,37.89013096966688,0,0,0
36.32878599687583,22,1,2.228407281462767,0,0,0
10.277731500250624,1,0,34.57577806425456,0,0,0
115.27507630986618,15,9,6.702753030932753,1,0,0
58.009084258539836,8,2,90.9760668281328,0,0,0
13.015223395444863,12,3,6.044580760912391,0,0,0
68.35472281341501,22,3,36.00417235263426,0,0,0
3.4993721443479084,11,5,36.81276316289472,0,0,0
240.04228873930236,21,0,178.1572906343839,0,0,0
29.94577768406861,16,0,53.20774521044351,0,0,0
108.62557985649804,1,1,16.97265426234601,0,0,0
37.354658165762366,12,3,13.774456137696347,1,0,0
73.41108959092286,0,6,6.862526754594511,0,0,0
79.12237979817975,18,5,70.63494033308697,0,0,0
20.438859950790576,10,8,58.681339578520195,0,0,0
349.28071327362267,4,6,47.06467656472545,0,0,0
149.22453771381407,0,4,2.08489196833188,0,0,0
280.50944192915824,19,5,71.94866578494047,0,0,0
225.21519975341965,12,9,51.34541557835621,1,0,0
91.1054412383275,7,8,166.0577049293462,0,0,0
254.9435379269405,5,0,44.239861220669766,0,0,0
9.265545895311563,16,8,18.116826070550193,0,0,0
21.813469463126744,11,5,24.024565839354665,0,0,0
4.628196568683196,0,3,9.669572452029156,0,0,0
39.35320868030868,2,4,64.171400461457,0,0,0
49.21302917942186,13,0,61.50243558175021,0,0,0
31.65604432088257,7,6,11.197820046703194,0,0,0
176.45578652409338,10,7,8.627828879566843,0,0,0
44.12269995298701,13,4,4.006569462067062,0,0,0
32.98028401342492,7,1,121.50714312528173,0,0,0
78.2407083207746,2,7,13.267976480101781,0,0,0
15.189814782062886,6,9,21.092189984909293,0,0,0
162.04835957747312,18,6,16.460250933056464,0,0,0
7.747586881130901,3,9,26.689754231442382,0,0,0
433.41463395873194,15,8,62.596705496612174,0,0,0
147.94837762415114,12,3,102.24065775146514,0,0,0
22.153944050588596,19,8,10.08125890186499,0,0,0
0.5537420375935475,18,3,57.98381763500484,0,0,0
168.9896777486126,4,2,21.73662312946866,0,0,0
122.70959073870446,22,2,196.9367515448558,0,0,0
130.5662908787999,4,9,17.75660383026427,0,0,0
147.52145260435134,19,1,0.36094750201086573,0,0,0
7.692926551379635,23,9,36.246339672893164,0,0,0
44.38926724162325,3,2,8.16896993717191,0,0,0
12.315010460444965,1,7,2.27573412901786,0,0,0
198.85295716582226,12,7,59.91100778711061,1,0,0
40.1818801251301,21,1,30.87407233532304,0,0,0
6.566806580478289,1,1,56.48742906356994,0,0,0
37.24883504103537,18,9,38.63544042531746,0,0,0
39.331421318413135,16,6,49.685743553642794,0,0,0
130.7875783957741,4,5,45.40422144223875,1,0,0
101.488935892602,17,0,54.80418901041908,0,0,0
218.22519124015147,22,1,11.134098435066035,0,1,0
63.90661333763098,20,0,15.64702795844386,0,0,0
12.73723936155019,17,6,28.987634648370502,0,0,0
124.91263443165994,7,5,29.54108414338932,0,0,0
143.0392753076864,14,1,74.45218368841408,0,0,0
82.38874948858287,12,1,22.89534724059975,0,0,0
147.38899667213644,12,1,8.867008589522138,0,0,0
68.0814731510278,15,7,14.481930627505768,0,0,0
73.9678838777267,21,6,12.086606570195691,0,0,0
55.781419390842736,19,0,65.77502587898019,0,1,0
2.574777399011373,12,3,31.775963006893697,0,0,0
11.416743519186584,19,3,61.65818686366984,0,0,0
3.1933681293053824,1,6,26.91152663014177,0,0,0
101.17295509275495,2,1,110.24370918237562,0,0,0
37.73967087950999,14,3,205.28132135855876,0,0,0
238.12655298459754,18,3,99.68615432762569,0,0,0
28.673882298329833,12,0,35.45704679291977,0,1,0
52.82819748826726,4,1,136.3775865573754,0,0,0
140.87491475385835,21,1,89.06664645224379,0,1,0
25.980515691739402,5,9,240.05056669584448,0,0,0
8.010427855017637,13,2,48.78793786352936,1,0,0
34.21403038870571,3,7,75.52642458111322,1,0,0
17.580835850006284,21,5,39.13916978706647,0,0,0
265.4950085880625,18,5,14.995837543004756,0,0,0
165.08870804845694,22,8,21.90627272823531,1,0,0
100.34941905205311,6,7,112.21836342728626,0,0,0
205.1519730520813,3,1,2.87869865209211,0,0,0
162.79689407405564,1,5,44.760706369915674,0,0,0
20.649547635863907,6,0,23.299308104567782,0,0,0
223.0813405235561,2,8,24.444444973383927,1,0,0
77.5099901966172,14,3,107.95507224425013,0,0,0
164.73482913035662,0,3,96.14663920251209,0,0,0
226.42426492862313,1,8,45.670042526886824,0,0,0
38.27307164183185,9,2,15.935859049968315,0,0,0
11.659216012385084,15,4,32.26133125877308,0,0,0
25.868674613938136,14,0,26.237218228207006,0,0,0
55.70576927486144,23,5,21.818233193800676,0,0,0
170.3829726638945,14,2,5.423020131628037,0,0,0
197.13449718798333,13,0,39.16605621055106,0,0,0
0.6976409181650647,21,9,17.964725591669488,0,0,0
71.48761593385558,13,5,54.05943959940581,0,0,0
54.02733209186713,5,9,19.224624145851017,1,0,0
25.11673382758245,13,1,28.208111015012015,1,0,0
12.768039154564681,16,7,2.6890495277257407,0,0,0
41.190857986243245,17,1,244.89705862114667,0,0,0
286.31211226911495,19,3,35.42424859840243,1,0,0
39.03838028814744,18,2,1.2268079424086828,0,0,0
73.1452805760152,16,8,38.96038598817228,0,0,0
121.40869768808548,15,1,102.14738072061525,0,0,0
45.197449896696234,7,2,74.04171142311739,0,0,0
356.77981382916994,6,6,60.349983053493936,0,0,0
328.2009864541398,19,3,7.510029437586336,0,0,0
29.006129499220528,11,5,53.60880311925755,0,0,0
68.76592784638473,8,2,72.68550484959174,1,0,0
35.79304600790468,13,0,42.48058422337709,0,0,0
33.52496763810817,19,5,111.62917196777815,0,0,0
3.758447776552253,0,3,16.216596192281493,0,0,0
94.04920709825932,9,1,13.86314041582493,0,0,0
69.85196328296385,16,6,101.84583195452208,0,0,0
5.285108738039248,16,9,49.0945899311986,0,0,0
32.662592101036935,16,4,0.07241343780455746,0,0,0
238.88609510893403,3,5,21.7806054727233,0,1,0
27.386055214207705,16,5,97.54572754573611,0,0,0
15.653086098546975,17,8,1.3849814283730226,0,0,0
67.22721094736363,19,1,0.16266071146187056,0,0,0
27.71448135597262,1,8,122.67042065345812,0,0,0
111.51550102972934,7,3,115.87355787058542,0,0,0
143.3887626239463,12,5,36.56966080664584,0,1,0
27.133317233580577,22,6,40.28633689430748,0,0,0
130.2748928492316,21,0,20.173954925360572,0,0,0
100.05037477317713,21,3,84.42996927456254,0,0,0
100.38378271376382,14,9,5.61896898998456,0,0,0
76.73852499523488,19,1,33.40852269753173,0,0,0
9.462915881162095,22,1,50.310397176255314,0,0,0
180.3644794246297,8,1,5.4729055434777765,1,0,0
38.68102936673966,2,6,36.6575479405584,1,1,0
20.643210660755653,2,3,43.08081095229433,0,0,0
4.1629759794345205,1,5,67.8360129997425,0,0,0
89.37784045945834,0,6,13.383257663895975,0,0,0
113.18517342673489,13,8,17.359397497898623,0,1,0
1.672694755847062,16,1,42.14285387098162,0,0,0
71.76305845494883,12,9,204.10028000902182,0,0,0
25.682414705495766,18,8,12.262632227740324,0,0,0
103.61243415476919,22,4,213.09259728185364,0,0,0
19.160422253913374,14,5,62.648092698122795,0,0,0
117.4212527567719,13,5,87.45858777883397,0,0,0
48.89587009811018,1,2,4.695827321128948,0,0,0
276.0343817804307,6,9,17.8637695964799,0,0,0
14.794441343927895,16,6,2.9735042839506547,0,0,0
41.713243399517175,17,6,23.22470135111187,0,0,0
12.044428503699642,5,7,198.9339481243916,0,0,0
258.61903971507235,20,4,5.561835234811163,0,0,0
209.8333707160994,7,1,41.31939161510753,0,0,0
29.83273700614889,1,2,0.304456197906679,0,0,0
107.87627390439145,0,8,62.35842514478803,0,0,0
169.94840726392212,15,5,10.982027971289948,1,0,0
81.01323606865081,6,7,6.939231889318913,0,0,0
75.42794101939461,21,7,20.55035775806883,0,0,0
27.687704543790314,23,4,73.71133674607788,0,0,0
9.772614047494073,10,0,5.636775896705732,0,0,0
227.51232251945228,14,5,13.057784481333751,1,0,0
230.67744276484268,12,6,0.4250224137280754,0,0,0
100.26699194828848,23,8,172.75343037510143,0,0,0
41.40465098113239,1,1,44.842251549321574,0,0,0
42.95676158116439,13,1,63.63036492772365,0,0,0
129.4465429727118,23,9,52.68909357740004,0,0,0
227.40973491072523,5,0,7.79554400429069,1,0,0
218.1132569396613,8,4,45.18599620452567,0,0,0
151.3562191930903,6,1,7.044525669218374,0,0,0
102.7310693567705,17,2,25.64442533258817,0,0,0
8.789172619608406,23,1,42.07808305200796,0,0,0
17.62942146834115,8,3,40.92204286656697,0,0,0
228.82305001775057,22,2,6.339050021350951,0,1,0
93.24939469655895,3,8,1.7521430488229617,0,1,0
0.9239605610994409,8,9,80.03241122694045,1,0,0
10.699690143594932,3,1,64.71720679978947,0,0,0
0.5074437051797003,3,2,6.814790150223447,1,0,0
17.531581610419906,23,9,111.55220252453462,1,0,0
79.56978461389316,19,7,73.29478699438681,0,0,0
117.73152866548126,13,3,278.1180027558406,0,0,0
105.54414821352486,23,3,14.650642739897265,0,0,0
25.39498673080245,23,8,33.45229702943532,0,0,0
124.54172888985389,6,2,13.4894605080816,0,0,0
27.082375905280593,12,6,48.74900476709814,0,0,0
39.363490891808446,21,0,6.131790516075163,0,0,0
137.23575516657905,7,6,6.804915516634844,0,0,0
104.87738143027681,22,9,3.7301373408480427,0,0,0
189.1956077463401,4,1,59.14092093637462,0,0,0
107.18132881697625,11,5,34.06810268223635,0,0,0
84.00443055872574,12,8,48.08156478466215,0,0,0
9.835706144841048,19,5,105.72279109567093,0,0,0
45.84163072070201,13,2,67.4168924819066,0,0,0
30.816014785883116,17,0,30.96909147018318,1,0,0
27.970020366242128,23,3,207.88335401108736,0,0,0
361.23094061629257,19,3,30.463845856658935,0,0,0
49.938749704002376,3,7,5.9645589860936505,0,0,0
222.6055211248523,20,9,245.68505295770237,0,0,0
99.73343857364831,17,9,1.1542576755236955,0,0,0
158.38252526883997,6,6,39.912448649781346,0,0,0
69.84353243887705,14,9,18.487682695460556,0,0,0
86.0155902641585,20,6,35.01384191543738,0,1,0
67.82934333416935,5,6,40.90298570666773,0,0,0
21.72148953252385,15,1,13.728151648841955,0,0,0
128.1761803065804,19,8,40.69333619734004,0,0,0
32.957736836626296,23,5,70.54187720490633,0,0,0
2.4616481080688613,7,1,15.497054643231408,0,0,0
103.69687862952739,20,0,24.178857367854167,0,1,0
19.493357022482268,15,0,15.61531840166791,0,0,0
282.1083147273303,21,0,85.89564447986122,0,0,0
307.75624127880235,15,3,64.5459835715635,1,0,0
46.228739649736674,16,8,9.319484596399894,0,0,0
1.5577315371944382,8,0,3.8213596435502866,0,0,0
263.552345733189,2,2,6.356652649659498,0,0,0
55.89382770530613,19,2,8.778321177864111,0,0,0
340.0842016122056,6,7,38.08015202832619,0,0,0
331.37354761302055,17,1,176.87159899759658,0,0,0
191.7387017179419,11,5,22.09883720246199,0,0,0
34.87760681721603,18,3,159.11305666462118,0,0,0
48.62919320986936,15,9,1.9474788351418952,0,0,0
190.47266524780798,21,5,130.77733610272364,0,0,0
38.11462314307171,23,4,9.992877309852645,0,0,0
18.57186162957548,16,8,121.7915324490298,0,0,0
275.1293470807042,14,0,148.03703172384138,0,0,0
119.08255977579371,0,2,11.207093993847721,0,0,0
84.41123364356555,1,0,18.02798542755592,0,0,0
10.222819734932289,7,5,33.75969979821494,0,0,0
95.45307155177177,21,2,23.959959454337422,0,0,0
461.05697478463173,1,0,55.05997702545071,0,0,0
73.04953249815037,8,4,46.624370997169365,0,0,0
209.86086379007943,8,7,63.91424155860964,0,0,0
135.003424835367,12,1,4.606052291926157,0,0,0
119.4074425301673,5,7,49.41786644282819,0,0,0
121.22875562244899,14,4,30.243060373245807,0,0,0
44.549234231494914,18,7,108.482475481268,1,0,0
165.73745072597123,14,3,56.88649682842721,1,0,0
166.13281990870288,17,3,12.948493932780957,0,0,0
244.46159618366363,10,3,23.59005666320971,0,0,0
71.60932369329038,7,5,18.124845616784828,0,0,0
69.61843775511993,5,3,14.643363913991214,1,0,0
160.09499323084876,7,8,2.547231227460842,0,1,0
104.97190748878002,1,8,90.62250204776419,0,0,0
121.0550648511517,18,2,3.323100139680405,0,0,0
158.86194749542048,15,6,109.18036772084872,0,0,0
220.7323476346767,6,4,6.703170366994904,0,0,0
41.24824071376542,9,8,3.374436078462711,0,0,0
47.09367887275563,11,1,41.39164927518143,0,0,0
9.869603918736056,16,2,34.902136468881636,0,0,0
86.34140266094347,6,9,33.78841055754729,1,0,0
3.6604104210857,21,4,42.72502507057456,0,0,0
62.66069481821096,7,4,16.917662659548874,0,0,0
78.2294585687126,6,9,54.37609180048134,0,0,0
33.76306603145225,3,6,34.89815991967249,0,0,0
89.36325301461753,2,7,20.37912743700638,0,0,0
3.0975062101474546,18,7,87.57907619359693,0,0,0
3.806349928278938,14,0,65.0464178439252,0,1,0
172.93513695381358,3,0,25.01162497287126,0,0,0
44.65850242077447,8,2,94.06816717582677,0,0,0
13.588904129742799,12,0,126.44809961729449,0,0,0
73.86535882790156,17,0,38.48697133057822,0,0,0
24.311800342990335,15,7,123.72336047118412,0,1,0
97.52196186564929,0,0,10.50393966340716,0,0,0
8.921102898989728,3,8,2.4817454301849065,0,0,0
5.306509591030941,17,1,19.836692501597728,0,0,0
75.7908940625521,7,8,64.90801055165426,0,0,0
77.79104426947421,19,6,128.3757885240054,0,0,0
101.4537448204616,15,8,50.706983015754844,1,0,0
129.49605629166842,20,2,151.6598153739325,1,0,0
372.3557008699993,10,0,4.845969855185794,0,0,0
72.62911192303562,19,0,3.1338782675487904,0,0,0
39.00197141059788,20,9,46.3412954672261,0,1,0
158.56539797326863,20,5,169.24109350053996,0,0,0
31.585146543613728,20,6,34.930233173757294,0,0,0
57.798343127330135,18,8,2.6444771193367913,0,0,0
8.17051685836699,22,5,12.501248033636566,0,0,0
2.5677609541474378,18,4,14.038163560368409,1,0,0
328.7379923268602,17,1,20.613696465829985,0,0,0
180.77676421150625,18,1,2.2291290620040747,0,0,0
119.06427327993416,10,7,117.63747781541052,0,0,0
52.58596444651419,2,0,36.23849186054371,0,0,0
19.030653614210873,7,7,55.5743597287925,1,1,0
17.012074157285415,19,9,3.4767671921565007,0,0,0
28.80059891265836,18,6,2.781738818456098,0,0,0
79.67906483133146,9,6,44.150991405653116,0,0,0
125.38492877767757,15,4,109.14952296550663,0,0,0
107.93903496967985,4,2,37.589900181919674,0,0,0
32.84122613889959,19,6,105.11265697813599,0,0,0
309.81034985563065,8,6,83.29810453387961,0,0,0
133.90174048752263,7,6,3.9442489688734894,0,0,0
80.82304819313313,10,1,11.279669635435324,0,0,0
94.6030472037435,15,2,53.60494514755835,0,0,0
54.40378655320514,6,2,29.304529631813754,0,0,0
28.466129227406352,14,3,17.17382240229884,0,0,0
44.00141293231124,23,8,27.118726224478756,1,0,0
141.8181847756713,20,9,29.45734764808484,0,0,0
1.4498079720804276,19,0,120.70503161230705,0,0,0
12.338039223997605,22,6,5.460522731064013,1,0,0
4.709437695252053,16,6,16.406508705574126,1,1,0
4.1581451917292425,5,3,38.56244379066823,0,0,0
193.42030336156586,14,0,59.91394007039427,0,0,0
121.62406117006883,7,2,49.79880804886166,0,0,0
64.27845944128924,6,4,142.05857338119233,0,0,0
10.295691844781325,1,1,79.38600425531122,0,0,0
67.65179657972332,12,6,40.717949108208494,0,0,0
64.14503320943712,22,9,12.08337142218599,0,0,0
19.019471280022497,5,9,29.971388850497032,0,0,0
56.88991313023239,4,6,59.10767011329329,0,0,0
50.83366145832069,19,9,90.99627411689234,0,0,0
95.67224329131345,0,4,160.61515416481978,0,0,0
100.81145360409121,17,9,46.500820745376906,0,0,0
4.636232402053473,14,5,37.42447171017745,0,0,0
46.938400465506156,22,0,0.8925147959754536,0,0,0
98.31249947827285,9,3,3.741515372223932,0,1,0
194.13494531754387,4,7,2.8158171341093055,0,0,0
107.49747640549978,23,1,25.61326955376217,0,0,0
17.785286876730733,12,0,20.53985578688475,0,0,0
7.318243625624084,7,6,50.71642812379896,0,1,0
2.6869072667394427,20,4,45.31340129436538,1,0,0
88.13473778072907,1,7,31.93079099767501,0,0,0
281.7255455387152,8,1,16.26830730844886,0,0,0
85.67824455775444,16,1,152.69489319403738,0,0,0
49.13006922239072,17,8,4.518623306890469,0,0,0
103.08271578449819,12,0,139.75480576966362,0,0,0
61.29559740510913,0,5,18.642978192063218,0,0,0
78.88143605763202,11,2,35.93981066886621,0,0,0
283.81271462329994,19,4,5.76169503222693,0,0,0
48.792752735018716,19,7,3.678617155252379,0,0,0
324.9091861506754,20,6,28.066088878306083,0,0,0
235.75761837699193,4,3,67.68117108358398,0,0,0
21.789626094045,7,7,15.692047773722553,0,0,0
7.188415530315702,14,9,41.31654755892226,0,0,0
10.622533548163021,2,1,16.33156473268537,1,0,0
1.8389887847233704,5,6,24.601261601274068,0,0,0
9.920501165575415,12,4,118.46099367347789,0,0,0
7.384962694642702,18,2,36.285330982653704,0,0,0
186.3526040097277,23,6,10.732976675186286,0,0,0
2.354700318071151,0,6,154.05073334384528,0,0,0
168.45305061859585,6,1,11.327253779116793,0,0,0
33.10834668396295,11,0,82.55684553729623,0,0,0
12.575011982910764,9,9,23.020110302136654,0,0,0
119.31554084399134,11,1,212.23459066699263,0,0,0
99.13991764332202,10,7,22.95561699137404,0,0,0
209.94158140869467,3,9,21.655945574992593,0,0,0
132.82935787644004,18,2,50.73152377949225,0,0,0
162.69958059939782,5,3,162.8766834379706,0,0,0
33.13338623067386,8,7,186.92366923336118,0,0,0
19.533329604044695,19,2,61.41432445736849,0,0,0
138.87563960054248,9,5,70.24458434401056,0,0,0
164.42091832434195,4,1,41.43714093919765,0,0,0
465.70048901402305,12,2,70.48341869439021,0,0,0
53.2079354152605,8,0,98.22701002882968,1,0,0
46.52439119617327,1,8,33.28587227473632,0,0,0
149.7954503343587,17,3,48.36108128500757,1,0,0
41.67336709307531,20,5,38.53562329591164,0,0,0
267.0137924399326,0,6,41.33057031814501,0,0,0
195.48391571662492,23,1,110.38552761876232,0,0,0
56.035560944215966,20,7,21.97308728289176,0,0,0
138.97847164954612,11,8,11.671313486139473,0,0,0
140.4632986855017,9,9,30.466053666418837,0,0,0
232.8445680867632,8,4,34.497656913613866,0,0,0
70.37074897567544,1,1,116.91481337511149,0,0,0
175.133255752333,22,4,48.042641907864514,0,0,0
38.57354261645083,23,6,96.70055981688441,0,0,0
225.87905145459263,21,5,9.087541161597871,0,0,0
49.29884540601712,13,3,115.56797001297991,0,1,0
1.0896806615175478,10,1,46.038432691808836,0,0,0
235.79072969624536,22,6,1.6137535181301497,0,0,0
9.572561054847526,10,9,50.135880615536784,0,0,0
38.46536333850389,16,8,151.20345608302947,0,0,0
299.69723831882857,3,0,4.123829216574236,1,0,0
300.79495401039895,12,2,43.66828317459055,0,0,0
85.19972910552637,6,6,123.53752780985769,0,0,0
99.92300803905246,15,8,0.4871236237467962,0,0,0
59.50146636228576,0,4,49.836134557060106,0,0,0
34.7022778746197,12,6,32.20854614544065,0,0,0
39.84863345503897,0,9,21.30808962433346,0,0,0
111.63235799285063,10,6,49.38081027728892,0,0,0
139.58378736630772,5,3,2.7070828608084403,0,0,0
156.81954162211485,19,4,69.93111115313168,0,1,0
155.88310318487416,2,1,0.22447699193825668,0,0,0
9.563694654031945,11,7,18.331628114513833,0,0,0
68.20495965733559,4,0,35.05479819846741,0,0,0
5.928170644873779,8,1,23.662223801379685,0,0,0
79.74613156953929,11,2,18.370614545938736,0,0,0
58.255527498728355,9,6,88.8440784459178,0,0,0
218.66186642208012,18,5,136.5397770145633,0,0,0
43.21916194678851,4,6,103.45978446977782,0,0,0
12.450597755245086,4,4,36.95236411953173,0,0,0
15.430765454211937,8,3,107.7790696877854,0,0,0
143.34305470790937,19,6,126.82783102982616,0,0,0
96.2905679748035,16,2,26.317136102709664,0,0,0
10.660871224538544,9,9,16.665073605991168,0,0,0
8.785552166860509,20,6,5.171741095024308,0,0,0
120.72084716530998,0,1,32.60908423755062,0,0,0
7.554608952579714,21,7,146.21424657982828,0,0,0
122.4999753130005,14,2,55.06511043097911,1,1,0
8.484875058031207,22,2,5.988966135773167,0,0,0
431.54585620580923,19,2,31.225222967991996,1,0,0
46.883758255228955,12,5,151.0676848260792,0,0,0
46.305526047531245,0,1,22.375692863552917,0,0,0
167.55754032826772,7,7,104.97569912617455,0,0,0
294.21645379632434,4,8,6.408068618547934,0,0,0
426.8773939601984,5,6,47.9882608765298,0,0,0
139.98992301163418,22,2,45.89121747705406,0,0,0
47.202099961912566,19,9,98.26093069857768,0,1,0
150.12425404546258,21,9,10.531833669470185,0,0,0
55.20331253049737,10,8,149.75271326341553,0,0,0
236.82376754780904,5,4,8.343693824666394,0,0,0
11.788020797188024,10,1,1.883138580203979,0,1,0
67.85051093729543,12,9,38.22802338116273,0,0,0
1.1418589432541668,11,5,37.59800885162754,0,0,0
63.235436958292624,21,6,92.91001885553433,0,0,0
5.795043106592577,1,1,148.659073433075,0,0,0
12.649099593117121,20,0,38.66858480315704,0,0,0
12.502623200745628,2,6,132.95884660477225,0,0,0
104.75683864069715,22,0,64.57815404224748,0,0,0
137.05977175964728,3,2,15.364256686828872,0,0,0
327.4720209102377,21,1,55.04722673933096,0,0,0
46.97965779202672,5,6,26.729960527931794,0,0,0
33.646915742055874,6,4,57.00955418024899,0,0,0
202.95025381702297,14,0,25.650803363813996,0,0,0
25.308206773185336,10,7,6.062288148454217,0,0,0
330.2870106251911,23,9,63.466248984299426,0,0,0
1.2228944358969307,2,6,86.88846021552197,0,0,0
350.25269228794815,5,3,65.24607904591218,0,0,0
221.77212291600088,13,6,156.9051462820242,0,0,0
75.01432503493903,8,1,1.27894654939701,1,0,0
495.68286079260326,17,5,20.224676315505754,0,0,0
7.666137595445494,18,0,15.061500605982975,0,0,0
80.71096637333488,11,6,2.466142250713942,0,0,0
348.3575221256005,12,6,26.021050041015226,0,0,0
74.0443933181044,11,3,48.7907376877663,0,0,0
99.26282903811874,11,3,107.08834743175282,0,0,0
118.99012381167742,17,9,228.7306726915832,0,0,0
60.61277556769509,8,4,82.53633058501576,0,0,0
98.76741730080221,16,1,31.61958894951421,0,0,0
87.78258618057556,20,8,64.31420329409328,0,0,0
231.42327694826474,15,9,92.7745281698116,0,0,0
4.6511461743480975,16,3,31.30314479574411,0,1,0
32.98427258987584,20,8,76.86852322121388,0,0,0
300.39960058609313,23,2,32.95201626826844,0,0,0
220.9675828453486,7,8,24.428424000712752,0,0,0
60.817526195962,10,0,37.336980827326705,0,0,0
96.79330287389773,23,6,56.328176150374475,0,0,0
32.48734198951301,1,3,64.89257744787282,0,0,0
20.84041614360645,7,6,22.06002407960034,0,0,0
87.6243706006643,0,3,187.14123437482468,0,0,0
8.09222844331848,22,3,12.889861390654225,0,0,0
366.4960122522567,12,7,10.711121017144677,0,0,0
428.38655755525383,21,6,56.45650789809961,0,0,0
119.78638819127893,20,3,26.780160579085216,0,0,0
76.80784344120899,16,5,1.226026213850259,0,0,0
37.037930155436,13,5,21.298332083639284,0,0,0
168.09071674879968,13,0,82.18716956117436,0,0,0
115.43295836488157,15,1,79.83273099539326,0,0,0
17.747365410048836,16,3,34.12867881460376,0,0,0
241.83010919991276,5,5,31.98770842048706,1,0,0
172.89945113672712,6,5,43.316424936868145,0,0,0
299.1738525033436,0,0,12.384410512992167,0,0,0
129.36040041961343,14,7,37.33199985787633,0,0,0
95.04040195913728,19,1,0.5553912073677154,0,0,0
54.170250659311336,20,4,32.27117017068183,0,1,0
269.9018361547118,17,3,20.47750046721524,0,0,0
201.039238004692,12,4,56.176448225626544,0,0,0
4.627293865312279,23,4,50.854414814604795,0,1,0
2.6720816866511363,1,9,23.969245220861207,0,0,0
47.234776158326284,18,7,0.3649779274911332,0,0,0
166.36477229960863,14,9,14.535909131666209,0,0,0
436.4275468220168,11,6,50.16708505362671,0,0,0
16.30095099344797,14,8,3.7562968215066426,0,0,0
90.17241302157358,17,0,5.694417717299294,1,0,0
47.947369975809615,13,5,52.06932233541174,0,0,0
350.3708554375963,5,5,70.48171164844109,0,0,0
184.59132074336347,11,1,19.39720320080988,0,0,0
182.21900464698572,19,7,33.635185532026426,0,0,0
63.24155711397735,22,5,145.672018691587,0,0,0
53.5834936327349,5,9,145.517710145469,0,1,0
31.93888921500612,8,8,18.372552368702788,1,0,0
5.802696384483622,3,9,83.03336965791304,0,0,0
200.04261400033104,16,4,45.06321639528788,0,0,0
817.2445597818082,15,5,32.46738385338294,1,0,0
569.4873400744333,23,4,74.5176457938515,0,0,0
81.0651592641394,13,5,73.0804578998118,0,0,0
146.52830902062607,7,3,34.401302561103,0,0,0
289.6171682874436,13,2,79.39118808642066,0,0,0
189.47720147092457,1,0,15.125596887332533,0,0,0
28.415244458114653,15,0,6.519846155693182,0,0,0
59.88268273998645,3,5,27.68350260269999,0,0,0
13.829634431308865,0,8,143.79149127960136,0,0,0
308.0223786441709,22,7,34.731875347494764,0,0,0
93.18477025886182,19,1,50.428407322130184,0,0,0
25.96037254184837,13,8,48.929914627169126,0,0,0
111.38295391732503,7,7,7.111188377077031,0,0,0
96.26704347430717,2,8,24.739156635481727,0,1,0
44.342046229710604,4,3,61.3687204054993,0,0,0
12.053912139846927,5,8,178.75986045997894,0,0,0
111.34412835191021,21,1,9.197207922837269,0,0,0
73.46104241860377,7,0,26.419099468725232,0,1,0
147.9807080960515,5,8,4.996199342235485,0,0,0
73.4309860423515,5,9,13.878433266216602,0,0,0
191.1770111308484,3,7,23.641127399415687,0,0,0
80.27541190214875,6,6,38.89640666188602,0,0,0
82.31145809801471,23,7,13.105062298534692,0,0,0
209.27586432297716,18,0,12.910219414731728,0,0,0
51.6647313988117,6,8,75.2156165250979,0,0,0
14.388795539029894,2,9,164.3599589019158,0,0,0
140.70574526625856,0,8,58.23632551019767,0,0,0
96.83989670606796,0,5,14.925724009119914,0,0,0
121.76653477978765,13,3,131.52131271296483,0,0,0
23.948149349344348,5,1,55.874827994423285,0,0,0
43.168726151506924,3,0,45.62813052820733,0,0,0
89.13973756649446,5,8,37.49776493185967,1,0,0
49.79818675611507,15,2,17.336011907340314,0,0,0
57.53195628284312,20,3,15.219712987937605,0,0,0
234.50615229814414,0,4,43.37798112920352,0,0,0
42.81026144251117,5,2,61.291434857718386,0,0,0
72.15250280723211,8,3,1.6867726029556478,0,0,0
153.08717377197016,14,4,41.89727111257141,1,1,0
50.50801312991797,11,0,9.344169042258308,0,0,0
97.30904753530854,2,8,7.562237969529346,0,1,0
198.31406436843068,10,9,48.79135431599499,0,0,0
298.6190415374668,14,9,18.616275830788158,0,1,0
15.908187931483598,2,3,29.06957883904211,0,0,0
261.1662763042079,13,8,22.314262118989745,0,0,0
67.75027809955306,1,3,52.254000755043016,0,0,0
29.873545435139576,3,0,31.755213584109704,0,0,0
61.45869673706975,18,4,165.46555561677877,0,0,0
391.36530975805914,11,8,21.722771739102807,0,0,0
67.84912926673597,1,2,67.40839313984424,1,0,0
39.86160321004998,16,4,14.87265385316803,1,0,0
100.34862739576596,2,2,35.54042056203321,0,0,0
27.462846771560294,9,2,40.21173117941078,0,0,0
7.889530497623504,15,0,19.95745091293845,0,0,0
13.797521971241586,21,1,31.912170835120595,0,0,0
13.701842406700711,8,1,16.37513383615032,1,0,0
16.475990155667297,10,8,0.30094293591041155,0,0,0
14.946006606751656,20,6,12.144888218533653,0,0,0
102.40840510758065,14,7,60.209336775912526,0,0,0
20.074635703448163,2,1,73.69359116663152,0,0,0
42.413931579480526,15,8,16.439293329449264,0,0,0
227.09741251283577,20,2,26.21606399373403,0,0,0
64.23811416465936,20,9,1.904082433888164,0,0,0
18.91285171132165,11,0,75.52926512533583,0,0,0
21.355098099509505,22,8,46.56847616241727,0,0,0
4.17272127175653,4,7,11.519142216051177,1,0,0
18.504734406558086,6,3,14.882714515467152,0,0,0
32.65481186311455,8,6,84.85939346612548,1,0,0
19.481181748310796,20,2,11.728188406929823,1,0,0
12.855621349335253,20,3,54.58561119631922,0,0,0
61.76293433653791,7,1,41.17559512861976,0,0,0
23.109220634509658,11,9,30.889946522304967,0,0,0
45.29811155109185,19,3,114.99996743557561,0,0,0
70.00051847143304,1,9,12.404511326470843,1,0,0
117.24574340125422,9,2,67.6274866546507,0,0,0
4.010573010001543,18,7,8.661976612848768,0,0,0
160.64942438261195,8,1,47.82099122663898,1,0,0
98.85936903672963,23,8,102.25145054785045,0,0,0
8.529543037633426,7,2,30.615404317684703,0,0,0
253.6693546378928,23,9,85.84930568854932,0,0,0
6.30228275601634,23,9,7.310654749743471,0,0,0
32.41768431286508,0,2,61.17934466778729,0,0,0
164.09351832266427,5,2,126.18717080185043,0,0,0
137.93572402143084,11,7,42.94481429143504,0,1,0
20.397963206180048,23,7,10.297255090556453,0,0,0
23.489903118153325,18,5,6.787694832979772,0,0,0
46.27851100243697,16,3,15.03737475990693,0,0,0
66.26625646686144,1,0,5.463589347872588,0,0,0
96.3001834058552,10,3,36.015033268170995,0,0,0
46.03125630003512,17,7,3.612659888255005,0,0,0
62.08911092209176,22,5,12.641790834035119,0,0,0
137.62289403898424,21,1,28.98292932268521,0,0,0
3.7372952321478463,10,2,32.11460039487719,1,0,0
29.093662188239723,17,6,41.66628627699689,0,0,0
124.94918749560257,7,3,61.14333589899598,0,0,0
225.57667543306135,14,3,2.4190159907922464,0,0,0
71.67791122084009,8,4,4.202839241808177,0,0,0
75.95295023530689,14,7,3.139490647224261,0,0,0
11.336133854066338,6,6,27.508677924205166,0,0,0
59.314324608355086,19,8,2.1374396094813286,0,0,0
76.060679905529,12,4,68.53705056563795,0,0,0
27.76928032606533,12,0,12.615758080563538,0,0,0
31.367461187854385,0,3,140.01854964335115,0,1,0
47.3664984802472,19,5,33.315891897963255,0,0,0
2.0275360750314513,3,5,29.558938298665822,0,0,0
38.872476125613574,23,8,75.82896691336788,0,0,0
23.755693562362985,3,9,62.44048682248526,0,0,0
39.67492302319827,3,4,46.736617009737685,0,0,0
12.756310328478126,12,4,136.7813789614949,0,0,0
221.20798999430247,1,5,27.431502967912145,0,0,0
90.03988138795597,22,5,82.65164463877679,1,0,0
113.66329578930316,14,2,23.909286233712823,0,0,0
155.67090323777913,3,5,91.11475077393439,0,0,0
69.00364218488852,5,7,15.019769191505555,0,0,0
9.093209451745585,2,5,17.072927480665218,0,0,0
77.02583632948226,6,4,56.63993208198265,0,0,0
88.39230578713736,5,2,11.958139785073648,0,0,0
136.82166488084093,2,0,13.013345429493539,0,0,0
56.50346493829821,3,4,18.211055021653284,0,0,0
13.648466672931223,9,5,56.804613954952146,0,0,0
33.37621802617039,20,5,110.08637661232228,0,0,0
45.111482547462344,8,5,56.13003382492199,0,0,0
103.82246116218616,5,2,87.95907050892072,0,0,0
84.57817212014196,19,3,39.21496571797538,0,1,0
44.020675965180615,10,2,3.570676804421132,0,0,0
430.6195772169812,6,1,5.293933133001259,0,0,0
93.08330084672093,17,7,40.41577943307576,1,0,0
27.079452875679994,3,6,19.860040234750542,0,0,0
10.734300462488685,4,7,12.459496208599306,0,0,0
16.58882925898259,3,5,31.392034653822222,0,0,0
17.516487495429402,12,0,24.305995907445396,0,0,0
20.64917454545804,15,9,81.11153389120331,0,0,0
33.56058482154465,13,4,67.0704948225636,0,0,0
19.0402433662887,10,3,66.38521525857685,0,0,0
227.07514493559154,1,9,210.6215848667881,0,0,0
8.363571259200016,21,2,17.49418692126951,0,0,0
74.34123501127027,13,1,51.74323959457996,0,0,0
52.830555648930236,23,8,96.71629437892302,0,0,0
403.86421660159203,23,7,43.3184454034064,0,0,0
11.88273456974049,6,9,77.9139981876741,0,0,0
50.72579937424304,10,1,26.760371773490597,0,0,0
348.9059664126715,3,5,44.639862099011516,0,0,0
200.62440619681547,6,2,2.8637888906883093,0,0,0
169.86630340361793,15,2,212.6117316300304,1,0,0
18.739953278648755,5,6,101.55507741975309,0,0,0
265.0385094959955,23,9,10.292819011781125,0,0,0
81.36504219047423,7,0,1.5760009931374885,0,0,0
84.77275614585865,6,6,99.99700418684215,0,0,0
32.847503081065085,23,6,25.236433545387797,0,0,0
146.74737584120885,13,5,15.317079238360309,0,0,0
20.707798214607084,8,5,41.23949889535326,1,0,0
39.108781311923266,14,1,27.31387766694498,0,0,0
55.414455006983054,21,2,52.729673849868675,0,0,0
70.84849626446984,17,2,33.06239413145883,0,0,0
27.76125835696058,11,2,59.73961050204484,0,0,0
12.198327214413544,22,1,96.0103115010695,0,0,0
94.31996574293565,18,8,10.880259006970814,1,0,0
34.05633684365418,12,5,19.98157388570548,1,0,0
87.04530682924437,6,1,28.707407477007745,1,0,0
65.61213780285276,9,9,22.732789690646424,0,0,0
76.05472481290778,1,5,23.990566360657333,0,0,0
5.321465145712133,13,3,52.989658233907946,0,1,0
41.03836013804232,12,6,27.16741579854497,0,0,0
14.43493268319316,21,5,151.0255837761179,0,0,0
6.5472258772524885,5,5,112.43741303301024,1,0,0
460.1201311395324,8,2,36.01654438959351,0,0,0
38.913002251942025,12,7,51.75022730244131,0,0,0
166.00706137698987,8,8,2.9891224272632346,0,0,0
29.38888342934014,12,5,59.49207746344457,0,0,0
114.41413510203515,4,1,61.41342391413658,0,0,0
142.80662228282085,13,0,22.251839202254185,0,0,0
90.54465941691397,4,2,12.40274412333114,0,0,0
63.785664404527175,8,2,123.3013411229307,1,0,0
53.075781350537774,7,7,27.81773437586295,0,0,0
42.90433017039748,6,4,53.0233728189885,0,0,0
265.2556048220781,7,0,1.6948428417276562,0,0,0
177.5607071141798,21,3,26.727505735307787,0,0,0
335.31763894156916,2,6,84.98421974984,0,0,0
13.272854183610555,22,4,24.516521327449027,0,0,0
131.25513634605076,23,9,46.211251282102786,0,0,0
278.61272652612405,14,5,11.776990957280164,0,0,0
19.995580970079768,7,9,26.93773925508973,0,0,0
6.881031747249687,0,3,131.30350414633395,0,0,0
135.1393153188622,6,1,41.78760924604293,0,0,0
85.44271441986697,18,8,116.10443238823865,0,0,0
15.05582464141926,13,1,144.25231853081462,0,1,0
158.6050111031868,17,1,112.87659994909774,0,0,0
22.517977306702296,14,0,0.16432618589057701,0,0,0
17.8715198965518,13,2,135.91630962190953,1,0,0
17.94446565599507,23,5,7.393655201748708,0,0,0
168.51032825640087,18,6,2.0372587855838598,0,0,0
109.42136390159689,18,0,2.849079186721403,0,0,0
44.44614016780682,16,4,48.48511410237362,0,0,0
209.72026672943323,21,0,25.734252800048257,1,0,0
49.83127496974449,18,3,1.294323335815475,0,0,0
169.60826628480697,15,9,32.35925383403025,0,0,0
57.827488111388035,19,0,29.181532459930757,0,0,0
47.311956581773714,18,0,70.70368606873026,0,0,0
62.11610598996026,0,6,16.398328518671846,1,0,0
35.864527543064206,18,6,12.265059803812882,0,0,0
137.67773129369394,6,2,14.78161006905391,0,0,0
69.8602815695596,22,6,18.101593521985894,1,0,0
26.424253099706522,10,2,45.71025458761358,1,0,0
229.83398495505836,4,1,31.888034853562186,0,1,0
48.43317423587113,16,9,20.541063728022966,0,0,0
78.42823821777635,10,3,23.44534420722299,0,0,0
236.94956087096264,23,9,23.175133132460818,0,1,0
97.87993038573308,7,2,179.5091048824983,0,0,0
12.431461585777976,9,6,13.263227535168188,1,1,0
281.0616683932209,11,0,85.2043446188331,0,0,0
98.80769289348262,9,5,61.58618920249448,0,0,0
40.78263155513094,12,1,0.27927879647741255,0,0,0
14.997682061642582,17,7,249.36707168827627,0,0,0
158.0001395680267,9,4,70.61946881073877,0,0,0
96.77755075628524,18,2,57.355934505349325,0,0,0
76.24138580490282,19,9,25.986987479370633,0,0,0
224.33033305364455,16,6,40.506874028571396,0,0,0
155.3990013696072,19,1,14.602640221167567,0,0,0
16.449132012634088,15,4,1.8064120564655912,0,0,0
37.35625513958005,4,7,90.40104617870364,0,0,0
28.566961854883793,2,0,113.40169289964734,0,0,0
136.23680618684116,14,0,8.864947756920651,0,0,0
3.410753985783793,1,2,77.33632543681705,0,0,0
84.3713556386143,12,2,67.57584316175056,0,0,0
143.74137158597787,21,6,9.823559737740649,0,0,0
209.3667344385938,7,5,27.39426324240951,1,0,0
41.86745935450927,22,6,27.474677625592065,0,0,0
172.1807963541003,16,3,71.3483721500026,0,0,0
11.724388509877734,3,1,90.90339785824149,0,0,0
187.37439572116875,18,1,4.978594074949482,0,0,0
13.637963052807084,21,9,41.387584284383856,0,0,0
50.63146312098643,8,0,71.72142138348813,0,0,0
159.600536332649,22,8,77.13351436381947,0,0,0
16.242178992041616,14,6,8.008057587395607,0,0,0
26.039302244475092,8,9,37.27522500431772,0,0,0
128.10430976449055,23,2,97.44126693166693,0,0,0
127.30961719916947,20,1,19.174314329802986,0,1,0
118.4001709087617,13,6,81.57357170705285,0,0,0
78.24691011956382,22,4,4.678158999982669,0,0,0
42.41831937932634,15,8,18.637074459130815,0,0,0
20.040127451653184,23,1,0.0725684659107946,0,0,0
239.08761393236517,22,6,13.339044599853397,0,0,0
87.56090546365985,16,9,4.688104185437176,0,0,0
51.224565947902235,12,5,4.846744831904156,0,0,0
61.99075063211633,8,5,59.0186303276653,0,0,0
294.2823736997211,14,6,12.038418983835648,0,0,0
16.646955012850068,6,5,136.47060985649597,0,0,0
88.24446091085541,0,1,36.32946395119039,0,0,0
70.49944407931773,0,4,30.818405757808563,0,0,0
94.53443180030727,4,2,28.48311209311917,1,0,0
1.8276180406497236,23,8,58.978261971000656,0,0,0
205.66935225406965,8,7,30.097980034209254,0,0,0
268.9988536691252,11,9,6.882728704764453,0,0,0
83.27154639433977,5,1,106.08497026198978,0,0,0
119.28707405259583,12,0,27.96538480102569,0,1,0
255.74693578456262,7,3,3.8442992854160045,0,0,0
122.83974533925182,14,3,37.68372652700905,1,0,0
16.551050912412173,5,9,52.11351534880158,0,0,0
85.87021498525603,5,1,16.1193672931776,0,0,0
93.3220857034015,3,6,80.55707004581413,0,0,0
55.18745039228211,10,2,55.39918003391294,0,0,0
272.3676885762475,17,6,27.307526022371515,0,0,0
259.78762130541173,2,0,163.39713446809705,1,0,0
59.936429630361765,2,5,16.023293001152926,0,0,0
12.017870455178418,11,3,43.102617172415286,0,0,0
418.91739891207067,20,7,18.484764054076717,0,0,0
182.5718110818443,20,7,68.28631760908127,0,0,0
13.31459597170634,5,2,2.4485619313024736,0,0,0
253.6307940963276,20,3,2.3490182057381244,0,0,0
203.94239312268633,5,0,83.26364616699884,0,0,0
73.15513859686492,7,9,28.4817547923746,0,0,0
89.47137868290748,14,1,20.865250289418064,0,0,0
50.916484340901356,17,6,46.76435913824944,0,0,0
5.631814924329379,19,6,60.51620386285854,0,0,0
40.82648863007412,15,8,11.232318176326677,0,0,0
162.38079110661786,5,9,10.254821816910114,0,0,0
0.4642784066342885,20,8,158.68406749129554,0,0,0
40.57138965901687,16,8,44.53898446866224,1,0,0
50.77780948546782,8,5,24.724364321570402,0,0,0
77.08830241238817,18,7,80.833624618017,0,0,0
252.39254761530415,17,8,37.23875905070477,0,0,0
42.51771108907901,22,6,13.83135755288967,0,0,0
42.610648595849526,4,3,11.579916222202122,0,0,0
133.75089516655657,5,3,25.28023600247905,0,0,0
60.18777734923394,11,5,98.2684638804741,0,0,0
25.43824737027254,10,3,3.1708463736421657,0,0,0
60.22823505761551,15,6,12.328669999683482,0,0,0
15.181992193138704,19,7,111.81731599237561,0,0,0
19.405450320809674,16,7,6.49032088937975,0,0,0
68.98880428028177,19,7,49.66206061896508,0,0,0
54.2876216256007,8,1,12.008850532593513,1,0,0
246.32927352528128,0,9,46.55332381495813,0,0,0
45.00345830397283,2,1,24.15275486391519,0,0,0
86.8902383785272,20,1,5.361273593237127,0,0,0
100.0390772517848,22,1,43.67055090205117,0,0,0
1.3180944825659227,8,3,57.449418152252704,0,0,0
108.9268197035989,21,4,57.0143290279369,0,0,0
19.60586401992482,18,3,50.6723620022066,0,0,0
324.59982722724266,12,4,34.679842175713574,0,0,0
16.09469043101801,22,3,36.643553167461796,0,0,0
53.55011145366069,13,6,50.48065952388659,0,0,0
8.921343765050313,19,9,58.60099912430875,0,0,0
576.8081615150759,18,0,53.19268235050117,0,0,0
69.75468656582261,22,0,44.208794531142374,0,0,0
90.48193240889458,6,1,8.470601314161295,0,0,0
6.943205082825417,3,0,11.825153334294217,0,0,0
138.61362552159991,11,9,15.070393487254455,1,0,0
23.56028382502632,22,9,126.07541380986393,0,1,0
228.33148568116303,13,2,71.22995379016378,1,0,0
22.958882816083335,1,5,40.24493929371063,0,0,0
21.157042980881585,0,9,14.521420579160157,0,0,0
63.87857932954639,19,0,114.51268489685569,0,0,0
83.20441036761805,7,5,111.59049791812903,0,0,0
6.796694017915647,2,4,5.865784501850736,0,0,0
149.40025935983724,5,6,79.78085953025328,0,1,0
60.38346502936217,21,5,29.587782784686706,0,0,0
74.31576545925968,12,6,19.57566441021822,0,0,0
58.11814717875803,8,1,67.18177368810969,0,0,0
51.20982012749214,8,0,47.638600373655024,0,0,0
82.01634571378747,19,6,75.7132297345974,0,0,0
16.87030067609555,8,8,3.861812424288464,0,0,0
20.08050862086255,14,1,19.179336242876825,0,0,0
197.89493282961402,12,6,19.232917668831234,1,0,0
46.73021874751386,15,5,34.90596331022379,1,0,0
31.5731365692666,1,2,16.63493448633725,0,0,0
52.54895676072463,5,4,22.925701855672145,0,0,0
2.571414873264703,1,1,66.4571619914232,0,0,0
16.978360329951062,7,7,46.25406223279532,0,0,0
125.86832598530455,3,7,53.01230360888503,0,0,0
107.56497823175357,20,6,11.82308566143089,0,0,0
2.7469857884440096,23,5,19.689340680457242,0,1,0
26.2761578950931,10,7,5.735465504965308,0,0,0
111.44147228278518,23,0,15.397928375522158,1,0,0
1.9907381292139406,13,7,3.3852415666694586,0,0,0
10.993605860137281,11,1,46.14467415127189,0,0,0
160.90184272962415,15,7,314.09394206938003,0,0,0
19.667770945178535,5,9,5.313335977127602,0,0,0
105.76990889205769,19,3,86.08282025904344,0,0,0
27.20486222089952,0,6,6.3244550941483,0,0,0
10.474003348487132,11,4,55.420105467846234,0,0,0
27.861951641144728,6,7,51.52305299141175,0,0,0
128.1094813097032,7,5,116.5065176164874,0,0,0
193.58363374539294,8,4,6.048847307660475,0,0,0
177.32509999755644,1,0,18.94927534559087,0,1,0
50.61424894750884,16,2,4.758396315649342,0,0,0
110.2876778404595,19,9,26.160375344260956,0,0,0
22.939341032898078,12,8,121.2903045059585,0,0,0
34.69335886125168,4,8,76.05376122882862,0,0,0
1.3087188396285003,11,2,38.07424599850028,0,0,0
8.938713963044913,16,5,107.48708150392741,0,0,0
23.30502802398152,20,4,29.841130157119956,0,0,0
2.6890535224316885,5,0,8.107459722359486,0,0,0
20.020300329027275,2,1,90.88009323791802,0,0,0
87.47687287443667,14,4,16.400093547159702,0,0,0
54.71863183678004,6,8,2.756270379445119,1,0,0
170.06959030194784,3,8,46.95992055768561,0,0,0
41.8272805169032,18,2,46.70771242301558,0,0,0
30.032625214727855,4,0,15.067632595669512,1,0,0
47.753980810853776,2,5,64.94717921007616,0,0,0
89.23177501433052,8,9,74.28146566115224,0,0,0
31.206170981527286,5,6,126.60156454973648,0,0,0
97.85622455470876,12,3,43.96630822483566,0,0,0
52.663603927981114,21,9,75.57550447960772,0,0,0
80.30673665148444,19,4,69.9385292817813,0,0,0
57.29253950911121,3,3,14.907436092179063,0,0,0
34.87999752623331,1,2,18.569558340101764,0,0,0
296.52672211522037,3,0,32.55061240827332,0,0,0
144.2254503732636,7,5,0.9611271228880358,0,0,0
15.095449812302085,12,9,17.648218486217676,1,0,0
202.85049277193238,9,4,32.11157083910801,0,0,0
66.83203296619165,17,0,5.718341735627417,0,0,0
224.95394902897434,8,4,6.749530711399077,0,0,0
55.37566192586073,12,9,65.64569568622272,0,0,0
2.272558947754012,17,4,89.71280844572837,0,0,0
31.290054777648667,14,0,39.51748621331907,1,0,0
78.00877556797963,1,4,32.1939505847178,0,0,0
100.36973319345364,10,9,24.24819437423119,0,0,0
29.825467992893888,13,0,10.718420315630505,0,0,0
15.007441883071554,21,2,7.924119237299027,1,0,0
180.13870871623917,14,1,78.48597473036705,0,0,0
416.06241631872336,13,0,31.275046441077098,0,0,0
74.5894546972087,15,3,78.10869453514307,0,0,0
18.83548636600739,22,1,60.88381953521829,0,0,0
31.787647172893287,14,4,10.777120316550224,0,0,0
245.6888527693557,8,0,29.3508448005526,0,0,0
12.5281043846203,4,9,27.571401745750485,0,0,0
85.92406688681558,4,0,39.106685256640986,0,0,0
32.02813286027929,10,9,201.0971981930973,0,0,0
80.78355154069853,19,3,83.80576200496031,0,0,0
105.3888633986027,23,6,117.02080306231784,0,0,0
177.043919242236,3,1,1.5043856380687597,0,0,0
23.120252750453584,19,1,7.560704521046375,0,0,0
1.1056729631697195,17,0,4.428647611122068,0,0,0
14.720807068739052,2,4,15.274043781697252,0,0,0
230.27715288531817,3,5,29.160183421612167,0,0,0
207.06013520531226,13,5,51.36855200563838,0,1,0
90.98443101964925,6,1,34.74055483370475,0,0,0
91.75837185053469,7,6,116.74710651256662,0,0,0
109.37342294075125,23,5,140.55064543492932,0,0,0
19.282202863855215,15,7,8.927690256503976,0,0,0
245.82095607713015,19,5,95.83652442197737,0,0,0
54.260963434631805,14,8,32.86219473919121,0,0,0
48.311079932786846,6,9,30.195449109681793,0,0,0
73.1716932622681,16,1,76.84175952827209,0,0,0
4.810466429197722,21,6,4.888387856225898,0,0,0
18.186170504927233,21,4,107.06292285292915,0,0,0
133.95390904239633,21,0,55.56411393616176,0,0,0
8.642827567184359,11,2,104.07682980191917,1,0,0
92.42022189851156,17,3,259.946934693206,0,0,0
28.150003360044078,23,1,36.49102011149564,0,0,0
34.0652191954146,14,0,9.107510349611712,0,0,0
43.95484777228535,14,2,19.549881619493796,0,0,0
126.95639866386867,4,8,5.465802096512847,0,0,0
35.25715396055509,15,1,84.46244359381264,0,0,0
83.56435307057022,4,4,17.610521311048867,0,0,0
64.63597866902617,1,3,186.2485245721063,0,0,0
108.96659230926784,19,2,60.632421772900955,0,0,0
276.1921647512969,8,4,9.523555937742236,0,1,0
131.8905271255043,21,5,32.31724926354083,0,0,0
24.19956132440473,8,0,31.450832910251812,0,0,0
3.1679678824257844,3,1,33.914077020801756,0,0,0
30.416930200558788,14,0,38.36026838227205,0,0,0
90.40606518730972,10,2,1.583465128433987,0,0,0
68.59059560261889,17,7,33.39266673376043,0,0,0
90.84288399875602,0,3,78.26277425339964,0,0,0
40.683187793810035,7,5,84.46454133067802,0,0,0
147.36499591467347,15,8,13.102998467958832,0,0,0
11.271891476467799,21,6,2.4817307182637074,0,0,0
7.811050579224702,17,1,60.74054223273746,0,0,0
130.26474102163928,21,1,190.29940990152224,0,0,0
68.41702266630686,8,2,29.588949976035494,0,0,0
116.6042655733141,11,7,15.029099967111495,0,0,0
57.06239991288573,18,9,8.519959252937118,0,0,0
170.98236985711958,4,2,19.868861520161293,0,0,0
160.652156396019,1,8,27.571509130596482,0,0,0
118.64488197091214,6,9,53.26958130335465,0,0,0
31.76536149880321,9,7,15.952655641108834,0,0,0
89.21608797234643,14,4,2.616099769566614,0,0,0
44.780997557982204,6,9,23.362659684008296,0,0,0
9.605073460665322,4,2,96.76865858067173,0,0,0
249.26998435376416,14,6,34.49278126899969,0,0,0
14.713044881952003,19,8,167.31239375579412,0,0,0
300.04906531227624,19,5,35.02083005330292,0,0,0
59.06010127908722,14,2,16.141207036426124,0,0,0
20.473028191346582,9,4,10.741038921481353,0,0,0
78.06698461517365,23,6,59.29428447315234,0,0,0
206.31417942820588,13,7,38.43464005778845,0,0,0
131.76077791304738,9,3,46.3169181587174,0,0,0
164.27938260737574,16,1,70.35073549384376,1,0,0
107.52377151704027,20,9,64.71374572215672,0,0,0
117.85538361415323,13,1,2.2165791802426185,0,0,0
189.17719880502796,1,2,81.11904191882122,0,0,0
28.72395155401201,15,7,38.0395453117884,0,0,0
67.22176661712413,12,0,24.855056088970763,0,0,0
25.001312910612235,8,6,38.55753628267854,0,0,0
439.5558417405329,6,5,47.395707186686685,0,0,0
288.34637873204144,15,1,8.096914309527586,0,0,0
4.022510120537909,9,8,27.014043000720417,1,0,0
122.27315631957289,23,4,20.44250730863448,0,0,0
259.35835574752554,21,1,21.570612998083725,0,0,0
19.915282538785,8,2,4.788936090051197,0,0,0
83.92029176459023,21,6,8.708354034582666,0,0,0
247.086526412553,22,6,8.826840095081604,0,0,0
3.4535523544211815,6,9,23.358362237237216,0,0,0
119.54104568928854,15,0,112.44820929552095,0,1,0
35.28949647452128,8,9,11.535314589064665,0,0,0
258.2248671355676,23,3,26.90919934627,0,0,0
354.2469922622253,16,5,18.669944590715655,1,0,0
288.71736812409745,19,7,77.41321619609955,0,0,0
64.28614051984583,6,2,2.5713194948927853,0,0,0
186.1427273299079,7,7,11.82673711829535,0,0,0
38.43405215195344,6,7,247.82724798550814,0,0,0
176.55975413946533,18,7,42.288703193820226,0,0,0
3.7709795268909727,19,0,7.480615115352113,0,0,0
90.70086402878069,11,7,15.886390558373325,0,0,0
26.13762411972857,6,7,9.18545159199757,0,0,0
12.847776747164405,7,1,6.653978713744533,0,0,0
8.007534330438276,6,8,79.77231969366537,0,0,0
119.1677949688237,5,6,34.23441575857637,0,0,0
41.532601306856705,8,7,49.87641368549668,0,0,0
129.01364372203776,12,1,20.117342271729395,0,0,0
6.758993548947433,6,3,40.337644851367756,0,0,0
37.87603814176782,7,6,14.891269286171847,0,1,0
77.54235144000495,21,5,18.411087257749493,0,0,0
38.38296070401589,16,0,8.146546360166424,0,0,0
98.32090864021626,15,7,48.014986219853625,0,0,0
217.136165872427,21,6,95.606543132511,0,0,0
95.67565090720862,1,3,6.41572130199234,0,0,0
26.52156429658495,7,0,113.87574005983276,0,0,0
2.4703413744155225,16,7,4.138963448397759,1,0,0
204.09816863741815,12,9,21.45531050871022,0,0,0
2.1498864160261313,17,6,47.14576649221721,0,0,0
207.70577666041703,23,7,40.982567260855255,0,0,0
75.27637204695544,21,9,5.067930725309458,0,0,0
279.7991842792663,9,0,80.20092315716244,0,0,0
160.33725230231252,1,4,180.88060576397208,0,0,0
618.2194410847326,1,8,9.997498767839458,0,0,0
43.18786168482837,13,4,112.75215194829835,0,0,0
145.75252591114577,15,9,40.687772408988714,0,0,0
51.404900262294085,6,2,137.39189531961327,0,0,0
65.36873042851913,20,8,9.68445364905791,0,0,0
98.75329076281155,20,8,78.51600281972935,0,0,0
206.891406403239,23,3,3.0821532081746095,0,0,0
414.03970368413087,11,3,107.3630893920596,0,0,0
146.2197110339225,22,7,56.06735211897384,0,0,0
54.088419359114184,13,6,23.121998016021948,0,0,0
54.706957581902415,3,4,10.56487613804531,0,0,0
133.78177759736656,3,5,84.78605007100195,0,0,0
27.28291200595943,17,2,46.22135227868378,0,0,0
11.706666958066148,2,5,22.346854202591878,0,0,0
43.79193315941165,0,7,29.334587459284638,0,0,0
33.860910641782596,16,9,87.59117830738904,0,0,0
35.14146897323055,6,8,20.69456494943185,1,0,0
26.606116595949675,15,2,4.695355524375485,0,1,0
4.300478093734732,4,7,121.11472100240314,0,0,0
1.803560283194906,18,2,24.497562508744824,0,0,0
55.821974689210194,13,4,11.432912648132,0,0,0
48.50387274553179,1,3,113.85686814631822,1,0,0
113.83326486264471,2,4,12.263408640277172,0,0,0
24.622525594093332,16,5,50.622583023321596,0,0,0
299.4956253739776,15,2,106.33295203218923,1,0,0
9.366363864100695,17,3,88.24371830494259,0,0,0
54.056477403338974,14,5,26.432461374719313,0,0,0
211.29429601408535,6,1,53.64351016764609,0,0,0
289.5561603120832,8,1,23.292976453178866,0,0,0
62.99874431013923,5,0,59.45687901385037,0,0,0
95.03941725764365,17,8,14.671254238317777,0,0,0
18.276238925679856,17,2,1.108729573220678,1,0,0
472.9444686092813,23,1,147.6216816192595,0,0,0
26.35381650176833,13,3,0.8251597866365837,0,0,0
286.0009331493888,13,5,86.891779438947,0,0,0
104.881305946856,13,0,9.264553671724316,0,0,0
93.5822222872194,3,8,24.897134036411526,0,0,0
71.88517525924412,3,8,86.4370860863651,0,0,0
26.223502805196265,14,7,11.529318418938992,0,0,0
19.422577002336727,14,5,100.38679039602687,0,0,0
24.908489862050676,17,3,34.43375367788895,0,0,0
20.633346355455018,13,1,22.797420430200194,0,0,0
151.22407575727965,0,7,54.300266578228076,0,0,0
43.097564107307434,9,6,20.881165165109003,0,0,0
5.958300833276848,19,3,21.33099191740565,0,0,0
347.70842165267743,9,2,66.12400340954532,0,0,0
215.23209700260003,9,5,18.54102790529102,1,0,0
262.76545538067546,23,0,11.205491422633207,0,0,0
528.0049769049707,1,1,82.42092599986054,0,0,0
19.103369657618533,7,6,81.83301349923961,0,0,0
50.45818548938807,0,2,34.41651041177694,0,0,0
141.98034754812707,0,0,37.39660355964276,0,0,0
119.07954024213375,3,1,59.54898338970821,0,0,0
16.711288479350685,6,9,35.593497315594725,0,0,0
169.19130029863152,8,9,26.98183176183044,0,0,0
25.41706672405863,15,8,263.8688408832369,0,0,0
25.336775396964306,4,6,7.987340407340617,0,0,0
76.9972984290837,1,6,44.913698055685536,0,0,0
89.8794524186919,22,9,108.5178013094903,0,0,0
86.77058455294674,10,7,58.1119678542253,0,0,0
9.594590297101375,17,7,106.39937240119211,0,0,0
209.93248112914236,18,8,20.498867676247926,0,0,0
30.870149766701555,12,1,15.87222914189079,0,0,0
13.870466096940032,23,7,95.28193730324517,0,0,0
219.59580984800334,10,7,25.053219020085315,0,0,0
311.5676352753279,19,4,61.83897589111561,0,0,0
198.14267844749622,18,4,7.99368499634644,0,0,0
165.81874697336124,16,3,70.49619265338465,0,0,0
106.491250119862,4,4,39.81247339954124,0,0,0
80.04147815698988,12,1,15.640534397762002,0,0,0
9.100489675235082,19,1,34.1107541105956,0,0,0
52.50144999102648,0,4,59.69182187221156,0,0,0
46.63120786306161,9,2,0.5978808520331076,0,0,0
30.077242347628445,7,0,50.73199682895775,0,0,0
128.52555799970685,23,8,38.99964982895284,1,0,0
68.49324839176536,7,1,12.441415417132305,0,0,0
8.451944723555854,18,9,69.91451608557226,0,0,0
24.869626118041648,5,1,18.08157355056243,0,0,0
114.9670127597249,11,3,16.20768630726136,0,0,0
7.918484019491231,6,1,31.858984518231416,0,0,0
190.51986230442049,15,6,56.37369201852119,0,0,0
68.34870443120784,8,9,132.14541988678948,0,0,0
65.50551374355909,20,0,7.620116303811623,0,0,0
89.74880765880748,21,1,25.247820794944843,1,0,0
174.11479129444766,9,4,3.466946166690173,0,0,0
42.74181339452152,9,1,71.05479812147047,1,0,0
113.32538979228511,9,8,29.686172711996754,0,0,0
83.40933410349736,19,3,61.36704198911781,0,0,0
31.064814560107074,15,8,19.44473965962596,0,0,0
210.89114354403586,0,0,92.99674705303269,0,0,0
159.66501337527325,16,0,38.267410875556465,0,0,0
107.42665693848761,20,0,143.7712407456166,0,1,0
190.10057185416065,13,3,4.104700127353162,0,0,0
201.96206382205298,18,8,36.10582075936542,0,0,0
123.22453209093109,20,7,72.71907771380062,0,0,0
181.40868506209324,20,6,45.833621244685254,0,0,0
119.55796643719839,16,0,1.1733678729808026,1,0,0
113.9874291728865,13,2,179.38600858350833,0,0,0
96.39364190221882,7,8,17.70987883428157,0,0,0
17.2694175461279,20,4,33.24352558788758,0,0,0
212.75463180521533,8,5,39.06156837003649,1,0,0
205.45033221429355,7,5,72.68331397945676,1,0,0
2.9683511543022014,12,9,24.983871296045027,1,0,0
174.76473762753136,16,3,28.987387071928705,0,0,0
13.796390740375564,18,0,38.281583740857414,1,0,0
40.81469825093086,6,4,25.075713773512675,0,0,0
136.06588031607416,16,0,122.99006949369881,1,0,0
17.525843472956318,0,0,95.27507278572,0,0,0
170.35674221585722,4,4,30.346060978575238,0,0,0
178.4590297012224,5,4,0.009744066272457172,0,0,0
70.8195305309597,1,6,115.59869931642457,0,0,0
0.6406348617415167,15,1,6.638673906540999,0,0,0
33.83273427118551,21,5,14.01959652435776,0,0,0
95.95294943637384,4,1,8.265038842800664,0,0,0
397.3163467974408,4,9,9.911302467802988,0,0,0
99.91657490890634,11,4,81.19650541511082,0,0,0
100.51375279415504,15,9,156.28653927966428,0,0,0
77.64970067776713,5,4,13.162711319348897,1,0,0
151.34252301294654,14,1,33.24109851014405,0,0,0
11.314701729582906,14,7,189.5530715174985,1,0,0
143.14084807364827,15,7,87.56260832203616,0,0,0
77.92860190698894,19,5,65.2109652256067,0,0,0
329.66212777676657,12,2,10.472832374651157,0,0,0
41.83560899891112,11,3,73.35470462695231,0,0,0
100.13636973450231,9,0,21.352197475540756,1,0,0
268.86609755685515,13,8,37.80827856905151,0,0,0
10.815299766527462,1,9,46.97300567918862,1,0,0
276.8253926838768,2,4,46.99891802055575,0,0,0
116.4385883557969,8,7,64.82697406638167,0,0,0
7.02476502911083,10,2,54.19141944867083,0,0,0
35.80524164282398,10,3,3.541024133490166,0,0,0
6.972592739476132,9,7,54.53542134004289,0,0,0
87.26817290949637,13,8,17.5483477179595,0,0,0
42.446913151136116,8,2,18.77517521537417,0,0,0
96.99961904748348,19,6,6.6518641789461475,0,0,0
4.682123927795485,20,8,27.117103343005283,0,0,0
205.21128448769127,9,1,216.49233703505985,0,0,0
346.9835664491751,8,2,37.90422427991284,1,0,0
138.490265696123,4,7,67.98013915142192,0,0,0
13.936119883380577,7,3,0.6794593530157053,0,0,0
141.990573116036,10,8,115.34951890061025,0,0,0
2.489422228251131,0,0,24.432840943483818,0,0,0
2.2371947734473863,20,0,101.67218713573727,0,0,0
39.09857702172302,9,3,1.9863203124971043,0,0,0
67.068767492168,0,2,7.871509770279555,0,0,0
147.14489225838568,21,2,19.469460120849334,0,0,0
114.97857268908189,6,9,21.191264450866772,0,0,0
59.041498739570855,13,1,94.12609389114756,0,0,0
585.152876165698,16,9,51.23721470218282,0,0,0
55.544179011003415,21,1,7.038587683416907,0,0,0
60.03620484245429,20,7,86.64123274091142,0,0,0
17.86767924545557,5,0,75.38317580165142,0,0,0
158.38167006373084,15,7,34.64946239271864,1,0,0
118.31322380365738,10,9,11.95648416154764,0,0,0
24.944852945317596,9,2,50.32381948272279,0,0,0
8.59730569023787,14,1,8.495444740430228,0,0,0
114.09958207372404,6,8,10.537520265912075,0,0,0
106.2795094423143,22,4,49.267292170080715,0,0,0
31.918584867373966,1,4,236.81206517079687,0,0,0
301.31544063851095,11,5,110.84828462513418,0,0,0
16.376428319465084,18,3,44.96029532138374,0,0,0
56.622347250341164,11,6,38.66764502576733,0,0,0
287.55684327996545,15,6,321.4173013341351,0,0,0
101.75650177301027,2,5,27.2464047777421,0,0,0
50.682430300913964,1,0,120.1509635807842,0,0,0
32.05017300668813,19,8,13.340686665940812,0,0,0
413.3770529131774,4,9,5.130769365129121,0,0,0
52.65045758454232,10,8,50.26839856833796,0,0,0
224.52525068481322,2,4,5.037979904768789,1,0,0
26.130581248389046,2,6,23.352283372805218,0,0,0
23.96600813788579,21,0,27.54570908646574,0,0,0
3.1629049095555,4,3,39.652582272830315,0,0,0
105.45958588759896,21,9,239.3318798711777,0,0,0
45.96990541722013,22,3,12.486038584168817,0,0,0
199.77380588267937,10,4,23.560728387348178,0,0,0
64.09531147028137,2,5,7.092012181003893,0,0,0
344.8082341200801,12,3,46.77540109491869,0,0,0
20.52121782608384,20,5,65.03761991597099,0,0,0
202.96855047299104,7,9,32.89641775632281,0,0,0
149.87773046742976,19,6,14.106957695043521,0,1,0
147.36920438900364,9,2,48.49621565380779,0,0,0
186.2932610814589,1,8,38.734971382376315,0,0,0
143.1392112603727,3,7,9.387959100117516,0,0,0
98.40887504235639,17,0,26.017029095976373,0,0,0
14.069398592758247,18,1,28.563922172262444,0,0,0
95.88076894307802,8,8,66.28269417589917,0,0,0
159.22725389316395,15,8,109.81091566581233,0,0,0
65.68583602697946,5,8,66.49275361261844,0,0,0
12.477916417400802,3,0,116.8597871074103,0,0,0
13.37437491163384,8,6,2.8048784480134925,0,0,0
115.69788149447113,12,2,30.44638738722417,0,0,0
56.26557199241903,8,8,68.69820169903387,0,0,0
67.6476013409331,20,2,9.62866620126283,1,0,0
6.636305079345966,18,0,20.813065384908708,0,0,0
87.22054323249506,13,8,19.119742372185737,0,0,0
31.33327966124574,20,9,15.146345211344414,0,0,0
159.7307290031962,14,0,21.013880186194573,0,0,0
37.15883971801938,2,2,36.165196788482376,0,0,0
60.73735091953125,4,5,96.50593334571694,1,0,0
1.1688586050930903,20,5,67.74611502500943,0,0,0
7.520522230669786,17,9,90.16621545190304,0,0,0
49.83924970857172,13,3,107.53774569941118,0,0,0
65.38088487800127,15,1,26.90559798252099,0,0,0
91.63421034919133,13,9,21.2344058987954,0,0,0
34.48347150744582,8,5,2.967513858900416,0,0,0
118.73841143891859,14,9,133.3153992568134,0,0,0
196.69875044031022,6,4,3.404468520750377,0,0,0
151.34506386975707,13,5,67.57252897906848,1,0,0
4.0425016397703155,5,6,23.74946621695717,0,0,0
65.49018415021082,20,8,148.5820159677831,1,0,0
11.085355080954614,14,6,27.202061997299857,0,0,0
27.71312827847182,19,3,84.80656282409197,1,0,0
431.71826552294334,7,9,16.609907429578527,0,0,0
15.372890217305862,1,4,17.76869790395825,0,0,0
69.09259562090074,7,5,45.25757642506202,0,0,0
96.27424349612865,0,8,310.2981216928574,0,0,0
121.22233148577382,16,4,36.44622292718217,0,0,0
82.01824240381106,18,4,137.6853152384121,0,0,0
0.9818895384563227,4,6,77.14736838254332,1,0,0
39.520983599786014,21,1,79.44851898271952,0,0,0
72.92130935726833,19,2,28.63150443696169,0,0,0
9.196891710405072,15,1,24.43219423199848,0,0,0
43.17478910836826,6,9,10.654822648916655,0,0,0
3.3766845705524053,6,9,166.1303098627777,0,0,0
8.183768960808726,17,1,160.19149478897023,0,1,0
50.57108535355949,17,2,68.7316775322704,0,0,0
14.238850592466138,1,5,17.566779033742836,0,0,0
83.82674039181207,14,4,14.063767989514783,1,0,0
116.9458563158434,13,4,223.752039121552,0,0,0
161.23757191107592,17,1,3.4430091096092026,0,0,0
22.33313742578472,8,1,92.75550829064966,1,0,0
18.330113513507694,13,0,21.960764633937337,1,0,0
11.044881728507567,4,2,27.13901563591804,1,0,0
101.17841147041304,10,6,89.18291326333257,0,0,0
122.57949395115995,7,4,4.7486777037508805,0,0,0
275.21940544489087,10,8,151.85300851936748,0,0,0
5.337048567900803,4,5,60.0432008759615,0,0,0
77.9350888095622,16,1,70.31243961728684,0,0,0
123.46400040612392,21,0,70.83877142268679,0,0,0
204.77035524547608,3,0,3.124102957364575,1,0,0
161.8115872596726,18,8,33.79122993720433,0,0,0
41.46827491464336,21,5,22.95518113528116,0,0,0
168.64545693479235,1,5,26.45900991613163,0,0,0
8.350644975816266,23,3,76.0364231676474,0,0,0
225.20503187852162,16,1,0.7394020572484801,0,0,0
79.31716828789294,11,9,54.01287755899813,0,0,0
169.98976096655187,23,2,0.005511893889701938,0,0,0
60.20609719350464,16,2,3.2567229644051094,0,0,0
103.16390017200887,9,7,26.23660357334207,0,0,0
74.73978139587696,17,5,91.92636771766077,0,0,0
131.52378349869207,18,6,7.832442875072706,0,0,0
8.515489988895617,17,8,40.44152962545207,0,0,0
6.225003131901508,12,0,56.73869965312868,1,0,0
28.38271575399164,13,1,13.03791520680971,0,0,0
17.381148651515005,23,8,35.905842741550245,1,0,0
205.40355570023982,15,4,121.18528136062882,0,0,0
24.745415818055395,17,3,35.895413624715786,0,1,0
372.41028094340936,17,0,8.558581156175476,0,0,0
41.08231243314293,15,8,49.41811734081231,0,0,0
155.92130975943473,6,3,1.3662351147209568,0,0,0
107.50162053415187,11,8,4.748204301200517,0,0,0
68.95451087234338,1,9,8.52644947075442,0,0,0
81.04982991156207,9,0,7.325857333702608,0,0,0
127.01189397289663,4,4,15.019171078841298,1,0,0
25.935994568670672,20,0,30.26646107718072,0,0,0
560.8631232047704,2,3,23.238172979327803,0,0,0
105.07530901325568,12,2,47.35159810647851,1,0,0
22.257177846889334,11,1,104.43192520389941,0,0,0
114.01477952753687,2,5,37.43715166535732,0,0,0
7.493737183429329,5,2,4.708417484938987,1,0,0
3.1132116523619477,13,9,31.114630734628278,0,1,0
29.797875313889655,3,0,86.30772964188488,0,0,0
62.105530187343895,12,4,10.790014407357916,0,0,0
202.70199251908406,18,1,4.782297139716203,0,0,0
129.8902978817889,17,1,19.981712408404615,0,0,0
135.7537904749322,2,3,24.624555858071716,1,0,0
55.42435794074139,19,3,18.282733953615164,1,0,0
42.45485326894826,5,3,7.265208784241659,0,0,0
46.36856505472971,15,6,14.44012564365352,0,0,0
439.40638915165044,19,0,57.32961777758094,0,0,0
4.093574204392867,23,7,24.38219673181601,0,0,0
201.76429917557388,2,9,50.05832562803674,0,0,0
86.43517413526625,11,8,38.42628196324934,0,0,0
57.734908103465955,18,9,39.82026648229213,0,0,0
129.19215674888704,18,5,14.287500866829081,0,0,0
66.6834303599214,23,3,36.85945023865942,0,0,0
206.69063412677667,3,5,1.1938763286516008,0,0,0
230.96284796203744,0,9,28.259140206172535,0,1,0
54.76987013540248,1,6,42.50441687964587,0,0,0
32.41079070851419,12,5,10.044379476293974,0,0,0
89.73471219409093,12,0,14.823260324641737,0,0,0
243.4555939523599,1,4,12.393014166710737,0,0,0
23.656089895002456,18,7,3.6585412388148124,0,1,0
99.84780002255434,23,9,193.08019997932965,0,0,0
132.09300151268556,15,8,21.838533151027736,1,0,0
14.106562970266042,11,3,30.85901888287177,0,0,0
125.81649091271099,0,9,52.93409871654272,0,0,0
239.7253206289245,8,5,52.276958496997736,0,0,0
19.806456078014456,16,6,149.68170383409333,0,0,0
27.120959168716197,9,4,97.44317443332551,0,0,0
355.4177038861512,17,7,78.98198779276966,1,0,0
19.96430547551579,18,2,151.44090698059378,0,0,0
192.6789767756658,6,7,13.117963280405423,0,0,0
67.7820942553549,18,4,47.99309000658009,0,0,0
28.399696999437047,23,0,109.10551382591534,0,0,0
204.6006001744849,14,5,48.92668226723369,0,0,0
58.933732555995576,8,1,189.53558696931418,0,0,0
72.32298691011181,9,6,5.28762484064117,0,0,0
44.50899591778079,22,8,28.931183930214754,0,0,0
89.88213426850785,19,2,189.40827375453054,0,0,0
17.855729761763136,19,9,23.866965771616496,0,0,0
49.60709063634736,3,3,67.26844261693752,0,0,0
348.71580418211437,5,3,1.543732785406191,0,0,0
29.85858804240062,3,3,59.34547972682341,0,0,0
106.92573845171027,4,2,136.38209291630454,0,0,0
39.332420438892704,8,4,24.120516568860012,0,0,0
148.48916907071649,11,8,1.076497647500939,0,1,0
14.026677961013675,22,7,1.4153342497486263,0,0,0
350.06104544244,7,9,111.29199343829528,0,0,0
60.47509221647378,20,1,64.09961955351874,0,0,0
26.925354349772025,4,8,5.640878314217872,0,0,0
7.633772255593707,10,9,2.8068438097196515,0,0,0
18.603794010459392,22,1,81.69302750001702,0,0,0
73.34983454295815,10,6,82.9998982079513,0,0,0
41.098507980516665,12,4,6.421327358373848,1,0,0
56.36771906855924,7,4,75.7123107492197,0,0,0
28.5969236975851,17,5,37.265418462836905,0,0,0
96.00989165734678,18,7,156.84735337444698,0,0,0
122.68226069593449,11,0,32.79860535218808,0,0,0
18.277194768584682,11,0,56.49863699912719,1,0,0
18.34652701307607,17,4,35.64539374240789,0,0,0
3.7360728009482735,9,0,143.20494277162007,0,0,0
133.33301207898342,6,2,25.429663538355722,0,0,0
64.36541696352927,11,8,19.773302804346553,0,0,0
185.89924906761502,13,6,95.7897318454494,0,0,0
163.81983211693515,14,5,34.45163916683425,1,1,0
88.03310136359215,15,7,21.867320709298717,0,0,0
202.70106265290028,1,7,39.29164276866388,0,0,0
23.047185037057353,17,5,7.149064113084975,0,0,0
11.869302139028457,11,3,0.2686858608001556,0,0,0
31.43678057281079,15,3,16.465822877866476,0,0,0
75.75140428339438,19,5,62.18434870175113,0,0,0
275.83812054019666,16,0,87.61087298632752,0,0,0
4.013841640938224,17,1,130.63488251509764,1,0,0
13.023387998311675,2,5,26.560970780280346,0,0,0
60.18432483019309,22,0,67.4531658325408,0,0,0
70.77225037713451,5,6,6.665027648425548,0,0,0
4.24617330010517,2,0,29.761936942786416,0,0,0
16.05716513364189,18,7,11.867286227829489,0,0,0
431.4751084533379,3,4,16.908429666698417,1,0,0
335.5804307819909,19,4,52.189187257712156,0,0,0
0.4952222973827616,22,5,22.199033443614,0,0,0
303.26407986788155,2,6,40.75122958044414,1,0,0
101.92096135685009,7,6,26.58576140299424,0,0,0
202.43345669765108,7,4,9.254424392166682,0,0,0
60.64922690920095,6,0,3.8451316159161095,1,0,0
72.4836068697771,1,8,13.474527003150921,0,0,0
67.108549950886,20,5,2.971604100450594,0,1,0
109.92052370655834,5,8,48.1968972086369,0,0,0
15.041745420945718,15,3,79.41259679340799,0,0,0
3.043198091997127,9,1,20.756137283992633,1,0,0
36.80680880137809,3,2,24.478576321411634,0,0,0
121.96983475408393,12,3,84.69292227146752,0,1,0
22.546305443661037,9,9,12.590843519633484,0,0,0
111.91184093319791,20,7,6.343979120730858,0,0,0
350.363039022921,13,2,34.769295966436346,0,0,0
9.860639372178696,8,7,51.94978561321919,1,0,0
111.65790839045361,10,5,45.771358373472495,0,0,0
202.60316221935165,17,6,2.9212586718084523,0,0,0
19.498109905864382,10,4,27.948440979586735,0,0,0
182.08708615976457,1,8,71.17308118789998,0,0,0
289.3432387380273,2,2,103.07241341991171,0,0,0
114.96362349846221,10,9,16.51804927715658,0,0,0
68.75126126115396,17,3,5.003066783394177,0,0,0
96.19348555509416,2,4,14.613158282130115,0,0,0
84.53890920690058,10,6,19.46154244307783,1,0,0
3.08583177339052,10,7,38.631015175414305,0,0,0
267.2905507299173,19,5,181.87312172562557,0,0,0
116.96575360111503,10,8,25.48882990523959,0,0,0
112.85975438794891,18,2,12.425627251873433,0,0,0
24.293199801802395,0,1,9.12418291883542,0,0,0
107.55369936680887,4,4,9.499933496276597,0,1,0
50.06515648958588,9,8,10.696660059300761,0,0,0
105.33511356872364,9,0,71.83035892974985,0,0,0
11.271306878269606,13,0,3.1484655925985474,0,0,0
107.24923184658566,1,9,297.66427541226153,0,0,0
744.1722909704406,3,2,36.979077162956564,0,1,0
4.941299889430069,1,9,39.29294533663673,1,0,0
377.98631125622285,17,2,22.124394462800954,0,0,0
52.24056824545973,12,4,58.600353050115004,0,0,0
152.50300569342926,4,5,19.953873997945553,0,0,0
83.70551059265524,19,7,15.403655093273871,0,0,0
134.11267858526585,1,7,129.94939196691618,0,0,0
210.79691009583397,10,3,17.19424820994385,0,0,0
51.77500786487027,17,0,28.669926959072022,0,0,0
39.60592247910065,5,6,21.565414405074932,0,0,0
164.94578429710734,9,4,10.285715988409278,0,0,0
143.6683368820512,21,3,10.505318748974792,1,0,0
159.85654764477755,22,5,59.15127273314481,0,0,0
57.19624967418865,16,7,26.093099212250735,0,0,0
170.28381063858632,21,5,76.15557170039034,0,1,0
12.807096265357146,10,2,61.71316905648963,0,0,0
78.63356283442829,18,8,10.662740721610769,0,0,0
0.5775305516253855,16,2,41.3815993907152,0,0,0
39.242919094318786,23,3,67.91622861688172,0,1,0
45.64345626291861,3,4,50.12551977335848,0,0,0
50.44670351886674,23,1,45.81660014728731,0,0,0
118.89765020311442,13,9,67.27890899083027,0,0,0
49.19353427114065,19,9,2.922825466583364,0,0,0
59.54645855639284,3,1,65.73068542189188,0,0,0
27.121064873197792,13,5,15.917736142798919,0,0,0
46.72104005506762,3,1,42.41668285806715,1,1,0
25.782509753304883,5,9,13.873717099242569,0,0,0
7.601308825538721,8,0,91.26092317893864,0,0,0
92.49495953184562,20,7,32.75013638573372,0,0,0
110.3261475071069,11,9,51.49274192802753,0,0,0
96.62437301484182,7,9,79.01387294136723,0,0,0
62.26776150169474,23,0,112.8400937204326,0,0,0
47.76903447798999,3,9,65.85000154008793,0,0,0
199.0212721894755,4,5,8.053562200331662,0,0,0
73.20580548015936,5,0,96.39008442504971,0,0,0
65.23543915152494,4,7,48.19243423374428,0,0,0
2.597655394201447,18,4,47.00993291303694,0,0,0
41.74078814107977,7,2,127.13138143855855,0,0,0
47.83513648988052,8,4,14.306267949018231,0,0,0
50.88655141979992,14,0,13.6947192807574,0,0,0
86.79110548652706,3,0,35.99443389031888,0,0,0
76.27171043528689,8,3,69.48763000402872,0,0,0
93.62513582748197,6,8,29.64163246531419,1,0,0
144.7673128786881,7,8,50.241262033708125,0,0,0
167.65704014851647,14,0,30.121898835440614,0,0,0
311.27987250042054,14,3,86.37232128553886,0,0,0
1.8400844582700027,4,1,9.951622223089,0,0,0
21.787991071251295,18,6,59.43426841363292,0,0,0
0.7591618531415689,6,2,77.42319448636526,0,1,0
104.26329264077516,5,0,29.629937896984305,0,0,0
228.3082010066477,18,0,19.521454171384594,0,0,0
27.90293442777735,16,2,0.6818442507417055,0,0,0
261.77691662237186,9,5,79.75333926061175,0,0,0
6.215990193872064,18,3,19.870283071420804,1,0,0
272.4728923000118,10,0,22.10459802526669,0,0,0
43.32824793065384,14,6,20.474120566204938,0,0,0
10.694046139193686,9,1,34.53145077127331,0,0,0
66.52825488994117,10,4,60.61698097198788,0,0,0
29.675856307817188,22,7,73.89047637539524,0,0,0
33.529499259166194,2,6,24.925976136506343,0,0,0
36.71437871612786,2,7,54.39875845450041,0,0,0
162.46830199654235,17,9,63.770620880741525,0,0,0
77.47071381382604,10,5,17.61404002270125,0,0,0
37.29606957534525,19,6,5.080681065268507,0,0,0
94.24647609545124,21,8,112.5308186440104,0,0,0
125.93117246481013,17,5,56.52310329976444,0,0,0
31.831174220804602,14,8,52.22189070832478,0,0,0
53.36663339591021,6,1,3.035427387542208,0,0,0
12.997895952140054,9,1,85.15256743968308,1,0,0
19.985356772213873,20,1,41.74177681381359,1,0,0
114.29336926261702,22,5,94.15573173592222,0,0,0
20.020656148364722,19,1,183.57395360629357,0,0,0
74.47844997321,9,2,157.4445466401031,0,1,0
123.45909994396855,12,7,96.92813165074271,0,0,0
11.303088352047043,14,7,0.5503868640014689,0,0,0
83.77388725681469,22,3,108.45833894180106,0,0,0
29.647096009248415,17,8,3.901445501954013,0,0,0
329.4862971807926,22,7,95.2555817199292,0,0,0
66.07683713268071,3,0,16.437292908087915,0,0,0
163.9858717435359,19,7,47.08918911105629,0,0,0
79.90112499936112,16,0,1.940587859152471,0,0,0
4.4383049279866125,2,3,73.74135115965066,0,0,0
100.28059835743524,20,9,5.922632365416345,0,0,0
302.42005201247326,20,5,26.439990775925715,0,0,0
92.03284227538245,1,6,85.03546360265875,0,0,0
171.03022147077291,3,9,59.42942041882742,0,0,0
215.59465301540334,0,3,0.3030513916859019,0,0,0
25.887406583650023,14,7,25.79461643845728,0,0,0
23.831409418015575,0,7,2.141592154239793,1,0,0
94.41270647095304,5,8,55.96624519911699,0,0,0
52.93774323335773,6,5,173.60539485050543,0,0,0
183.1714982168924,18,3,53.24842154324221,1,0,0
230.28163537128557,11,1,12.704140550635298,0,0,0
43.60604784235147,0,6,21.943315874648675,1,0,0
27.032761460844306,6,9,187.85910460434502,0,0,0
151.65192957924486,18,2,12.68351511793674,0,0,0
32.13161227341658,12,2,41.223088525915,0,0,0
172.9428925519035,11,2,25.579112887210293,0,0,0
55.119330075541015,11,3,73.11889372230569,0,0,0
110.12655032053702,21,1,101.0168649686981,0,0,0
10.04120172911258,12,4,20.83924234065537,0,0,0
97.77920690653742,13,2,53.998805850163976,0,0,0
60.105613796278504,21,9,39.81968522675975,0,0,0
88.33601040666048,11,4,16.317298343379687,0,0,0
18.39399149231579,19,6,15.868645963700814,0,0,0
133.51213047485325,11,8,38.67792629126478,0,0,0
198.62942632118776,5,1,8.361965799598286,0,0,0
24.429032668853935,9,8,83.25014653611123,0,0,0
10.061021126280096,19,9,3.5750599785391484,0,0,0
2.392245993157399,23,5,4.967513239868455,0,1,0
102.71426880495873,8,5,20.94471706778945,0,0,0
93.41849733239181,1,2,6.28336313121975,0,0,0
79.11954133835657,6,9,32.284563997217866,0,0,0
26.389666294128883,8,8,25.51427935076035,0,0,0
49.57826650652052,11,3,63.97251058897938,0,0,0
90.2576047539322,4,4,152.88480449489072,0,0,0
68.6701714991916,0,2,70.0315490015493,0,0,0
440.51331633813265,21,4,9.88894011587015,1,0,0
14.669161261532732,14,7,137.07100584224082,0,0,0
118.79175624204636,7,7,24.889994126856035,0,0,0
51.804960081039944,0,7,32.14070664114049,0,0,0
55.896532565171576,17,5,27.37242627986897,0,1,0
126.44228614190529,12,0,16.463205514903994,0,0,0
473.938680786437,4,5,20.19123765356743,0,1,0
13.74181241365831,17,9,43.20822000237913,0,0,0
10.99372500406554,15,6,13.724051832219478,0,0,0
86.36672504679804,3,7,74.4049845371918,0,0,0
32.04265924500261,0,7,17.571019981065465,0,0,0
8.275068734779747,22,6,57.21512963869857,0,0,0
8.955087106390794,7,1,60.84843314235363,0,0,0
224.6118512465589,4,0,41.33523337393362,0,0,0
39.06329929475808,23,5,42.719186431935384,0,0,0
25.70318300956333,16,1,4.2705095601396,0,0,0
43.849923481042076,6,9,55.47335114267378,0,0,0
7.195136073162983,16,3,31.722692638820902,0,0,0
73.20123220255348,5,9,28.853371336922812,0,0,0
7.000684637744136,21,2,98.30536381292035,1,0,0
161.1222042159252,14,5,1.175035224638543,0,0,0
26.619730768420602,4,7,14.471841754630185,0,0,0
77.65546911485947,14,5,6.471476543984939,1,0,0
212.09228164897416,17,1,1.7990327105987993,0,0,0
76.13356325747317,20,5,223.16735669570917,0,0,0
39.2056042484146,20,8,15.75123650143385,0,0,0
40.49681012238468,22,5,54.48844828775891,0,0,0
110.71091505697362,5,9,6.295107900226194,0,1,0
513.9496674707304,1,4,46.046025394228444,0,0,0
81.59555109679812,20,9,17.25408624893435,1,0,0
131.17455241928113,3,4,94.21861790366637,0,0,0
62.58729279824089,11,4,301.02161175522986,0,0,0
6.202684348321755,18,5,44.40388551625701,0,0,0
82.6214260143961,1,6,18.509804373257815,0,0,0
316.1203427295335,1,3,55.97105386331332,0,0,0
19.273916294070354,13,6,93.16756634411914,0,0,0
117.11987584682579,14,4,9.397885080739862,0,0,0
22.431134374225795,19,5,30.12108050552357,1,0,0
76.74994260264465,1,3,19.22343248881966,0,0,0
10.16744837023609,3,7,16.659012844233505,0,0,0
59.85116578458807,18,8,98.59981389747081,0,0,0
141.12566585424565,8,1,27.379149264363484,0,0,0
42.70537614854541,6,3,20.70584701043918,0,0,0
109.33612728760885,12,7,46.25529122274436,1,0,0
158.69426429163502,11,7,12.384722392858471,0,0,0
26.74116877155556,12,2,36.728543935824966,0,0,0
50.96861329145348,14,0,26.32004189382445,0,0,0
16.536534532240278,13,8,17.47662445689131,0,0,0
489.0654962048055,23,0,2.7730527024455,1,0,0
261.73090971585725,8,2,36.779173726214175,0,0,0
77.64355987991227,12,2,84.80679572683168,0,0,0
184.53709920619715,22,8,95.31718810013028,0,0,0
73.59669552982862,21,0,13.422737375355279,0,0,0
97.70648486217308,3,6,45.76970718990576,0,0,0
9.33489795430218,20,1,96.85590395322812,0,0,0
140.7601435155739,7,6,26.273781336497038,0,0,0
13.66373352289071,2,0,134.51308099321076,0,0,0
174.90887349353392,1,9,116.64114878965013,0,0,0
152.3389067018665,18,9,11.668148192892792,0,0,0
123.3555069093609,22,7,14.985359791905385,0,0,0
3.6830368051553117,7,9,9.949505339390296,0,0,0
36.115404005155014,16,9,10.911180670003056,0,0,0
30.53201391791275,12,1,119.2234385964326,0,0,0
44.6500262019517,6,2,133.78247291850525,0,0,0
9.172364057237763,8,7,2.664619361356745,0,0,0
276.3951300892074,11,2,45.021281990969385,0,0,0
80.69930187631815,13,0,41.53221420960638,0,0,0
36.45981219476022,13,8,24.759725328874143,0,0,0
50.58074311065991,14,7,49.94254598195548,0,1,0
59.27636022426302,2,3,147.22138319683046,0,0,0
91.7777670220792,14,7,9.331835648479728,0,0,0
251.81570465176466,23,2,1.698038231556121,0,0,0
484.82632653602354,13,9,20.596433379643212,0,0,0
190.66651133282804,7,4,28.177900127003504,0,0,0
23.383868383943188,4,5,34.98946260609889,0,0,0
266.7799460588854,18,3,70.90452598916089,0,0,0
170.07295740107259,13,2,20.069653707257824,0,0,0
47.904161866709714,15,6,87.68817343828009,0,0,0
210.3523768243236,19,0,94.78826869051296,0,0,0
163.95126583574475,5,0,18.892873225746705,0,0,0
156.0792693564261,22,0,87.18172514413612,0,0,0
36.33818695917868,5,1,4.136930149593529,0,0,0
8.438132920074946,2,1,19.714893255399044,0,0,0
51.58049647422997,14,3,29.742084290673777,1,0,0
19.058502336665757,2,0,10.355613044592156,0,0,0
118.7283150977474,10,3,9.91731529592024,0,0,0
42.48004262131064,2,1,27.65726839245347,0,0,0
371.35903021270826,9,3,70.22734137274321,0,1,0
102.43551145361242,17,3,91.70193235485662,0,0,0
172.86751754099376,0,8,193.72454291312548,0,1,0
14.216820876655945,15,8,3.8431909980658236,0,0,0
198.0606543336451,15,0,12.21083959794437,0,0,0
256.0801448616133,9,4,70.65858561448812,0,0,0
66.76001405482494,0,6,38.89155860674051,0,0,0
93.20465498249905,3,3,19.851026256010336,0,0,0
144.73607343318378,2,4,11.507757589655892,0,0,0
19.21763084545793,4,1,16.458377660020957,0,0,0
69.82925482163945,11,2,28.043611998372963,0,0,0
50.85998156695678,11,6,9.749141849664497,0,0,0
15.826211104526102,12,9,166.52663365115436,0,0,0
45.812948245673155,23,6,5.6913933914864625,0,0,0
7.060736270411021,11,3,211.94806247905228,0,0,0
2.6150879968812646,15,0,92.22425344397423,0,0,0
14.521803232856358,12,0,27.508790782921494,1,0,0
329.99533399771076,4,3,67.31837455774189,0,0,0
79.74627665581228,23,3,55.66324230402745,0,0,0
56.65107910082499,20,6,20.70537375946051,0,0,0
37.369922833070405,14,8,35.98714282892763,0,0,0
70.55069747772997,11,8,50.784035873548994,0,0,0
57.894689062654834,18,9,39.14210571965048,0,0,0
11.167450059839194,20,4,32.026546878361565,0,0,0
102.39492043974927,18,9,29.273172892873863,0,0,0
24.339496199833064,20,2,34.484109458609666,0,0,0
96.65002845057637,10,2,28.489122675750643,0,0,0
105.03968393246197,20,5,38.97122254039927,0,0,0
16.49039515544464,5,0,109.45625788943917,1,0,0
6.331220895053138,8,6,50.09642260011847,0,0,0
151.759549322393,0,2,64.11850131174387,0,0,0
61.581662209138635,11,4,45.50091396134947,0,0,0
5.992390010381586,13,6,51.5034514500306,0,0,0
527.1931976736665,5,6,43.17896430516137,0,0,0
5.951708142442368,0,8,1.3617012247162972,0,0,0
411.5298077656953,1,2,1.7093506662937323,0,0,0
27.3358616957147,23,8,25.13857462947392,0,1,0
12.940840602400936,2,1,5.097674665600406,0,0,0
36.13647059411098,9,7,78.87926958412679,1,0,0
10.65232035515615,5,7,27.74982933837119,0,0,0
117.81794699281834,5,1,80.75738619603024,0,1,0
6.431646379952709,19,7,15.926756580880433,1,0,0
71.21712524346368,20,2,14.816823484441969,0,0,0
571.2879886799935,1,6,14.466263208571165,0,0,0
168.18487766767154,23,8,47.8746016879822,0,0,0
95.50820766198737,9,3,84.36980778886797,1,0,0
36.564883308698526,22,5,30.097820062835705,0,0,0
97.78891428190236,5,8,23.8412533734364,0,0,0
74.87475558795342,22,4,181.68085532560602,0,0,0
55.52711613166957,16,0,6.207578112709371,0,0,0
14.007892586034512,13,2,33.33818353126482,0,0,0
217.68710598120475,4,8,26.253644554872512,1,0,0
21.64441820614136,16,9,15.612426059418953,0,0,0
45.84851833829352,1,1,1.4426749991077121,0,0,0
53.4656934620134,8,3,104.75996791818669,0,1,0
175.75777510905334,11,4,46.805482911434325,0,0,0
132.28103228592784,18,6,84.3749723695418,0,0,0
1.1092560021533864,6,8,45.75330278255226,0,0,0
53.81180264409754,8,7,60.34125638496286,0,0,0
65.65147210381606,20,1,119.30465477005059,0,0,0
1.93788394664463,15,7,4.811884320702872,0,0,0
30.08527040218263,19,7,20.09470419575864,0,0,0
142.8324681714378,10,4,61.72610091333021,0,0,0
14.746771733388927,11,2,158.92337139505247,0,0,0
76.63850452648582,14,8,197.66159876674183,0,0,0
24.232875607689376,17,6,50.819783163889866,0,0,0
1.219483024877762,18,0,10.758674698101846,0,0,0
27.601896185029933,15,7,6.346740551698627,0,0,0
372.4455023142878,14,9,145.97898933125094,0,0,0
161.71531579615473,4,4,28.451672590291132,0,0,0
320.83475501912335,10,5,10.834224878206756,0,0,0
66.91456241111679,14,8,135.82366563895744,0,0,0
11.62374541951925,17,9,5.520008088655081,0,0,0
79.39834770016945,12,7,65.38730251021117,0,0,0
60.58276310869285,3,2,49.07654529473862,0,0,0
186.01908873998093,16,4,4.591219652163195,0,0,0
10.323231608662383,3,3,20.681073723603433,0,0,0
66.99017356298462,15,0,8.121869555224276,0,0,0
16.257618371792447,22,4,46.380046653913034,0,0,0
39.256259501370444,14,9,32.419498001452595,0,0,0
133.6959878024791,13,6,0.21421445673811282,0,0,0
64.62981932916178,11,0,185.8856924849182,0,0,0
47.14258964215926,2,3,21.507205999809713,0,0,0
50.16615401585782,9,5,14.934076790296805,0,0,0
61.51621609169232,7,8,12.579913443326877,0,0,0
153.7194201894464,5,7,8.647236617627602,0,0,0
222.64085163237465,21,1,352.75920932756384,0,0,0
310.85580630222995,13,2,17.485638090849463,0,0,0
154.60096304556976,16,9,26.002863329907417,0,0,0
37.89306256040513,20,4,102.53528639636693,0,0,0
116.51839346810205,18,6,51.34540530147264,0,0,0
57.55474933648939,15,2,22.998262083406306,0,0,0
29.39290402489777,14,6,114.30038104811211,0,0,0
183.80437261905783,14,4,69.2595889021237,0,0,0
3.9184116743756054,0,9,12.932093050993426,0,0,0
232.03620930403721,23,5,51.60458277626676,0,0,0
61.89259348392796,22,5,127.80842500390837,0,0,0
101.39076313345574,22,3,34.30469353186026,1,1,0
107.69112357162622,11,7,66.14014492878249,0,0,0
225.49168980590207,9,8,177.20216210269737,1,0,0
101.24428920042712,13,1,58.62599065179135,0,0,0
95.1745864110872,9,8,5.403692435726376,0,0,0
6.897720078190541,9,3,14.02271617904691,0,0,0
73.06580419892181,19,5,45.20531785626783,0,0,0
16.27177737566215,10,6,16.117528001996188,0,0,0
133.7251919142745,21,3,157.96164940594593,0,0,0
71.78947323254283,15,7,25.98928511757375,0,0,0
4.256611941635436,14,7,60.4663713163834,0,0,0
8.860393466847853,13,0,37.14311040508109,0,0,0
125.99203799829266,18,7,24.07515208994532,0,0,0
7.481442963462634,8,9,3.9866893405979993,0,0,0
7.392292686901208,3,2,45.37219770190427,0,0,0
1.218238000979597,20,4,101.08884110168397,0,0,0
313.5026486219789,6,9,57.88030121065015,0,0,0
133.7536043015661,21,7,24.022500967591373,0,0,0
43.57976357336992,7,5,6.8325879166155445,0,0,0
35.17379812300988,23,3,84.7329592411212,0,0,0
43.032645066688005,7,3,142.1491535364543,1,0,0
149.01161997316504,18,3,24.573457968913512,0,0,0
108.28490176285032,14,5,65.21584969320989,0,0,0
20.480715510999964,15,6,26.446377294784405,0,0,0
19.12928814550219,21,4,34.88456837300434,0,0,0
10.357949119433949,22,9,90.53989190083045,0,0,0
107.97004100335128,8,7,4.355533216531112,0,0,0
144.55037992237158,11,6,37.786817350143565,0,0,0
30.794794955359027,15,7,12.079397581210904,0,0,0
2.1167418451615125,3,3,20.761073260076934,0,1,0
8.574490745693609,4,7,51.701491890092974,1,0,0
343.7655002837343,7,5,1.3802987478750368,0,0,0
35.018856530362534,0,2,45.04857107187924,0,0,0
146.63040433040203,5,7,16.664821005221256,0,0,0
97.9932505488038,14,6,55.355065050795474,0,0,0
48.11691558293258,3,9,7.633168183119849,1,0,0
23.027801895590354,20,4,66.55464042172234,0,0,0
12.941008905710117,10,3,51.87205713064213,1,0,0
95.45456284794805,4,0,177.44167391765814,0,1,0
149.00285583409178,17,9,121.08834715948194,0,0,0
103.2555633563709,23,2,16.655096548340296,0,0,0
75.56656276864724,14,1,1.3848303555437846,0,0,0
4.285658730910904,17,7,53.26398630300542,0,0,0
345.7411529753554,19,7,46.17676918086613,1,0,0
160.302944884436,12,4,1.3905980343740492,0,0,0
34.647292863764726,4,4,6.544032829581702,0,0,0
391.05405727172183,0,3,43.93791163512405,0,0,0
92.100580446948,21,0,121.42287399474985,0,0,0
87.32855020448504,17,0,118.48984000272549,0,0,0
137.86166282050146,13,5,8.213379028515757,0,0,0
167.0089533843877,4,3,24.272024047863574,0,0,0
106.85058907480496,5,3,2.2081944734681236,0,0,0
13.707566198038496,23,2,31.67526702757436,0,0,0
41.28938923155083,15,8,69.9352446433395,0,0,0
263.2251506424206,21,2,78.02589054144309,0,0,0
25.439638787094392,20,7,34.5564076680475,0,0,0
56.5769226718731,19,3,24.011909219010473,0,0,0
57.87565409233329,17,0,134.48740552179692,0,0,0
286.60353837801955,22,1,19.265072146224355,0,0,0
27.534872427418644,20,0,68.68414612626931,0,0,0
12.954093800495233,22,0,66.1342114562227,0,0,0
21.998665189386475,12,1,121.6359919095051,0,0,0
217.9703081100552,16,4,24.560847718200403,0,0,0
103.79240810762278,16,8,36.138967833716315,0,0,0
33.67417778790184,15,5,31.49852255141,0,0,0
169.25311877747205,20,3,131.38265005973724,0,0,0
197.59467391996955,17,2,73.3384856972131,0,0,0
187.41481279810753,7,7,89.02370342971034,0,0,0
251.23995432742322,2,2,7.141482607132765,0,0,0
140.66682208230554,17,3,28.367926316078044,0,0,0
61.718570785211426,22,4,1.1807671477569042,0,0,0
184.51510870734518,5,4,3.098470020786433,0,0,0
130.37588019347567,7,4,56.645893642758814,0,0,0
149.81087538655927,22,7,23.2617461726082,1,0,0
106.75841906842092,12,7,101.29146473205095,1,0,0
19.532019762394587,7,3,66.26431584112564,0,0,0
78.75170241922046,18,8,1.095923801326472,0,0,0
417.7926595016945,5,0,58.05976604481059,0,0,0
277.07993880074326,22,4,10.681477213279186,0,0,0
4.413344611758607,14,4,27.459491145945858,0,0,0
18.010180115075492,9,4,49.00616872652357,0,0,0
14.125114015268526,16,7,103.06744674087305,0,0,0
129.4553854060387,0,8,30.449299510731354,0,0,0
170.25697806958462,6,2,82.64088120189537,0,0,0
24.017700835005286,12,8,76.38498510089397,0,0,0
70.4921613839529,2,7,26.767743791066028,0,0,0
183.69850704778037,18,2,34.75547156906302,1,0,0
131.97636186471763,14,1,60.27954063809684,0,0,0
78.1404144953795,4,3,1.5821931077655296,0,0,0
89.24465045700323,10,1,110.73393715526257,0,0,0
71.0009650068406,21,3,73.44384912709288,0,0,0
35.31788500016205,17,4,14.345177539077106,1,0,0
83.24598074681555,2,1,198.64163287629768,0,0,0
116.75936310968125,5,7,9.885387125544414,0,0,0
206.61140751074524,2,0,122.72081623533428,0,0,0
101.14021548748543,4,2,19.61314152280505,0,0,0
143.1800379585526,8,6,72.0157179876873,0,0,0
17.443867048912377,18,9,30.474926942676824,1,0,0
61.9074518666376,12,0,66.67890759330184,0,0,0
0.9375432164456157,5,1,8.467288260694747,0,0,0
28.32636673578669,10,2,15.701744443986149,1,0,0
129.63136856112857,20,1,5.260127766267806,0,0,0
480.4835440886139,20,1,100.17737994297822,0,0,0
10.444770971109277,13,5,17.56965926291148,0,0,0
51.331925672141935,5,6,59.286384730700384,1,0,0
22.820086126156376,16,5,115.84344938084354,1,0,0
80.98719123476157,10,8,5.619095139808543,0,1,0
132.07736825681354,14,7,111.75330098994208,0,0,0
95.70748371647657,8,7,10.985770314361304,0,0,0
20.828540063345006,20,5,66.76143683464164,0,0,0
43.91013705229907,16,4,65.25397445613166,0,0,0
153.15133748939874,23,8,0.4269749850997868,1,0,0
80.79443351961764,6,1,12.463078091210177,0,0,0
0.5243335834244977,6,6,33.85468791876944,0,0,0
143.12530668276239,20,5,27.23935081533626,0,0,0
3.5949877311554204,0,6,125.40271295457741,0,0,0
136.93734613530438,7,3,22.294114658625848,0,0,0
22.624906865187217,4,8,138.2181045663665,1,0,0
317.1836719559786,18,6,30.756493983550065,0,0,0
45.87721412896034,7,1,166.7043693800766,0,0,0
39.59083443033563,16,3,66.8475622594635,0,0,0
16.12116083351189,18,4,88.40251577412911,0,0,0
36.471318634885726,11,1,5.539700762488726,0,0,0
209.27356121766388,22,9,44.111549485681856,0,0,0
560.8746230709056,14,7,7.698389151073738,0,0,0
45.93557682687801,3,0,17.664106876125672,0,0,0
59.53140605103695,22,2,48.85054841966679,1,0,0
128.03893712449096,11,0,64.7725625906409,0,0,0
217.32756794630143,12,4,1.9986064343468093,0,0,0
89.90510286786167,13,7,37.85162706704514,0,0,0
49.68005994559314,4,6,41.65656580424562,0,0,0
53.20864431503372,21,8,4.105425174861863,0,0,0
118.94722687558443,15,1,34.726209830652536,0,0,0
0.3223453352234625,6,7,62.56060759039143,1,0,0
96.65039188925853,14,7,2.7348109875149755,0,0,0
43.926961172974956,12,5,71.41163566093147,0,0,0
158.08374881107957,15,2,42.951411890386545,0,0,0
9.760250898985603,11,1,89.55614607491503,0,0,0
88.72229893778368,6,7,12.299027903787072,0,0,0
65.57991618936114,15,5,89.57008192679024,0,0,0
102.81319964746447,22,3,4.966767135421593,0,0,0
6.705217851068186,22,4,25.861445425677083,0,0,0
86.74619670881442,12,4,11.124987400292584,0,0,0
82.2481893100684,2,8,61.025407521460075,0,0,0
92.50481327074117,14,7,1.2844465169927797,0,0,0
112.8457057823754,2,7,0.4784496370942244,0,0,0
163.46993101159927,6,1,17.21256860315069,0,0,0
31.446518612624928,17,2,7.732388500838851,0,0,0
174.3251688811231,13,7,49.75377622234684,0,0,0
68.96646162596095,17,4,54.5019969064104,0,0,0
8.018918746336913,18,6,142.3233068954012,0,0,0
6.033502607505761,13,7,151.86931877756757,0,0,0
40.682350836025485,19,5,53.77849654431722,0,0,0
153.66381893970083,5,4,0.2845638746050099,0,0,0
122.99093840207843,7,7,22.236128589266812,0,0,0
155.40739964735977,6,0,35.989088987156435,0,0,0
72.82958332151881,19,0,34.57540188529157,0,0,0
58.017391189790324,17,0,46.23386877084651,1,0,0
15.952638422688285,17,2,161.63794096680445,0,0,0
39.77838153323653,14,9,108.22500690977914,0,0,0
56.919541721923316,19,5,5.765381980528667,0,0,0
9.277387160256174,21,5,15.460976800077791,0,0,0
24.9246221980613,18,4,89.52084377142072,0,0,0
91.1863780458761,21,6,86.95083031211898,0,0,0
133.0530906909701,20,4,16.104754926214575,0,0,0
640.5472880634143,20,1,65.57567932342046,0,0,0
270.47556044043154,1,3,55.742781829876684,0,0,0
102.88023098028725,7,0,32.0774732977929,0,0,0
54.688130994859776,20,6,11.248194899456331,0,0,0
154.01526347430928,17,3,56.63708398316183,0,0,0
12.594446448603403,22,3,9.255848508891198,0,0,0
52.74715511697289,12,2,61.005506475760775,0,0,0
183.13465118380304,8,7,67.63016069710027,0,0,0
48.42371702849132,8,3,108.96542986777223,0,0,0
84.83336962100451,16,7,12.605403565021533,0,0,0
88.61722825317389,6,8,224.3876071284706,0,0,0
20.392473795035094,8,0,8.32595908223747,0,0,0
44.97860945489304,21,3,45.90072231327756,0,0,0
40.7233604088635,0,5,53.52697784492373,0,0,0
2.654595521466961,1,7,27.146172507137106,0,0,0
2.4489191270530317,3,5,32.221442259972406,0,0,0
178.19896121391395,13,5,110.7791467999923,0,0,0
31.892620643003504,3,9,51.82051329762086,1,0,0
72.99745937185206,1,3,34.358350696167506,0,0,0
35.48559900798931,7,8,6.8683404897566085,0,0,0
282.4796036158523,17,6,0.3682339005906229,0,0,0
30.015521820059433,18,5,6.674776414916103,0,0,0
56.15170164185904,13,0,156.3884591469048,0,0,0
206.1446433115593,19,1,72.21456330616559,1,0,0
184.47398709821283,9,5,170.73895106520905,0,0,0
20.591951269056196,16,0,1.8180930831367386,0,0,0
162.2742577248794,7,4,57.00616412760849,0,0,0
61.2834146482455,13,0,2.2652224531386853,0,0,0
65.96521975537925,20,2,76.17596406279335,0,0,0
14.327005689790266,22,6,23.978475657408882,0,0,0
8.403564207332337,7,4,5.033319743241805,0,0,0
130.1730101451439,4,9,41.97188318338117,0,0,0
68.609441459685,15,0,16.433551031608648,0,0,0
57.421050414113125,7,0,53.87786668599694,0,0,0
145.03546989673853,7,8,61.040262948291556,0,0,0
17.305443076039946,8,6,244.41034509349734,0,0,0
94.2186012916847,17,2,24.444866618641605,0,0,0
14.543519952787474,2,5,31.303918897288487,0,0,0
139.18098878273494,16,2,81.63832117944492,0,0,0
313.7632785960324,14,3,1.8984497996741752,0,0,0
7.145090750853228,20,3,92.6004863891873,0,0,0
5.874702682483746,16,2,2.6436049990121733,0,0,0
33.15462935948641,7,9,9.365909147767542,0,0,0
30.341273135638318,1,5,5.383713236387263,0,0,0
28.366189629572723,16,4,4.056551348303753,0,0,0
236.71724742163093,17,8,1.301024550907786,0,0,0
28.707718856360664,4,8,2.8299839436661984,0,0,0
31.738517565419478,8,2,29.20918519451166,0,0,0
142.4612253597161,8,8,14.574617449397609,0,0,0
59.736409886505704,1,2,6.764468758182591,0,0,0
149.92863982584598,1,3,53.75048316219537,0,0,0
6.760043876192516,18,0,12.81640016144681,0,0,0
66.85934921037368,22,4,0.9565495672907001,0,0,0
3.419152493794983,2,8,27.100318472376127,0,0,0
6.470195151063192,16,1,18.584570148652308,0,0,0
236.9125118145484,13,3,19.180613853664774,0,0,0
14.994579904644503,13,9,29.463691044871837,0,0,0
76.01862810622099,13,1,55.26884494210527,0,0,0
52.94914219185613,5,7,47.918060693146316,0,0,0
42.670405559453656,2,8,138.43908673218516,0,0,0
230.09199370088268,0,2,36.461175419379565,0,1,0
2.206504935500153,15,8,31.986947634966334,0,0,0
109.00183808326895,3,5,12.002688528000434,0,0,0
330.75549794683667,0,5,70.4027280856751,0,0,0
82.13628602808521,16,6,7.586268110291759,0,0,0
276.1806452919119,17,4,33.77841883581985,1,1,0
5.367283829582405,7,5,27.350471509853673,0,0,0
54.26488522972961,1,0,53.69123452765565,0,0,0
30.13183465506887,17,2,124.82152168721076,0,0,0
131.23785630731405,15,8,146.49309901052513,0,0,0
397.90761788416825,9,4,9.184080091592774,0,0,0
29.64269475836514,7,4,15.178190666127605,0,0,0
106.18212598300316,11,7,83.46877038442874,0,0,0
22.076841513427965,21,1,36.51958767297577,0,0,0
83.31687421479583,15,6,30.168483740994382,0,0,0
62.349516817232185,11,8,62.00167087227578,0,0,0
357.5741130908115,10,6,46.055736509206454,0,1,0
93.78394280377333,19,4,176.53237755610718,0,1,0
43.00237767529106,18,5,43.85045442888972,1,0,0
12.114644357562018,0,3,31.365521344605945,0,0,0
16.39868637214363,2,6,39.133616129085084,0,0,0
25.53012751408823,11,0,82.65377060342239,0,0,0
28.897178556136982,8,3,47.4245645854254,0,0,0
190.12354942631106,20,2,52.071173377641685,0,0,0
82.37634851167945,21,3,177.78544639372873,0,0,0
74.10586447854435,4,0,48.16852531056984,0,0,0
12.19065063412979,0,1,23.924799238513607,1,0,0
196.71111641550874,9,8,58.77348313496594,0,0,0
128.30676118738606,16,6,53.86104576037426,0,0,0
7.006669271951631,3,5,0.6972204216855624,0,0,0
123.04369006024542,14,1,31.492593167683896,0,0,0
78.42503006173838,18,0,67.91520891767027,0,0,0
8.525874546966827,7,1,34.561596563180544,0,0,0
61.304412060670245,22,6,75.62035521876732,0,0,0
66.2998818414935,14,1,29.972250684660434,0,1,0
18.125157762181647,6,2,204.6820334123871,0,0,0
291.3196927399496,14,7,17.328564283334092,0,0,0
189.6955808234685,7,6,4.832297024811403,1,0,0
110.57043902602179,22,8,28.106981107349277,0,0,0
62.044623966888565,9,3,39.01254898635527,0,0,0
53.062967175684406,17,6,21.469481410944415,0,0,0
105.26073343140585,3,0,13.872144289371116,0,0,0
78.84074743037924,14,1,55.74603118800182,0,0,0
6.429653002712656,10,6,23.67047913478279,0,0,0
71.84704219340354,21,1,49.897892892427315,0,0,0
164.19797883681323,2,5,75.49579632815549,0,0,0
61.47794951322301,14,9,71.56513609614422,0,0,0
5.335497350844933,2,8,23.524932438239464,0,0,0
22.4849733685874,5,9,29.86078918234129,0,0,0
29.924309074837023,0,6,102.32171720538119,0,0,0
17.997194341740162,13,0,105.4985344052527,0,0,0
40.07986104717142,15,7,21.06003195415922,0,0,0
141.3671747816516,0,8,4.811089392965911,0,0,0
73.26905335240428,20,4,9.171057055204225,0,0,0
22.926383478708843,16,5,22.864380451161953,0,0,0
210.23424012654877,7,7,41.53432453839386,1,0,0
204.46801801024367,15,1,20.1263000473617,0,0,0
27.285416640692077,5,9,55.05563855711612,0,0,0
60.0092896432293,9,7,138.82179258709272,0,0,0
419.9015724929951,9,1,52.779669767237536,0,0,0
147.84643721827786,4,4,8.632339201766685,0,0,0
2.7543278636881525,11,5,43.33562879088371,0,0,0
6.742758781911052,19,4,39.032899577787944,0,0,0
62.349309777106285,16,5,102.28104254438806,0,0,0
239.93185496536807,13,5,21.562463180237256,0,0,0
77.37105860039205,13,2,27.490937679161803,0,0,0
68.87817390488921,2,2,45.647198861332924,0,0,0
11.146097451660442,11,8,37.16156681168206,0,0,0
106.93839431309624,19,2,63.4729829548511,0,0,0
47.87134619671842,11,1,41.45018017950123,0,0,0
149.43779183383717,1,6,6.486752849076456,0,0,0
333.75651620520983,1,9,18.932079292044264,0,0,0
22.78627431134131,16,9,54.1803016225736,0,0,0
74.09300777021357,9,3,8.563989144056777,0,0,0
33.84673668890539,17,0,18.46932946138726,0,0,0
86.17868409396449,18,4,52.60627340464138,0,0,0
100.6714517833276,20,1,4.772691312584683,0,0,0
159.90627194510662,0,5,43.05090189273783,0,0,0
50.41321959217804,23,0,7.964704504240204,0,0,0
246.61642126129655,3,2,14.53575863028168,0,0,0
76.14878374553811,3,3,30.736330496821406,0,0,0
17.19216115893184,1,2,5.790008951351824,0,0,0
119.0395784496388,18,5,252.94115434510093,0,0,0
157.6299845923955,20,3,9.038312009546102,0,0,0
38.09115447957103,11,0,76.00560480621928,0,0,0
194.61649805133624,9,4,88.55046602602421,0,0,0
236.59856460311664,12,4,259.8238811410266,0,0,0
32.42139595704644,21,8,27.987946471057302,0,0,0
410.56971222817384,22,7,103.61119066886877,0,0,0
15.165059038050552,19,7,157.958980537797,0,0,0
22.56663163146758,22,4,9.491129661571536,0,0,0
20.36165002675717,14,7,32.642130543756885,0,0,0
224.42191141841326,2,9,3.0943456602845645,0,0,0
106.21623885347033,22,6,48.47455692225875,0,0,0
16.499762625030378,19,0,43.542708864403544,0,0,0
58.03961948898719,12,6,11.415737739910895,0,0,0
95.52863355479619,7,7,79.95031528997329,0,0,0
8.715402533365735,6,2,1.8990476823431954,1,0,0
214.06054403422732,23,8,82.0534790417976,0,0,0
162.7619884453608,7,7,1.3503355748024248,0,0,0
70.36153280818361,17,1,53.47629331693459,0,0,0
341.50919230500875,8,5,4.102250885005574,0,0,0
54.08742270293948,5,3,14.465871733885486,0,0,0
414.2085376451174,3,2,63.99112603674085,0,0,0
110.2379371634689,14,5,16.45332233899232,0,1,0
100.6957709493521,4,9,35.78741857846236,0,0,0
18.146779570663476,4,8,123.40145571441585,0,0,0
213.64586240880556,6,1,2.5454238975540786,0,0,0
55.77245313502252,8,9,83.32152710735166,0,0,0
17.70157444826844,6,9,3.3749849787572064,0,0,0
1.2687669122935623,8,9,6.779237499553379,1,0,0
82.04254417138756,19,4,6.352996255811731,0,0,0
74.95051146585031,9,5,256.6594993918634,0,0,0
127.06598447470941,3,3,9.933909161945467,0,0,0
220.9623605735428,5,6,113.53583937201472,0,0,0
8.273680018054948,23,1,235.15107579510817,0,0,0
131.48912937605925,13,6,24.207948889639383,0,0,0
20.753099415526915,8,1,49.85450989369566,0,0,0
195.31758525685584,0,0,75.50027878469682,1,0,0
170.96092146110044,16,4,24.93209750631671,0,0,0
77.82558342991005,12,1,8.82577068547957,1,0,0
123.87119433120625,23,7,28.437105401603752,0,0,0
37.73881506113965,6,7,73.89584931657915,1,0,0
63.70842867894616,8,0,75.88004301816457,0,0,0
172.39339059589628,10,3,13.103236957593237,1,0,0
61.48263184240825,2,8,9.616512244872936,0,0,0
68.16385540848643,20,9,2.249817593545266,0,0,0
176.17109952674238,2,5,66.3519527870176,0,0,0
40.82811404643337,14,2,2.3766704468156297,0,0,0
19.08719189412956,20,4,90.9771082001795,0,0,0
124.48434817352836,9,0,117.91272021811116,0,0,0
174.8574773284898,0,7,17.64973793740787,1,0,0
10.606907609808841,13,5,3.8405773654460367,0,0,0
42.762086155605616,1,3,26.990082050875948,0,0,0
59.847534792021214,22,8,54.67906628389733,0,0,0
138.16106944838228,7,8,11.775107505168291,0,0,0
105.31063255355015,0,4,22.07676190035781,0,0,0
43.4443371406971,3,0,51.60780458445494,0,0,0
184.16698450343083,4,5,19.746699610375174,0,0,0
63.73098440439261,19,7,54.577107097103,0,0,0
386.8242416594891,8,0,72.47511194808911,0,0,0
100.55103770097726,22,0,44.883948138114285,0,0,0
13.497785718102525,12,6,13.688750113488906,0,1,0
112.75599445107554,17,6,0.012266030031555533,0,0,0
39.319669691961025,16,1,81.18929445316442,0,0,0
7.218490506954432,21,1,59.800976017545835,0,0,0
19.22281904591215,14,5,3.9836059332520657,0,0,0
193.61190510181302,1,7,44.00062674016535,0,0,0
25.77085433067849,15,7,86.0242480887112,0,0,0
181.4257412112832,19,0,24.687636602943435,1,0,0
32.74991393787473,21,8,11.032379330132137,1,0,0
118.46623684296387,21,8,87.52318800906511,0,0,0
71.87824812885495,18,8,2.5052242076041358,0,0,0
36.42905501889821,4,5,45.43488375661886,0,0,0
23.90752601646858,1,2,51.52532187087363,0,0,0
3.375261921056072,6,0,46.11129543061053,0,0,0
36.23286119012093,2,7,52.49591849036952,0,0,0
278.5549445909374,23,2,6.986320536690817,0,1,0
204.95292660963992,23,6,13.389840202962446,0,0,0
145.2711024747378,2,9,48.24700849148185,0,0,0
155.32813434137014,12,5,0.8925778116643064,0,0,0
109.35796839216732,6,2,50.35791107730255,1,0,0
30.149281329727017,23,5,54.738975724757225,0,0,0
237.72550921950906,2,2,13.667579625739856,0,0,0
111.08842174200689,14,8,45.58168336180372,0,0,0
82.19824878863804,17,0,38.1881463444989,0,0,0
11.764619788426465,9,7,15.10200271277242,0,0,0
59.24977233839371,22,4,31.08543953125973,1,0,0
61.68498248029955,6,3,120.18911957296497,0,0,0
199.92531918569642,8,0,27.80882873100545,0,0,0
79.10868989857643,4,8,49.691560921550746,0,0,0
47.86820564475785,19,8,1.7995394430794471,0,0,0
376.3617160352339,7,4,4.049664104594234,0,0,0
11.73437996267585,13,8,4.240221974524578,0,0,0
54.9130698651335,3,9,75.30815032339866,0,0,0
4.293325830688141,19,8,21.558910849405088,0,0,0
134.67049496631458,13,6,12.91339305359056,0,0,0
250.19700311638778,11,7,68.78247465522433,0,0,0
32.85559149140194,1,0,9.314073097344954,0,1,0
195.43372955128297,12,3,14.150817034323278,0,0,0
34.56194679182993,0,9,28.18771828846377,0,0,0
241.6539784613971,19,9,20.13131225088747,1,0,0
140.22688916121695,6,3,44.02111462314347,0,0,0
1.8170646414164462,16,2,24.957340688187333,0,0,0
329.1724972436397,20,9,99.34735092393477,0,0,0
129.7079052164683,22,9,107.93784953230634,0,0,0
36.3485361397723,12,0,87.9291543571029,0,0,0
176.84023716049077,22,4,100.06144668721141,1,0,0
33.06190776073191,9,6,42.1669633877677,0,0,0
206.16317974144164,15,3,51.955869084216374,0,0,0
11.943734248109422,5,8,40.72882402571542,0,1,0
121.63355000441867,15,5,76.99281366092579,0,0,0
77.80483709672554,10,5,40.03667365572543,0,0,0
10.151732152650952,19,2,5.887231075692209,0,0,0
1.248160847502802,8,9,71.47787720369203,1,0,0
63.2556376660282,14,4,85.82348989224424,0,0,0
35.84840948371944,12,9,10.56256868190199,0,1,0
91.2192850415572,9,5,15.846417129922841,0,0,0
35.27367199452367,19,3,17.531214112921038,0,0,0
35.65593956246741,23,2,35.472013366151494,0,0,0
135.94312228270263,12,4,7.186422267271069,0,0,0
4.934029323995536,16,6,24.337697047245946,1,0,0
233.19623621911788,6,5,10.054315601322706,0,0,0
191.23275316140763,5,1,15.378099622974345,0,0,0
110.2032179513412,12,0,61.27474332510234,0,0,0
89.94866400763402,16,4,96.48600068421949,0,0,0
222.8428890443056,14,4,1.1586141070364417,0,0,0
20.497237608398876,3,5,41.72366807174945,0,0,0
8.226176032410242,14,2,1.8362990066907532,0,0,0
27.379254003431893,13,0,4.455182486683369,1,0,0
158.2690235862734,20,3,61.05324131610958,0,0,0
3.5285543495326506,10,3,66.51614157337549,0,0,0
87.42059392195671,23,9,84.09523514969196,0,0,0
538.9888108860083,3,1,32.14566597686848,0,0,0
193.58337438357688,2,7,98.23693362701414,0,0,0
73.69855720088178,1,5,9.126376398725558,0,0,0
6.5756232152531515,19,2,14.365201438298547,1,0,0
178.00691543267394,9,0,7.222519285574752,0,0,0
91.37402575437055,12,2,79.85997061198067,0,0,0
12.209192730281728,19,7,12.982280862133958,0,0,0
9.85584630744615,20,3,8.451192786988434,0,0,0
240.3807730784339,22,2,48.79018678363367,0,0,0
110.62421106880511,17,3,4.010745886245005,0,0,0
176.7770319522405,20,3,2.2969761096998766,0,0,0
211.17903707549414,15,1,5.642628252449899,0,0,0
84.81003370649202,10,3,0.012045650218758959,0,0,0
72.86631763115787,9,8,59.69949898415901,1,0,0
56.28690420945743,8,3,41.303688858605874,0,0,0
38.11822201133832,11,0,11.778212809514176,0,0,0
148.66879246667258,0,0,83.29210660309954,0,0,0
223.0481105629336,13,5,59.95396602886465,0,0,0
58.5872523921944,21,5,30.14297519218952,0,0,0
93.41736287652888,20,5,13.57193735764845,0,0,0
99.77924596909264,0,8,176.00377698972142,0,0,0
89.5746130659513,16,0,41.694950423679366,0,0,0
121.27908125529778,10,9,7.019566486546664,0,0,0
27.106551971661276,19,5,26.051377863901486,0,0,0
71.81855969024139,14,7,19.97445589404347,0,0,0
11.006579347833084,3,7,12.045488796843363,0,0,0
48.533873749905965,14,2,135.48256604072208,0,0,0
66.87806086687532,21,4,106.3979852353427,0,0,0
105.61974309192883,21,9,11.103900742500828,0,0,0
300.6410131231943,13,3,21.704641626399734,0,0,0
91.79197243331002,21,0,71.84053296095674,0,0,0
136.0992826356592,0,8,11.691652052751794,0,0,0
70.57584888556772,8,4,44.771107983713414,0,0,0
100.54062247174016,6,1,60.164309026103815,0,0,0
7.357357849613004,22,1,53.06182618140135,1,0,0
29.35547238851391,10,6,61.27832057030395,1,0,0
44.91867607094905,22,3,61.32789509010891,0,0,0
63.95938165672087,1,0,167.3438694023943,0,0,0
4.672348400234121,1,4,21.270552331949876,0,0,0
15.08509105379972,5,1,105.42927634134035,1,0,0
32.40892541033411,22,6,1.1024175406034815,0,0,0
355.8998899231591,18,8,16.998123452751773,1,0,0
40.2490048644112,19,0,2.4939664096185634,0,0,0
65.7859302628751,13,1,52.663397004808175,0,1,0
21.8277550445643,2,5,5.311954559705455,0,0,0
94.3610725139916,6,7,93.44505015586401,0,0,0
32.94534279114121,6,6,52.00655936853769,1,0,0
23.19226985492502,3,8,1.4619358279823151,0,0,0
72.68541893244206,22,1,62.724261487870926,0,0,0
0.5521011937309772,4,8,99.03774334441593,0,0,0
0.7693552270400301,16,3,54.10560950404017,0,0,0
24.72682368674306,3,2,1.5499891183994332,0,0,0
3.741256583819583,22,6,97.56809108387473,0,0,0
11.431801916276623,12,4,65.92504084127154,0,0,0
41.379064340503085,15,4,23.77705161886088,0,0,0
162.2450609425646,15,1,19.92176314729094,0,0,0
84.87457425913128,1,5,32.67903610988678,0,0,0
71.88091009880625,17,5,100.90857441010141,0,0,0
34.74162570366474,0,3,14.521582578751369,1,0,0
268.4632343586216,17,4,5.321599543076508,0,0,0
50.58630265746683,7,6,99.98952939913495,0,0,0
9.112101011657558,10,7,1.3320802873488258,0,0,0
95.9893976209954,23,5,120.95427259389211,0,0,0
12.085594487066292,23,4,18.245811533750135,0,0,0
42.34607774232656,14,2,35.486465533634146,0,0,0
70.80820297197461,15,6,7.0952044299004,0,0,0
207.32410022989166,16,7,116.26964595110427,0,0,0
68.0322924655953,16,2,69.28197345730389,0,0,0
121.15305120925102,11,4,128.95356146345398,0,0,0
493.60157419781103,9,1,57.47881625043032,0,0,0
14.097516591598156,19,9,10.209575112657179,0,0,0
32.12133830469017,5,9,18.42776201432514,0,0,0
50.18263648364749,7,3,33.359215106505644,0,0,0
54.7884185521464,12,3,46.73014470669609,0,0,0
52.93648774062828,1,7,130.49590760066823,0,0,0
238.17473827119144,18,2,24.221476462449278,0,0,0
125.18776161694254,21,4,60.713283379534545,0,0,0
93.62516676317526,9,4,162.22102768731835,0,0,0
37.01549898293989,3,1,8.26579265136019,0,0,0
173.60809938777112,11,8,99.28284034041609,0,0,0
310.2438393798156,17,3,27.29726398882552,0,0,0
172.14778108650663,6,8,65.91716644809827,0,0,0
0.15663312480417482,19,8,17.374317202917453,0,0,0
101.17046850671213,23,1,20.32209562126029,0,0,0
5.248914749504456,23,8,1.3754063963117469,0,0,0
29.787682322247566,22,8,177.72468936645492,0,0,0
6.136989358196631,3,1,83.95348919586361,0,0,0
92.5824668128792,6,5,4.931271143680955,0,0,0
116.02427654447605,9,8,380.93251766748165,1,0,0
12.1588861456813,14,3,46.44658937099055,0,0,0
48.424679614936046,11,1,96.11458691679272,0,0,0
60.924088577078926,0,6,3.449327322376422,0,0,0
46.053344811873934,19,8,24.66985094592929,0,0,0
12.899882366411731,17,5,55.38029889144143,0,0,0
54.291466418388076,15,3,5.626738274421352,0,0,0
139.1017689728074,4,0,33.55977836161641,0,0,0
7.365479050723611,18,3,29.23059420179051,0,0,0
8.357729556475979,3,2,12.169878333723453,0,0,0
43.815043873643035,5,6,17.85302490217269,0,0,0
284.25943055278407,16,9,170.74203321366824,1,0,0
110.43466388409175,6,4,17.029428877684275,0,0,0
113.52865116996828,23,2,12.003432174911557,1,0,0
44.92915972898056,22,1,38.41608140564286,0,0,0
1.0182853752543086,8,4,64.56614121780784,0,0,0
101.08653099260425,12,7,70.17145316214679,0,0,0
94.82290438928432,13,4,25.023999607142816,0,0,0
206.90841132375434,15,1,74.35174046125616,0,0,0
128.72567929071607,22,3,117.61613874089723,0,0,0
12.846813702599706,8,6,46.09031112997379,0,0,0
232.7424115981774,14,5,2.6862257130627754,0,0,0
6.87541617901371,4,9,25.262543402869365,1,0,0
76.34998458928469,17,6,3.8563169967576547,0,0,0
15.33110102075156,20,4,69.02314241146826,0,0,0
1.1775672614482025,19,1,3.2805798622481146,0,0,0
54.82406856437376,7,7,10.273229134921625,0,0,0
34.961521919037764,14,1,26.97483906101444,0,0,0
66.55329742231592,20,7,31.055129446287122,1,0,0
86.08557570924074,8,6,26.084361595157212,0,0,0
4.472446625591256,18,2,31.124804583678838,0,0,0
13.125204388468148,21,3,62.45533464477732,0,0,0
81.78998397282467,5,6,23.043776704352986,0,0,0
42.03260161910579,3,3,39.676058498283254,0,0,0
130.62768385614584,10,8,18.074989492583466,0,0,0
105.63912212517101,9,6,21.81896542007917,0,0,0
186.8236899497368,2,0,47.56986068028772,0,0,0
117.92568641026975,0,0,33.71574645483848,0,0,0
56.199800860400615,11,3,64.19344048763108,0,0,0
111.76930411056149,22,8,41.110268280087844,0,0,0
32.21095199801292,14,3,81.37349718094379,0,0,0
36.573514788099445,14,4,29.29615928245402,0,0,0
155.58268158503174,20,0,33.76866577159646,0,0,0
59.13481289156752,13,1,55.42879033890381,0,0,0
160.13722302693466,6,3,12.502871643740754,0,0,0
172.83474342218727,16,3,24.382279836061375,0,0,0
194.88508322579455,23,9,49.0202996648323,0,0,0
248.4529550993177,18,5,1.4650696358963566,0,1,0
56.38488706998093,6,5,28.72124562903525,0,1,0
38.399742414314716,2,7,45.670984900213206,0,0,0
87.27494298500832,2,8,171.13463596586826,0,0,0
46.389818297259,17,0,104.78527899868102,0,0,0
91.89797610752633,19,0,16.47675442451207,0,0,0
122.2767872369461,21,5,35.38361851392353,0,1,0
116.60510706740872,13,3,2.903408164713212,0,0,0
46.928850424077986,2,3,13.771499489109146,0,0,0
56.304801359786104,6,8,6.580320174582588,0,0,0
15.384389498610052,4,2,14.899452016771844,0,0,0
220.81574405370668,2,4,144.15814179853038,0,0,0
42.446057617394004,17,9,86.82261520079281,0,0,0
16.77795035251999,14,0,76.12351096863898,0,0,0
2.5777154396676663,19,7,99.96040056842429,0,0,0
103.79567580206073,13,2,69.23591750037478,0,0,0
101.30833829968199,3,0,6.424987408465668,0,0,0
41.64312671107416,23,9,36.34154053896312,0,0,0
7.441312977627453,7,5,29.371289373519634,0,0,0
52.700394811174625,20,0,18.636701483057116,0,0,0
37.28297255282833,12,2,89.80054761528999,0,0,0
113.04765231587015,21,4,31.194042878141786,1,0,0
93.08442460058356,7,3,3.1096025517220274,0,0,0
45.34906865588918,14,6,16.076807726174863,0,0,0
24.576314922424828,16,5,12.97877660186251,0,0,0
442.585030936453,4,2,109.23071921914823,1,0,0
60.51392724652938,19,7,52.126453556087746,0,0,0
116.56314385193247,3,7,41.09180338254683,0,0,0
15.146608209468255,10,1,35.32674402971556,0,0,0
66.47340822689206,17,6,52.507255624322056,0,0,0
2.7922962422925313,9,0,70.29946125367084,1,0,0
70.4117369470702,16,1,40.414963415891656,0,0,0
332.47199885121483,14,7,139.26174963704528,0,0,0
48.4843944794742,5,0,188.25384794573745,0,0,0
3.9776720774783136,22,1,268.4618540404862,0,0,0
3.1445044725836535,20,0,55.34096018613823,1,0,0
49.100136263008146,15,4,134.8706984122339,0,0,0
17.438307385113085,14,6,25.915989694402935,0,0,0
2.3629077081200562,7,5,98.16027977320718,0,0,0
141.14629041429106,8,5,119.9406489949619,0,0,0
34.14271728293356,1,7,88.84737044382264,0,0,0
230.34172693215433,12,4,26.09425791604856,0,0,0
12.34554234978653,3,9,8.65268077622005,0,0,0
312.17225481409747,8,6,20.320003978723275,0,0,0
37.68291354905263,4,2,72.8978043913296,0,0,0
219.2867135568108,18,8,13.255961030279959,0,0,0
175.2773551376384,2,2,41.6664051029673,0,0,0
413.59895960002825,20,5,46.29919829675855,0,0,0
34.024696489861164,2,2,137.22965288127034,1,0,0
324.7673665959655,5,0,54.16052838411566,1,0,0
49.34473296916219,9,0,77.15882882784047,0,0,0
48.69657232099602,4,2,43.59914275237074,0,0,0
41.61021376304796,2,3,89.66212407595798,0,0,0
77.95934968938802,21,1,15.303410860403796,0,0,0
16.74073799118866,23,8,11.77837497597991,0,0,0
80.67896422915673,6,7,130.40122743942112,0,0,0
78.02417880895128,21,2,59.123756596924906,0,0,0
143.50721383064956,17,6,55.66481521177612,0,0,0
179.36610477084534,22,3,31.489396345668847,0,0,0
58.06069315450655,7,4,23.636146904326502,0,0,0
36.001372482894666,0,3,40.56177251862359,0,0,0
30.02067090421373,3,8,6.423857879196702,0,0,0
21.644582711012188,23,6,30.32211062472166,0,0,0
5.93759578083808,6,3,30.382219955763993,0,0,0
41.923139841698976,13,7,38.64595181482104,0,0,0
31.505010670516896,12,1,50.349848281553946,1,0,0
339.37467824296607,9,6,157.69932840137562,0,0,0
81.57868496541154,22,0,52.801945736638864,1,0,0
86.86145236225727,0,5,40.63076617590455,0,0,0
14.988925750214477,3,4,49.29917669323347,0,0,0
58.70656734429029,15,8,3.619769448221746,0,0,0
98.41262057820113,15,8,7.151026355869019,0,0,0
67.11857709794751,17,2,43.33580986512678,0,0,0
51.3794694855752,7,8,25.1852906570409,0,0,0
509.10412639424607,9,8,80.17540638686596,0,0,0
212.28900002467967,15,1,39.173059338712804,0,0,0
97.65874838068078,22,4,106.97700664804837,0,0,0
84.25231203811369,23,1,179.37335735132473,0,0,0
96.93236433199543,10,0,7.987032866068031,0,0,0
50.27545216901969,0,3,54.67840538403055,0,0,0
4.025916636576021,11,4,18.227346299529405,0,0,0
64.53976290435796,5,3,15.532684750738596,0,1,0
78.31256837529746,12,5,84.03020020830385,0,0,0
25.84466054589457,16,1,196.5563899131665,0,0,0
332.50379718997766,0,7,74.317522120446,1,0,0
240.1904017398643,7,3,37.082914577848705,0,0,0
128.06495335237952,21,7,29.215646141896407,1,0,0
203.99836231826205,23,4,31.07293614246423,0,0,0
14.001216907623093,10,2,34.94700201959736,0,0,0
156.3078291428235,13,6,11.37346033237916,0,0,0
13.332662955202384,23,2,117.0361332886358,0,0,0
158.09022671741687,9,7,70.2300457154088,0,0,0
32.26428997913426,14,8,57.124670172268964,0,0,0
209.63076259504493,6,1,149.7116408894674,0,0,0
288.3155546350164,6,2,16.73130033155456,0,0,0
16.110342521460957,9,6,4.232131646394324,0,0,0
62.11532794591166,3,4,87.47485980269715,0,0,0
396.2652213142971,17,9,322.420526757362,0,0,0
66.05007924873811,9,6,43.18876124953273,0,0,0
199.17788752652126,18,1,3.030479829326933,1,0,0
88.85090469242499,13,3,75.81287270636128,0,0,0
47.05316212803642,12,0,3.83050377426435,0,0,0
33.65692190600759,14,4,38.8279597436358,0,0,0
22.718055290838638,15,7,16.25414035049432,0,0,0
143.46370292169556,1,0,123.27095689641811,0,1,0
48.86410428023759,3,6,30.013016118679293,0,0,0
71.5956265614062,20,6,114.36677234736439,0,0,0
67.7914745408909,17,6,17.768153473591948,0,0,0
86.104296117355,16,0,24.499100439094036,0,0,0
200.6764817913147,9,2,146.98573663535345,0,0,0
394.96907913356824,20,1,11.239398314412568,0,0,0
52.35465402486669,8,4,43.1969116906197,0,0,0
175.74677418973533,14,1,24.592860726460934,0,0,0
144.61623965025862,11,4,74.3979490995427,0,0,0
85.22107958446628,20,4,6.922681272108995,0,0,0
22.373687170445013,13,6,60.02106041004199,0,0,0
11.57074278197645,12,9,26.129412905494004,0,0,0
192.3888190892786,5,5,3.0157321422484245,0,0,0
57.83014619474764,18,1,61.05802709840672,0,0,0
187.7113811032593,3,3,34.97821910974945,0,0,0
223.5769839287117,19,6,0.5686558039555833,0,0,0
6.44932886875834,16,8,47.42209107019958,0,0,0
214.9561588070323,18,8,126.21212653660461,0,0,0
59.478539866842475,2,2,5.884361599192598,0,0,0
71.42329082461058,13,0,44.66183097256449,0,0,0
98.50849920853021,16,8,65.2207682712684,0,0,0
260.8873959564776,12,7,3.670147121757587,1,0,0
1.9301169365585842,8,6,1.1437554933910774,1,0,0
64.78745639378232,0,5,31.199330376979184,0,0,0
116.38615981336584,16,9,78.31573332750126,0,0,0
128.26804175451045,15,6,8.760509734699687,0,0,0
117.9385665711108,17,8,90.58911133532168,0,0,0
14.437295559530932,1,5,53.43965496169655,0,0,0
35.581187130977405,13,9,20.186327597792058,0,0,0
44.42821224093347,21,2,36.26552582755973,0,0,0
163.18737627865215,22,2,168.44858227282904,0,0,0
32.6783149176632,16,3,12.1951887257632,0,0,0
23.661509123624853,2,9,34.61092037456465,0,0,0
315.70288689500086,1,9,48.973050288801296,0,0,0
0.8902797672285236,7,7,7.4258476084629805,0,0,0
612.8822993904087,1,9,2.2248791772483902,0,0,0
112.95498544367533,1,8,0.677567962050731,0,0,0
176.299301643837,8,7,19.62938321719408,0,0,0
34.901775850492065,19,9,3.8412064276369207,0,0,0
1.4418729738011522,20,1,81.42337982437861,0,0,0
133.89128784347005,5,3,296.08810339186834,0,0,0
179.66389364934008,11,3,3.163170547648465,0,0,0
134.8906603548094,8,1,28.345666662498097,0,0,0
15.414268171022169,6,7,1.303449270708395,0,0,0
140.0100923604254,11,2,7.192992585948827,1,0,0
146.50033477280164,4,1,19.49848134775432,0,0,0
107.4526247331881,15,6,25.018870930904868,0,0,0
145.29297256924133,4,0,140.48998424339155,0,0,0
187.0292674678805,11,5,25.195546668158453,0,0,0
95.08928243129304,23,2,34.28650367730375,1,0,0
9.277857239491574,19,2,14.090525080466687,0,0,0
66.87039837876222,8,4,0.006257329354148283,1,0,0
8.082979657432533,22,2,114.79758549691633,0,0,0
52.347703482533525,6,3,4.262360722155597,1,0,0
52.27404730506311,18,2,166.55862959002863,0,0,0
6.828938057355076,19,6,7.011638645688118,0,0,0
42.89699972993807,22,2,46.42809588619271,0,0,0
11.76559048780725,10,9,371.81924424747564,0,0,0
165.14857100754801,20,3,7.451956408811541,0,0,0
295.05299850619986,11,1,27.57744061496787,1,0,0
7.506463373245577,2,1,75.8027678678652,0,1,0
310.36562340686856,16,8,1.6359823398509827,0,0,0
73.93515493887611,6,0,58.52412120882462,1,0,0
35.60546762786021,21,0,4.189374667710193,0,0,0
7.997662473957208,9,9,13.493426808439866,0,0,0
69.43964967713936,22,0,8.722203044523525,0,0,0
122.78778577836498,1,1,9.9504032787581,0,0,0
5.153122949604646,12,2,2.06371398070143,0,1,0
7.569582405825248,3,4,44.29118973275721,0,0,0
51.56259312160877,17,8,21.246230507769496,0,0,0
34.996960938004904,23,1,26.01907519190324,0,0,0
26.446609173255954,22,0,6.338443781525978,0,0,0
32.990017845551165,0,5,68.96285731174773,0,0,0
162.70050311567158,1,2,46.00912093912915,0,0,0
264.8292594543428,1,6,22.64490196068813,0,0,0
51.93664841775336,3,5,9.411445168717474,0,0,0
236.56420682428902,2,6,45.00263171068096,0,0,0
38.78644640572496,16,4,75.38859855509355,0,0,0
64.70978859895243,13,0,18.72720276585942,0,0,0
25.62208709727886,1,2,1.310032111137662,0,0,0
102.29744619715446,15,2,12.061811098997225,0,0,0
386.2333967976322,10,6,57.34778410834173,0,0,0
92.5061825810096,12,2,225.93301007796433,0,0,0
44.287742860668416,0,4,0.67332535824764,0,1,0
104.36056184754838,22,3,18.275230702155465,0,0,0
13.115784425231066,1,3,3.2013790084451648,0,0,0
219.51584356663062,1,6,19.01540732061899,1,0,0
69.93341822032346,20,0,26.0365883263313,0,0,0
59.665541190610185,4,6,126.82816384312076,0,0,0
88.15627605399604,3,7,4.199567968484798,0,0,0
98.02530531518269,11,2,75.05924115500396,0,0,0
114.76467295243799,19,3,83.36999854379863,0,0,0
27.698176589151046,9,5,36.01586698265593,0,0,0
125.15978612695335,19,6,2.003719891776361,0,0,0
172.8980713981719,17,0,146.12955995568387,1,0,0
162.94289459954794,20,3,4.317892080494189,0,0,0
80.40809030749026,20,6,45.52580964984195,0,0,0
73.43231800466302,20,1,105.05073404726113,0,0,0
15.41726349642509,9,0,4.156571020103376,0,0,0
149.31945076374282,0,0,40.35986580507322,0,0,0
31.66432691086065,5,9,86.94598308989413,0,1,0
68.65597708997227,10,5,214.60823126459854,0,0,0
33.44579966637421,1,4,64.42706761159188,0,0,0
14.36721949072962,6,0,16.30966856373452,0,0,0
5.586375972591637,20,2,61.16912622331082,0,0,0
138.08899279180804,20,6,60.19297588792464,0,0,0
38.21199325538965,20,8,96.29670329369044,0,0,0
0.013470207640267372,17,8,4.5717881913973555,0,1,0
71.56569128044453,20,5,5.737996796148928,0,0,0
4.798499236125218,18,2,51.16834762361048,0,0,0
32.31981099097797,3,0,153.82661750431663,0,0,0
122.7502425593323,12,2,31.352865567943766,0,1,0
182.84555642147865,19,1,139.09984969073383,0,0,0
0.38272371963960566,23,4,116.60570997450021,0,0,0
28.345617309149553,12,7,120.31455715957249,0,0,0
135.0556846311104,18,4,114.29563924113366,0,1,0
38.01923951197497,16,0,85.70920404741756,0,0,0
10.74653827437935,0,2,59.36872582875278,1,0,0
44.6652667564808,5,4,1.235549790838271,0,0,0
31.524963848875604,18,6,7.092788193486434,0,0,0
184.96761371370292,19,4,7.206918384024669,0,0,0
37.592754529383974,0,9,1.191089162945101,0,0,0
155.55771577313507,7,4,6.204619364881345,0,0,0
222.44409077040282,16,6,126.12820382140609,0,0,0
56.88386725432964,20,7,54.50309045810232,0,1,0
240.73140731611966,21,7,18.70362889622294,0,0,0
47.3719410559516,14,6,78.83885947059682,0,0,0
332.6416952168716,17,2,33.50762843345322,0,0,0
9.353024181236151,6,1,7.664962606495113,0,0,0
116.16136446599883,15,0,107.92513842298152,0,0,0
68.08511682311533,6,5,20.674507104181643,0,0,0
49.04493137625131,16,8,60.0088725449938,0,0,0
100.16086674053277,3,2,17.166375253588456,0,0,0
121.69131426351242,11,4,34.66448460309135,0,1,0
0.43728164917464124,12,8,84.70969488130912,0,0,0
18.2665322371209,3,8,8.526211768045954,0,0,0
124.84335312686663,20,6,189.162573233247,0,0,0
109.77688851674723,0,3,3.640144745535568,0,0,0
338.27929410405415,0,1,38.17943823270445,0,0,0
143.14498577567406,6,1,123.86211640524232,0,0,0
301.1307088376879,8,3,145.65592205591847,0,0,0
121.24772028770874,0,0,13.205371732495754,0,0,0
35.38962490032648,15,3,7.773367884225454,0,0,0
11.13393782120359,17,5,64.44078131982081,0,0,0
152.24525761144807,21,5,2.1439955433019766,0,0,0
103.32437974520249,14,6,33.20262517712212,0,0,0
4.938565445154199,5,4,79.56890553931761,0,0,0
44.63659587077571,1,8,41.0779819532392,0,0,0
314.19105125441143,8,1,10.413563805700834,1,0,0
69.39497939883505,3,1,33.37828956413424,0,0,0
56.6918375072549,12,3,127.0895455104565,0,0,0
61.193519704999886,22,3,48.01382614575188,1,0,0
23.43090592525958,21,3,63.91517834639928,0,0,0
45.998545255917016,10,0,20.493530881196644,0,0,0
46.173908445203736,12,3,10.442544929767177,1,0,0
5.377534073609781,10,4,14.761674297046943,0,0,0
145.915597161305,18,8,38.09031900325369,0,1,0
53.87184226637698,7,2,16.4404941316317,0,0,0
172.6982839782898,6,2,39.040460723710055,0,0,0
189.94426877388574,15,4,61.51445764988988,0,0,0
23.824964435406248,2,9,66.2874167516577,0,0,0
107.10559234713095,16,5,8.997315376329258,0,0,0
212.15705393023597,14,0,55.84209305084259,0,0,0
24.301554696629722,16,9,0.6038888482540736,0,1,0
113.26237783834448,10,7,3.0338154592532067,0,0,0
93.58612978430901,4,0,51.958171092857256,0,0,0
34.9985195390159,15,1,24.20138742065047,0,0,0
14.687824248068754,14,2,7.897293598594112,0,0,0
105.45181635854284,9,5,2.2706131417725564,0,0,0
134.1693753785471,13,3,8.681869121654573,0,0,0
37.92526906601768,1,3,157.92899146583972,1,0,0
103.51660626804981,15,8,65.01787901978112,0,0,0
50.27432205813675,18,5,37.507618994052415,1,0,0
124.89941708327505,7,1,141.97105365630532,0,1,0
22.2163125706071,14,6,48.26229042775591,0,0,0
220.92313952729916,9,2,64.66665385074158,0,0,0
33.884849273461874,4,8,16.609697373694047,0,0,0
45.85273151883389,19,5,44.45589446398179,0,0,0
5.984762284370609,15,7,7.743719666276082,0,0,0
11.823437635671135,20,0,25.916279348658744,1,0,0
180.47245077470063,22,2,3.890976465407957,0,0,0
1.4802405694441707,12,0,24.533082786365267,0,0,0
47.65756556547072,8,5,92.58667386549443,0,0,0
41.1501611341643,16,4,23.735462675101193,0,0,0
1.9516851669877113,19,8,89.08242568100748,0,0,0
13.28098233045887,11,5,53.42816274488506,0,0,0
53.38259054757455,4,4,35.61950178423467,0,0,0
67.8977219233992,23,0,13.51776546139744,0,0,0
51.80008832397219,11,0,127.65248238294826,0,0,0
75.70196375133226,0,0,2.786250198312475,0,0,0
90.41933879635168,19,6,58.38413600259007,0,0,0
0.9973390458152718,15,5,48.54261184313912,1,0,0
62.37986699666189,11,4,29.084004405728457,0,0,0
331.04222210096384,8,3,13.742962224755223,0,0,0
73.19551215848256,12,7,28.167030297203254,0,0,0
113.17832132238965,16,7,103.08901146556677,0,0,0
37.376857968988034,16,4,90.62856001292553,0,0,0
148.71821306709975,3,3,141.83503336575788,0,0,0
148.245942648968,13,1,18.393526682499115,0,0,0
73.66729262027566,18,6,24.478013662814252,0,0,0
13.416040728437489,2,2,143.1913555061903,1,0,0
1.70929200584672,0,8,19.978383497907938,0,0,0
147.03640839597827,11,8,25.889475902198132,0,0,0
164.58713080659462,14,9,119.1922582684419,0,0,0
12.806888687847065,10,7,37.39056329129096,0,0,0
30.867806434803484,9,0,41.75564978586252,0,0,0
1.7708232706465001,1,2,9.693367978737632,0,0,0
34.71612158516566,3,1,34.52354034412786,0,0,0
148.3430452128112,16,3,125.17915932428285,0,0,0
72.972927557207,16,1,40.90356758906347,1,0,0
42.78573430933416,7,7,14.726363347474,0,0,0
46.48000631593654,22,0,1.5838667403288826,0,0,0
0.13545426943478148,13,3,20.496385545282468,0,0,0
35.639002391120705,23,4,42.50068388499415,0,0,0
103.97550865605174,3,9,2.1773940881850566,0,0,0
365.716545428518,5,3,47.05384140712886,1,0,0
187.7714998624691,18,7,37.055336336803514,1,0,0
2.38777834155165,23,1,76.49333560280321,0,0,0
228.8293749222259,3,8,1.465682486699841,0,0,0
152.87726907101523,2,1,75.89933681869326,1,0,0
151.58388483489995,19,1,36.78990125350208,0,0,0
61.2481452856446,5,1,23.143801176645436,0,0,0
50.75066259951957,22,9,168.17048525831478,0,0,0
36.0848969982313,6,7,8.724785770556167,0,0,0
6.795219063427087,13,2,38.970682017948896,1,0,0
25.90756504330275,11,9,19.355343347697737,0,1,0
28.31638085009333,15,9,37.48443522587388,0,0,0
66.17978845593669,19,7,40.17885425872376,0,1,0
137.61238826067157,7,6,4.685227139846973,1,0,0
64.20925886156549,22,9,54.107695728252736,0,0,0
5.958489006248408,1,3,50.321918715661276,0,0,0
316.50934043967567,12,6,73.3681225533769,0,0,0
285.98791623520435,7,7,4.751728040790812,0,0,0
153.79992357279178,20,5,17.638311567612732,0,0,0
474.76444833599436,19,5,52.50690868300496,0,0,0
78.63207766462898,15,2,7.351436572528961,0,0,0
329.05960797829,3,4,56.59783593507113,0,0,0
7.861585344916983,15,9,3.042026268431446,0,0,0
45.520289964627686,19,1,20.393265787136734,0,0,0
25.538432939859106,5,4,93.77155242299938,0,0,0
21.79484245523082,3,4,74.4255003270961,0,0,0
97.39559723919811,22,3,102.18766711221664,0,1,0
86.34573226958267,20,8,36.6334078813197,0,0,0
166.66633458146543,4,5,59.34858720634668,0,0,0
101.0476988217397,14,8,45.9857264207292,0,0,0
49.12937947777809,7,9,26.28601342788579,0,0,0
112.1257657067068,6,0,116.35029264874763,0,0,0
30.09766945987171,13,7,17.528189585216413,0,0,0
42.34135344939629,6,0,0.46311788569898354,0,1,0
249.47854019627047,21,3,10.953874101488513,0,0,0
34.3201132890464,6,2,5.7995909638931895,0,0,0
63.48561371298942,22,3,19.20919153454832,0,0,0
220.85588042617505,17,6,87.40014833758686,0,0,0
123.00476518437323,9,8,52.710111639850474,0,0,0
6.4222012474072745,17,8,9.255106303832065,0,0,0
15.935106340465577,13,9,77.75262892600998,0,0,0
0.7872497723973615,9,0,35.0811364480175,0,0,0
14.41878005901035,6,8,99.98213943001797,1,0,0
316.85183433152224,4,3,19.16028270065685,0,0,0
75.42988546284627,0,2,4.943512303173307,0,0,0
69.43550520525156,17,4,62.82536910037935,0,0,0
113.82485262732563,12,5,53.58613677112649,0,0,0
7.930213477005081,7,0,10.41380320547895,0,0,0
32.117517658509286,7,0,5.9270329536799835,0,0,0
164.4886302350852,9,6,54.06796285354931,0,0,0
61.55657215573472,16,9,56.40877565465554,0,0,0
79.09301276058035,5,7,22.797118661953725,0,0,0
56.70715168023113,14,7,92.51226000506657,1,0,0
4.489270890015703,14,6,191.3042022050104,1,0,0
18.122189742519364,15,8,11.511254783900613,0,0,0
58.97635674222761,7,0,43.02727808048253,1,0,0
23.4691808249024,18,1,0.26803358822167456,0,1,0
5.127121953612685,19,2,62.42313071894202,0,0,0
185.56560463874308,14,4,26.74585138945621,0,0,0
397.350110319524,2,3,10.738264043797464,0,0,0
157.57269365677425,5,3,69.76108896273931,0,0,0
192.2676602269478,7,7,83.20758871386576,0,0,0
27.704172270921134,15,7,5.892267571044991,0,0,0
323.4674354858788,14,6,2.092989237646044,0,0,0
21.930804684137822,12,0,20.329169783117504,0,0,0
302.4745318202052,19,9,49.17369946374922,0,0,0
526.2813931989295,14,3,78.85326218247654,0,0,0
124.3832781684682,17,0,39.489787409641444,0,0,0
397.09098894264463,12,4,43.464247975809336,0,0,0
84.29003625594062,23,2,80.43646361716327,0,0,0
30.04860724923195,7,2,37.628235071541084,0,0,0
57.44683429928096,13,3,47.228658067940174,1,0,0
90.03212637616178,10,1,36.305976132839405,0,0,0
7.588970221384388,5,6,106.20447285540904,0,0,0
97.3769603394951,23,3,13.42774958488368,1,0,0
397.27202078753885,0,4,15.3258221817167,0,0,0
21.085394111533372,1,1,6.846083031949776,0,0,0
157.3082436156245,12,5,85.59201579626907,0,0,0
238.48672389512572,0,8,26.532482262351593,0,0,0
287.7089035892496,23,7,21.37740314621645,0,0,0
322.2271694448199,23,7,199.09201731828657,0,0,0
73.70147220569544,3,1,130.73029243434905,0,0,0
378.5738784859356,23,3,178.75554707147558,0,0,0
141.59712237241735,22,7,7.6749860649275385,0,0,0
17.634517448085628,1,0,110.93601408895748,0,0,0
64.79828321383204,20,7,19.927672391897357,0,0,0
126.70232789212518,19,2,0.636877472731834,0,0,0
28.41420999797959,15,7,24.821350488171007,0,0,0
102.33615524613529,2,5,35.58555678644675,0,0,0
17.75725437985096,4,1,38.57464161377159,0,1,0
83.2605387708658,7,0,85.59113859222695,0,0,0
147.6774632041396,11,5,23.71270856784938,0,0,0
69.0940945159936,22,2,21.743007492734375,0,0,0
1.2176955887700334,11,3,20.68573363669893,1,0,0
0.9079563850904285,0,8,128.25885899495464,0,0,0
44.16561918201067,0,2,2.4993441841189163,0,0,0
260.63161770524016,14,1,29.446218371379622,0,0,0
25.964777096391696,16,1,15.366998393286988,0,0,0
100.611612505522,1,1,112.12486623935413,0,0,0
25.112627973050973,16,5,5.04918669800675,0,0,0
188.41517017541253,8,6,26.11254488660821,0,1,0
130.5125305626397,11,6,109.63921041529501,0,0,0
10.026162303666899,3,6,12.13501756278229,0,1,0
55.98443507801786,12,1,51.76714570148183,0,0,0
2.960365980225214,3,6,7.216972455625438,0,0,0
65.56397546358058,6,9,153.92930335206586,0,0,0
108.59942668955456,13,7,44.94894245918919,0,0,0
12.613325343695841,8,7,49.20930809931613,0,0,0
34.092103232703444,22,1,28.438046523730385,0,0,0
50.722648428285034,0,4,20.949004724642677,0,0,0
251.988356829711,0,5,11.955798541814973,0,0,0
499.8956075902351,19,8,46.31550717699006,0,0,0
4.595106218168274,3,5,154.57004576296717,0,0,0
143.13248803005746,0,9,22.29802608655731,0,0,0
46.4775824305489,21,5,107.34615863846683,0,0,0
49.83342768841731,9,9,8.054016641496904,0,0,0
140.3501450995342,1,9,137.54216065399675,0,0,0
250.62499928371724,20,5,21.576566257731372,0,0,0
301.4478786587206,23,8,23.879795820266768,0,0,0
86.06729434454637,14,9,31.07317395347507,0,0,0
44.1799000649414,2,6,63.33573944524504,0,0,0
154.90443095770988,22,0,63.58643521763777,0,0,0
28.90181422787728,8,0,32.65677984978579,0,0,0
44.40684118766536,20,1,1.5235009840725,0,0,0
106.89498229877938,12,2,18.141600243991515,1,0,0
27.496186888850964,2,6,21.233701762599754,0,0,0
21.26895672844426,3,6,40.904607821292124,0,1,0
250.39559817896867,3,2,40.85619168565315,1,0,0
10.736661870379178,10,1,61.876444530268,0,0,0
70.51345584098176,6,0,63.12024195291097,0,0,0
24.95552688905251,10,8,13.407746979354524,0,1,0
3.66835056113271,10,2,0.9899133356447379,0,0,0
19.264074345832686,9,8,62.967560978139325,0,0,0
201.56809818707225,4,3,5.382662850165113,0,0,0
33.195270666804944,12,9,65.40156181447614,0,0,0
300.49581125357594,11,5,37.44547922982493,0,0,0
87.13706491738637,9,6,28.746389844357367,0,0,0
57.379060981508765,6,9,58.66674698483264,0,0,0
86.77121011941033,18,5,1.8524370345609709,0,0,0
72.71143589950866,18,0,12.646021081908868,0,0,0
142.20303685493482,18,5,47.9129794065922,0,0,0
33.19768483987264,11,5,93.93631180344975,0,0,0
43.54868725226266,19,4,23.991195492955583,0,0,0
224.52062273805205,21,2,14.97164031022789,0,0,0
292.72611169441507,14,9,36.567010420191245,1,0,0
223.08062291973073,4,2,48.68477161791395,0,0,0
54.3775893497494,23,9,27.24524157881619,0,0,0
151.57904915515272,13,6,104.66107560707705,0,0,0
68.82389499473696,20,2,1.824050033433958,0,0,0
22.90108667160451,10,2,12.619218540092463,0,0,0
89.43587635739941,4,6,29.95070565656058,0,0,0
20.596187747433078,15,9,59.8209898479446,0,0,0
40.28156695729184,17,6,12.407188678541914,0,0,0
193.12298452903548,11,8,187.0243024417373,0,0,0
23.202765991310308,4,5,19.177225836762656,0,0,0
7.381693700302627,15,6,38.01567964417567,0,0,0
7.150415706895464,11,9,0.9574276837318664,0,0,0
282.6572293283546,22,0,108.0936676695662,0,0,0
70.70847345157996,1,6,77.75569099018517,0,0,0
52.66367498016638,5,1,10.874105645611957,0,0,0
166.5366041661833,22,6,135.3300809700562,0,0,0
180.68279988809698,20,2,18.978156267044906,0,0,0
40.375312406288764,3,8,58.91302556982227,0,0,0
118.29227771663489,12,4,85.45637082938914,0,0,0
147.4569733059262,9,6,67.52985031573661,0,0,0
106.31988723472206,16,7,124.79804661066048,0,0,0
16.439725102804932,13,1,99.85613667105076,0,0,0
208.65312827419478,23,0,261.1745420528741,0,0,0
77.45623605709238,14,6,10.08203349975593,0,0,0
33.194390194044374,7,5,18.17503800443217,0,0,0
55.37821611877681,22,5,50.56110594332595,1,0,0
3.8295075702702275,23,1,66.03416811927534,0,0,0
13.6813115846664,17,2,38.24344444213447,0,0,0
145.04990735121405,2,3,3.8401843797195174,0,0,0
0.0011634823050432324,16,2,92.13008331099272,0,0,0
53.882365021327104,23,1,162.04885853685363,0,0,0
73.9212440933873,23,2,26.003144800682378,0,0,0
5.6183569156496915,6,5,12.732515989895429,0,0,0
361.48175362787754,12,8,0.9751351169747892,0,0,0
25.63453451831128,15,3,13.544462300233656,0,0,0
36.269117613417016,4,5,60.185104521682796,1,0,0
36.23230247239586,3,0,121.28816337964126,0,0,0
26.190603022539467,9,5,4.908933152320061,0,0,0
0.1474909230385058,12,2,40.28883447951897,0,0,0
130.69095710746873,9,8,59.459340973438536,0,0,0
340.6576818902749,13,3,16.174501049199016,0,0,0
25.3981030444211,21,6,42.18653275833113,0,0,0
108.78123934605873,11,3,62.80690745172789,0,0,0
188.66772280370347,20,6,30.119627240829878,1,1,0
54.927057938722555,19,1,68.88798801658494,0,0,0
36.08707420593492,19,9,17.96126479043086,0,0,0
39.34799193146354,6,5,11.979321551144075,0,0,0
124.69545359924233,8,7,10.370507773399428,0,0,0
169.70647506300529,7,5,22.22636477377275,0,0,0
20.042113164163982,12,1,1.8269590368766604,0,0,0
46.35302399667804,13,3,16.63340272189497,0,0,0
232.21777491770328,11,0,52.80966522057763,0,0,0
164.34783687293708,7,6,52.19470750833026,0,0,0
419.0309538682376,20,7,3.81996549737244,0,0,0
140.34334383200408,21,9,16.942847084215813,0,0,0
49.95481228836644,17,1,42.14709561173442,0,0,0
89.3155023299958,15,9,19.176776740595123,1,0,0
108.17972204129242,10,4,27.063212723367,0,0,0
78.63528863524105,13,7,0.46550168191923125,0,0,0
123.55351233568277,2,4,16.175380178331082,0,0,0
18.310743031294468,20,7,7.679256209992416,0,1,0
151.70033059741118,1,5,6.825888528745323,0,0,0
87.65239671469428,2,4,159.7582291310732,0,0,0
304.1185511110514,3,3,23.625164063714116,0,0,0
4.33484105221125,21,4,37.4423595568468,0,0,0
30.8328602809438,4,3,66.17947983991122,0,0,0
92.01829951622437,9,0,2.4305014498899484,0,0,0
35.17725691046352,19,2,13.789166442653627,0,0,0
125.3247660188759,1,7,89.23356866499452,0,0,0
142.29802649098477,11,6,99.02167878440406,0,0,0
10.815994603859409,4,6,23.336523246135602,0,0,0
71.10882749898155,22,8,70.71347758126298,0,0,0
46.08944761872568,0,5,17.4828546771338,0,1,0
270.19418337671755,3,7,6.226831560607217,0,0,0
175.73946801280817,20,7,14.889007693842313,0,0,0
119.47137417483798,23,2,24.49764346593139,0,0,0
61.93692442292759,11,5,32.56958549642255,0,0,0
253.8238075712038,15,1,67.35512718320015,0,0,0
118.6117913334209,23,6,36.051119922752115,0,0,0
197.82642708715719,20,4,29.00428648944895,0,0,0
32.03038769287745,9,3,61.70521290574048,0,0,0
164.5432535124599,16,8,2.992630737758158,0,0,0
21.721193189903325,16,1,3.0856426404935426,1,0,0
42.364224416601445,17,6,23.149526187447485,0,0,0
40.88866362702279,1,6,10.843411875089192,0,0,0
384.0887622252616,3,6,136.50006208025155,0,0,0
194.16796763724423,18,0,43.53523760742497,0,0,0
120.7879965984888,10,7,16.936517169730937,1,0,0
129.84914234202142,16,1,61.00116792256996,0,0,0
82.5702579684131,11,4,23.494505893166124,0,1,0
293.91755305092016,1,1,7.084840202459959,0,0,0
47.88711656821709,8,6,51.465593048383575,0,0,0
17.797342794015172,4,5,2.6635047694851055,0,0,0
154.27407178831197,19,4,15.92005812831864,0,0,0
132.59292819722023,20,3,11.679362218687226,0,0,0
48.50848428490843,8,7,11.228172361757375,0,0,0
2.5516200954391075,22,7,57.40521483983563,0,0,0
182.63343161106417,7,0,87.38241651917986,0,0,0
1.1483669104263554,19,9,62.915573058806494,1,0,0
121.6382080660238,7,1,51.88448896835901,0,0,0
351.51651579398117,21,2,124.11656154213033,0,0,0
26.78446810487069,22,2,9.16508700941359,1,0,0
122.03427641197982,5,9,26.756501174561052,0,0,0
169.89696010093255,2,7,23.296727440005096,0,0,0
79.06063631889005,4,3,27.06867500332904,1,0,0
341.2317236403083,8,6,11.56224550932435,1,0,0
5.305138804256164,6,6,8.096738277163531,0,0,0
70.27846689285737,3,4,35.585240400217195,1,0,0
126.7459247349778,6,0,131.59094635684247,0,0,0
198.5153492430679,4,9,24.876508593955528,0,0,0
19.75435601599549,10,3,2.2160520211062797,0,0,0
160.94553214040425,14,6,61.23724335986782,0,1,0
80.45415873998299,1,4,17.202386302965294,0,0,0
50.50981935027793,12,1,14.058168757061843,0,0,0
14.123531011449272,21,7,19.597196681314184,0,0,0
200.46737106042548,15,1,64.33431224505323,0,0,0
17.1112463876311,6,7,85.41304413276164,0,0,0
37.07562782224325,7,1,44.34340123336517,0,0,0
34.255444052772084,5,4,19.4657183448225,1,1,0
205.115760370031,23,3,18.587850658204164,0,0,0
111.68872457261294,6,0,6.637062381021082,0,0,0
159.29810583106408,17,7,135.37830209270675,0,0,0
28.830613219322625,21,9,50.82481106715407,1,0,0
98.04935749765662,21,2,1.3672556356376109,0,0,0
84.8038762122536,19,3,54.28980270729118,1,0,0
178.87462741929176,6,3,29.633737786229876,0,0,0
236.53871012100743,2,4,179.78396229477994,0,0,0
1.2231269408971248,4,2,85.4819283788976,0,0,0
112.0919000889536,0,8,9.395804080222259,0,0,0
5.322758404622274,14,3,63.66813038522259,0,1,0
79.59746073698895,2,9,33.23440096376448,0,0,0
33.9161670569886,7,3,10.353986142345954,0,0,0
36.64029645294619,8,5,59.989064604964994,0,0,0
43.534484967911716,14,7,39.63595509124387,0,1,0
97.09910051382612,9,6,1.54223619095645,0,0,0
40.6540634782834,1,3,52.00603119170306,0,0,0
131.93801039927686,19,3,50.39112778926346,0,0,0
51.83998787738292,4,4,7.779219749961412,0,0,0
7.080150641358879,18,9,21.46133922058162,0,0,0
153.13656485833334,12,4,44.08226514627347,0,0,0
33.65338929517138,10,0,7.470439508446806,0,0,0
56.69849126609429,0,7,95.77213385513761,0,1,0
115.65927870318258,21,9,1.3935427651096275,0,0,0
40.415020869049776,14,4,5.425908956656776,0,0,0
5.824970382389809,17,2,6.1709586860814145,0,1,0
46.827879285214735,15,2,37.55016404839344,0,0,0
289.04462491680323,8,3,48.394205165150794,0,0,0
102.64806606711122,0,6,25.85399006308972,0,0,0
111.31549686950414,10,4,17.030718106310093,1,0,0
100.04393567361384,8,0,82.85724427505335,0,0,0
22.18845179287726,22,4,3.5364680438175573,0,1,0
54.185864551089225,10,4,16.44547559190658,0,0,0
139.00606380986738,12,5,1.995057327585954,0,0,0
10.688712205436364,1,6,0.6993752801651505,0,0,0
32.5526249643295,13,4,21.799815414281337,1,0,0
32.3404741308102,5,1,10.834698634435528,0,0,0
56.56671840459809,7,1,15.623734582745847,0,0,0
393.06321332796557,17,3,86.00371534792124,0,0,0
6.9888858496122985,15,0,8.895371445294492,0,0,0
73.12665687059473,20,6,75.75945277072607,0,0,0
19.76764606755113,11,0,56.204293615603504,1,0,0
352.93675852257735,10,2,19.759320158350235,0,0,0
12.02525251555425,5,9,39.54419106143298,0,0,0
51.68453767797387,2,6,29.38853813113654,0,0,0
133.8971882367708,13,5,6.870965066249857,1,0,0
121.92706487031559,1,6,118.85752403648779,0,0,0
54.94428230199097,10,4,42.1541008627702,0,0,0
42.54497289318204,21,7,106.11329606322076,0,0,0
50.68541514341259,2,5,86.81430205607762,0,0,0
30.690058827003934,17,3,4.156903957427935,0,0,0
22.98320428713375,0,0,11.61367173373911,1,0,0
65.97891918683801,23,1,7.847962680907125,0,0,0
31.27042059539351,0,5,88.8276437254662,0,0,0
33.89215646337138,11,3,99.18716329797911,0,0,0
106.9313899383184,14,2,37.5357967321356,0,0,0
345.8953569306316,4,6,5.500681369867181,0,0,0
92.54253269426673,5,6,7.286944002915028,0,0,0
8.010379885994508,15,1,83.97929015233824,0,0,0
7.859267448855108,11,7,132.38784867141763,0,0,0
302.46096574324304,11,0,11.124418618956522,0,0,0
35.281211471835945,2,9,0.560003184046136,0,0,0
9.658467632080676,22,6,20.095041272167926,0,0,0
91.3905047758824,1,9,1.5487087373064155,0,0,0
97.72324713005838,6,0,88.00574880231183,0,0,0
104.55592808231317,1,2,33.81570842285529,0,0,0
31.115819666956597,20,2,51.341674102061795,0,0,0
335.2846441207963,10,1,21.194761232869194,0,0,0
28.88735095192658,10,9,12.564319417164038,0,0,0
112.70929024461608,13,4,73.59970383491088,0,0,0
122.63202244500762,2,3,59.46202373511349,0,0,0
94.16275581918198,13,5,22.37133950503353,1,0,0
37.52861984840892,10,1,19.36526016557276,0,0,0
31.621359103256598,3,3,0.06218258314608275,0,0,0
91.04783632203589,16,6,3.2830711702456328,0,0,0
201.06294174939902,15,0,48.8094053097614,0,0,0
293.2451960942563,2,2,36.13985230163355,0,0,0
11.194414515742714,9,0,28.529064891789464,0,0,0
16.821584686309702,20,1,87.86855163748186,0,0,0
289.5638259698919,14,8,35.04870701279278,0,0,0
133.38356138087227,7,9,24.265495257709798,1,0,0
214.5528566344447,17,4,8.7925079281955,0,0,0
22.643977054999205,2,3,85.93140097421713,0,1,0
88.57272672647089,6,3,42.93037453942409,0,0,0
120.77786855710812,9,7,4.850879956524421,0,0,0
113.97839863491777,19,2,52.33398165036056,0,0,0
52.45049115039434,8,3,27.67541406931541,0,0,0
1.5514623464414974,13,1,83.4026932893842,0,1,0
87.44917510906713,22,5,125.61261608403302,0,0,0
29.182603237851453,13,8,45.872797170506864,0,0,0
59.82993733477004,10,3,65.76623184987768,0,0,0
316.01592595005434,0,5,2.9127603338068346,0,0,0
50.921911096971215,3,3,41.07806501097408,0,0,0
183.13422735144417,5,1,70.39428494477976,0,0,0
20.892093117129654,21,5,34.33461783933264,0,0,0
111.61466144629726,21,6,45.01472894997687,0,0,0
377.25634756856647,4,3,114.60609398192649,0,0,0
10.746617642062763,2,6,11.038541673790888,0,0,0
0.8354746125244857,1,7,5.170704311944115,0,0,0
56.84243568250689,2,2,58.663065557616235,0,0,0
9.719999573861,8,1,86.53761347182663,0,0,0
137.98525528957612,18,4,95.01966300472778,0,0,0
245.9808232896316,18,1,51.31148802098122,0,0,0
56.91982557212377,16,9,89.5520118481211,0,0,0
29.936558249531924,17,4,60.30946389837225,0,0,0
56.98740325333455,10,9,4.57161579721954,0,0,0
128.53557519560596,11,5,71.78337141306027,0,0,0
89.0267272289478,17,5,13.499268843960468,0,0,0
95.00845778521457,23,3,25.097475579557617,0,0,0
101.52502413531678,5,2,18.885231019943113,0,0,0
27.71010230264016,6,1,19.404723129992828,0,0,0
125.19478326323366,0,0,9.271891819911044,0,0,0
9.5840955605836,5,1,17.397870267427397,0,0,0
22.22318875893984,17,1,0.9929235315394555,1,0,0
134.21747086453294,21,8,73.17841965590571,0,0,0
1.3840898858926483,18,0,99.11478664725998,1,0,0
28.55194264836808,6,3,85.85910750044576,0,1,0
24.131577425847265,18,9,26.931918443059228,0,1,0
31.58159142692778,8,6,65.54570643349061,0,0,0
28.443371445712245,2,9,16.976198608309623,0,0,0
6.45665703233147,22,2,2.8582868960359016,0,0,0
61.422605534213545,11,7,56.346194122828805,0,0,0
131.95088966992705,19,2,52.31942484131892,0,0,0
93.32632656949174,23,7,80.88091288619148,0,0,0
111.7402734303147,17,1,47.869467230255815,0,1,0
8.463149682819497,7,4,8.532988524672344,0,0,0
302.5999956634014,8,3,95.92140053336635,0,0,0
182.31995731582893,12,8,49.342740247968074,0,0,0
163.52189994881977,7,2,82.41145764030206,0,0,0
269.8751193196384,9,9,17.681442772244534,0,0,0
78.58195678500353,16,8,3.873919388852177,0,0,0
22.349613579934704,6,5,9.709854173224423,0,0,0
95.91554567975783,16,1,4.873052951604475,0,1,0
135.82181862348355,22,0,13.946849921388566,0,0,0
133.90955323734005,17,0,30.766017663093354,0,0,0
73.69925411967152,23,6,118.65606755588418,0,0,0
7.091477358703707,1,1,102.79357782145698,1,0,0
46.38035907562944,2,6,63.398873860754954,0,1,0
253.53574587032662,18,0,1.2203910841836687,0,0,0
87.81497113730818,0,3,20.881125637924598,0,0,0
77.29091380348862,20,9,57.340008883394276,0,0,0
31.314144858586385,20,3,6.907323965174523,0,0,0
45.95764535531472,9,4,80.74460045475051,0,1,0
225.70964600590057,20,9,123.00505144019631,1,0,0
109.80016177460652,13,0,21.855873518669615,0,0,0
154.82817930749604,12,6,61.18209254407269,0,0,0
28.552920319633817,5,7,1.084446288592375,0,0,0
122.23432806039843,18,8,8.171349836897322,0,0,0
55.79195613223623,20,5,61.873281737092135,0,0,0
58.437441990397524,9,0,62.213743728648666,0,0,0
104.78877810532038,22,0,51.244310642668154,0,0,0
275.32665471097386,2,6,32.44350442934126,0,0,0
6.614658309229908,17,7,56.182367011887365,0,0,0
174.15031652071517,20,2,74.31696222172486,0,0,0
34.58524481461356,18,8,169.7831249264695,0,0,0
58.684212922789634,4,3,109.74981728134175,0,0,0
2.2156991989469392,10,3,79.12378473713592,0,0,0
35.81704585696388,9,2,59.33243955377142,0,0,0
69.84235614676292,16,7,42.68405647559643,1,0,0
5.7815652847955,3,8,6.426272783148472,0,0,0
67.54953535639746,20,0,9.049532667852093,0,0,0
261.8812451124578,17,1,85.81763751316771,0,0,0
11.137100709082457,17,0,81.30705999533092,0,0,0
144.57927117388013,0,3,47.655377212215605,0,1,0
52.707536079732506,13,9,28.88747228174125,0,0,0
106.47145091201232,7,6,1.3188748640463932,0,0,0
30.14248709145652,1,6,19.813644999793244,0,0,0
17.37491203951833,18,5,27.291532095407785,1,0,0
17.490427012821893,14,4,33.25873287450891,0,0,0
7.309980660067168,1,3,132.4828847675414,0,0,0
20.53609836776891,3,7,5.754237703487738,0,0,0
109.12972637863321,0,6,36.58056865445263,0,0,0
213.44521522581948,18,9,22.937147227096197,0,0,0
168.26845626614076,20,0,230.75152808542785,0,0,0
115.56091116364571,9,5,98.97583448739574,0,0,0
11.701917381063149,0,1,28.882636239865374,0,0,0
34.13465214844297,19,3,404.8599332125322,0,0,0
37.078382971596355,21,4,36.0838400161397,0,0,0
28.76246692962019,14,7,9.14315296448259,0,0,0
72.36180576173268,3,5,40.582426537628095,0,0,0
76.69095829398441,6,1,12.822464401379918,0,0,0
44.14332379172578,6,4,50.57306158219416,0,0,0
43.66294487848321,21,4,138.58159891040788,0,0,0
176.34962509770875,17,5,77.13538119443447,0,0,0
155.72860162690782,12,0,15.952699278069659,0,0,0
245.09510485028332,23,2,3.590280628111565,0,0,0
305.3679593846005,7,4,16.83436148176716,0,1,0
39.562746978779025,9,6,4.8599621303025105,0,0,0
43.76138071241865,13,2,34.60226132927954,0,0,0
70.44794557708602,13,9,61.609540605579184,0,0,0
283.2267604481353,19,5,69.55151017682108,0,0,0
209.0053110892787,21,4,3.0687356163843935,1,0,0
10.821788581405427,10,6,20.77243126714352,0,0,0
49.87830002340476,5,9,16.995932091267182,0,0,0
80.60274314681737,20,2,5.50750520493621,0,0,0
69.94318327840682,0,1,22.507800025126862,0,0,0
21.550166000817743,18,3,17.785207133029278,0,0,0
195.7696736955853,6,2,50.3243445641828,0,0,0
112.99196381880567,23,3,107.40857827159095,0,0,0
181.95935162994408,17,6,30.333955303331052,1,0,0
195.7325006805428,2,4,68.65216187070861,0,0,0
137.97393071697513,19,3,7.891811237055434,0,0,0
57.84098472380772,10,5,112.67373883435067,0,0,0
94.30114594270498,4,6,8.278811574026529,0,0,0
17.47884890733034,18,4,10.66592259081281,0,0,0
111.97708122495568,20,6,5.628421719458947,1,0,0
19.754068939390216,23,2,18.529964934161356,0,0,0
118.40054537024763,23,6,40.19393211084636,1,0,0
26.084303111006463,1,2,221.11790167082455,0,0,0
12.505462234616282,21,5,78.84080066713935,0,0,0
18.06643189430485,3,7,23.93694779944348,0,0,0
0.1994122159710626,9,5,42.88294093311771,0,0,0
131.82658709838014,7,2,86.50328049115885,0,0,0
72.34689746270512,0,4,66.67594751025516,0,0,0
17.597708684075492,5,8,42.11614428603136,0,0,0
8.72525015240209,10,7,55.30950041603651,0,1,0
1.9314292317149664,9,5,68.50483491355875,0,0,0
18.121997611506792,12,8,7.144123708870488,0,0,0
221.50829071496347,0,1,11.185652003694011,0,0,0
27.646105316183544,1,8,58.33132838820637,0,0,0
43.73758746010938,2,9,94.9980548471399,0,0,0
11.131765141096672,8,9,26.319157741816824,0,0,0
25.149326466168304,4,5,195.32770553459662,1,0,0
73.23550010191644,9,8,12.171887928728722,0,0,0
93.58627276617398,9,3,26.9526207185146,0,0,0
28.150427992378695,11,4,23.782822294606127,0,0,0
5.946571278768154,17,1,133.17483618462006,0,0,0
26.683864178505583,20,0,31.818571033454447,0,0,0
24.788962947202297,0,3,10.365591820480741,1,0,0
321.5451761506007,2,1,36.830532886541114,1,0,0
95.78955481509968,4,1,97.38705051522594,0,0,0
81.39111519309452,16,0,18.123115918687162,0,0,0
53.74692735779752,7,9,83.24543606772093,0,0,0
56.026858446347205,16,1,121.13129875721656,0,0,0
77.84981270198163,8,3,3.7878144017199356,0,0,0
119.21424169238051,5,5,70.61642360129137,0,0,0
121.11521683350459,16,6,14.741607750586597,0,0,0
18.83725162262277,7,6,9.638456912505465,0,0,0
69.33727101430839,20,6,45.95503280393256,0,0,0
53.09570666740723,6,3,61.14123894066503,0,0,0
204.42826532666186,6,4,25.10659170342065,0,0,0
99.80945677237099,14,2,1.9980821469726926,0,0,0
76.0364628507229,6,0,119.68270228477309,0,0,0
12.261365679360686,21,7,65.60517560599084,0,0,0
93.04857291327357,7,9,15.849832618135007,0,0,0
12.466102880534773,8,6,34.344724049102595,0,0,0
41.12919143687304,14,8,1.4093159097453,0,1,0
15.413297226742525,1,9,20.721466987650526,0,0,0
117.78946383162885,6,3,36.96324567926979,0,1,0
23.09893918794464,14,4,36.41008518945109,0,0,0
49.73491296616848,17,4,11.671367312306366,0,0,0
226.024212088713,21,6,74.97256308432839,0,0,0
22.855363873015357,17,8,17.752538789754627,0,0,0
70.88804294949689,9,7,43.42386451023624,0,0,0
54.34722066342405,21,6,15.839908122183758,0,0,0
1.8290293316565152,17,0,27.683861691591822,0,0,0
157.38686344559244,0,9,11.629061398770608,0,0,0
7.1545311529372,6,5,50.12073321051582,0,0,0
64.29390145675242,2,9,27.720101672631515,0,0,0
82.25233209326528,13,8,0.8124300456996765,0,0,0
99.00084710640918,11,6,1.4284617930584058,1,0,0
116.67785960571895,13,0,31.85103947591978,0,0,0
29.20547969219945,3,8,10.119634061220891,0,0,0
1.0028898364548042,12,2,43.97890423577227,0,0,0
128.53407259893984,15,8,26.228632613954765,1,0,0
76.71309128726944,15,3,53.126531910043816,0,0,0
180.86068113128852,21,8,152.24105688363974,1,0,0
172.2541455331446,4,7,37.616855923380115,0,0,0
185.3589136467921,19,6,77.41210882556587,0,0,0
66.37722009982694,5,3,69.9266466558732,0,0,0
40.59077998369884,5,8,127.41859412256193,0,0,0
156.80954258319292,17,3,12.041060933313638,0,1,0
60.019270603227056,5,0,87.8177738666899,0,0,0
20.2657574715429,6,5,117.96855566447633,0,0,0
193.08423771734564,23,3,24.941804397012024,0,1,0
214.1826664834698,23,9,18.830487462141114,0,0,0
62.79396760045075,15,2,151.86513331760244,0,0,0
7.871828968795786,8,4,49.39374371244297,0,0,0
49.073887003514955,12,2,23.956375092991475,0,0,0
162.72845172494382,11,8,78.46946386755029,0,0,0
232.0484623499767,18,5,18.154337184337365,0,0,0
22.74939286200851,22,2,9.70397573688406,0,0,0
6.9321795603634735,22,4,39.25979417608589,1,0,0
209.84242028041427,0,7,41.75997235102489,0,0,0
49.332128744462594,7,7,87.36220208482133,0,0,0
78.03643189371356,3,5,30.534816894352335,0,0,0
344.40781205292114,20,4,84.25835130167509,0,0,0
6.888365735912734,21,4,18.64912238188856,0,0,0
104.50279419847497,18,0,42.826642181407934,0,0,0
7.699489809012497,20,1,11.689550423280687,0,0,0
47.07541963972017,4,3,24.34291988232011,0,0,0
162.8694869122148,16,5,97.43459496837856,0,0,0
56.822918427952,2,6,12.166559967597557,0,0,0
587.1853459960934,18,0,83.0996166377777,0,0,0
81.88448455577073,0,7,16.62502277913856,0,0,0
24.860409500367002,0,8,5.8230151084058965,0,0,0
43.15840589003817,22,3,68.4973446677537,0,0,0
46.60646352937562,19,6,15.195378268582619,0,0,0
46.13598139707214,22,8,60.065301958227245,0,0,0
62.406621646648134,4,1,21.165046071834194,0,0,0
128.2791477852921,6,6,32.21013591105348,0,0,0
106.9236468375308,5,4,25.856195021432065,0,0,0
123.36270274066668,16,6,147.2034988995947,0,0,0
0.8398853712116788,21,0,19.279364060770448,0,1,0
24.547530863034297,16,9,10.12558314168398,0,0,0
108.3775761471237,12,8,22.753216350158034,0,0,0
66.16279094100244,11,0,55.35980738017637,0,0,0
0.5327642385473204,3,4,59.761009416978574,0,0,0
163.2167495491405,7,7,128.88881863416742,0,0,0
148.19667289838773,4,0,106.74960896987491,0,0,0
79.5000881162235,4,6,17.006381902604424,0,0,0
6.8775029976427895,12,1,30.363453428993093,0,0,0
145.46376559099792,10,6,68.7714775123817,0,0,0
87.63817645917182,7,6,124.16776105501965,0,0,0
152.3076642025281,7,8,20.561460397217477,0,0,0
139.33068609070432,0,5,29.389062321769575,0,0,0
162.4562067851931,12,3,114.86906802310088,0,1,0
72.98279003508777,4,6,22.196047798631554,0,0,0
111.21762852941026,7,3,117.43361979878854,0,0,0
96.88316069352844,16,1,81.03586885215309,0,0,0
135.57775216283963,22,8,13.948072063838518,0,0,0
18.618622226351217,22,7,19.636951369584434,0,0,0
21.688219446083686,12,4,21.76725979405285,0,0,0
221.10047441814586,8,4,121.94228084763235,0,0,0
138.62055588712101,1,0,342.1797682506331,0,0,0
238.84533639455606,18,8,74.36196579885286,0,0,0
142.17778026227808,19,9,33.11405413518777,0,0,0
86.46635352040354,18,5,50.117828287249274,0,0,0
100.07362879314059,18,9,46.65836256160132,0,0,0
17.016777335054286,23,9,32.776392887244825,0,0,0
64.23043058166897,8,7,144.46727219052494,0,0,0
126.01803008714285,9,5,1.1709214348393144,0,0,0
31.600294692998553,13,9,62.26274601078076,0,0,0
22.596525423179266,17,3,26.36806846227624,0,0,0
37.662521697529925,14,2,62.551552293011135,0,0,0
27.641330813434568,0,6,56.230308185886415,0,0,0
24.196027699254998,5,1,0.514538569911509,0,0,0
55.31258681164361,14,6,16.797313410569544,0,0,0
238.42129567688883,5,0,10.480004009560968,0,0,0
70.7367099558632,17,9,9.135262696363824,1,0,0
20.815689044425852,0,4,65.18536326442872,0,0,0
8.00953508884464,23,8,13.692334486871397,0,0,0
119.12413448538466,2,0,32.19286801314297,0,0,0
48.25601566098269,16,7,14.183771839729234,0,0,0
172.50224411216058,15,8,43.40287225986433,0,0,0
107.73717798567641,7,8,63.75084749402424,0,0,0
159.0819567208323,16,7,20.104147106617734,0,0,0
31.73801118543719,7,3,46.19357571255094,0,0,0
117.88215082024153,16,6,87.10698943547703,0,0,0
30.660938213368084,8,0,4.94817794776211,1,0,0
279.80046593510536,11,6,62.00947221193621,0,0,0
101.16301863237578,18,5,19.514906356208144,0,0,0
39.231959053585946,3,4,6.542461443615009,1,0,0
31.40422865163482,20,0,39.444835680867236,0,0,0
21.186561829269568,21,7,12.826118830963228,0,0,0
118.62670107574804,10,9,86.11963532971967,0,0,0
24.681606353752038,3,0,2.192156298689765,0,0,0
90.46172971291463,13,0,5.193242639906978,0,0,0
30.7388341009099,13,2,36.802329694582255,0,0,0
108.46175084116823,5,7,44.45102149674676,0,0,0
168.70737152896345,16,7,65.44568235159562,0,0,0
150.51916114338843,1,6,15.005328779638308,0,0,0
143.066987412652,7,4,92.18224954104724,0,0,0
20.79131323319335,3,7,153.0320389150549,0,0,0
9.253746900507979,9,1,34.5613815631903,0,0,0
120.0475023657181,6,7,71.46664154575711,0,0,0
45.9415424719779,3,1,37.206063615303236,0,0,0
56.62435996412856,15,9,3.5998885166371175,0,0,0
3.164454146130381,13,4,19.734531553973753,0,0,0
30.053289067824746,15,3,4.577630346087748,0,0,0
3.4256515227579785,8,0,224.94653948051547,0,0,0
211.35012239367893,3,4,13.005025718983088,0,0,0
81.49469038555038,5,0,16.727860708533797,0,0,0
3.975935168054596,0,1,52.957015261397245,0,0,0
109.91546096145082,6,8,11.811546614590378,1,0,0
39.01243994323304,0,4,76.9187080473547,0,0,0
228.19904946609674,18,6,5.872307280071301,1,0,0
219.03122232037413,7,1,112.76141687381511,0,0,0
39.3473226542136,2,6,91.76102606897723,0,1,0
231.22405138111793,0,6,56.78570801520506,1,0,0
556.1677236148372,0,6,3.4897289496515125,0,0,0
174.53473539422617,6,4,11.69563077516684,0,0,0
28.63612599209348,12,1,6.503978383228028,0,0,0
85.96797985106654,0,3,8.4761166505564,0,0,0
6.96244072573011,15,1,39.26348792159304,0,0,0
9.972966184805468,21,7,16.02248506473001,0,0,0
39.54740594095893,13,8,42.879095065213036,0,0,0
137.9056267629112,3,4,23.30669045005256,0,0,0
164.33311177315946,22,2,7.573707225518748,0,0,0
195.20921151433254,22,3,38.27017222179483,0,0,0
604.4147186043234,11,0,24.47052884920548,0,0,0
27.64078463965971,11,2,66.31018101174739,0,0,0
4.118750595694294,16,7,5.421340726466889,0,0,0
52.965430609138274,20,1,48.459956484859326,0,0,0
13.935479557395638,14,1,28.678805170657373,0,0,0
2.2681173282547915,9,8,26.049006590005717,0,0,0
44.695424252533286,2,4,13.217010488654731,0,0,0
153.1265804358061,22,4,1.544925414793678,0,0,0
83.51271708032459,19,0,94.0916035961901,0,0,0
37.50978791544164,19,5,19.75668947475693,0,0,0
106.23054479496665,11,7,57.14248039658549,0,0,0
26.398921839175493,0,5,147.43041271424914,0,0,0
1.4485861372039344,0,6,41.61934724413497,1,0,0
144.542199633491,9,3,25.304086568545888,0,0,0
97.7483083988966,17,1,15.617427969666261,0,0,0
143.67569459094216,14,0,135.93821410739218,0,0,0
3.971637332766473,1,5,57.29727457911682,0,0,0
181.47392606929003,16,8,54.72325400040836,0,0,0
96.633796091396,7,9,27.770087424463863,0,0,0
82.87271860742521,21,4,93.23222440110939,0,0,0
97.98005772521859,21,1,62.53089626398099,0,0,0
199.82911169332198,8,0,16.646754011732735,0,0,0
88.41539606919447,20,2,45.76189681602739,0,0,0
86.9765940983819,19,3,28.122962364461145,0,0,0
467.55022107870525,10,6,0.3305986915475839,0,0,0
141.35840281196997,5,8,82.41502667596731,0,0,0
58.39229883345892,23,7,6.5527430264294955,0,0,0
122.89385376562178,13,8,35.66285236473304,0,0,0
49.303559504810856,0,6,20.490691988851225,0,0,0
25.990539120417445,6,9,20.934283889360145,0,0,0
90.84512334188312,23,7,32.443586611811554,1,0,0
263.3621504116234,8,7,290.8437069344648,0,0,0
264.7042405865561,10,0,26.244510113530282,0,0,0
41.8406403770263,23,8,10.064775241756802,0,0,0
75.00931924870726,22,1,47.54492897987898,0,0,0
23.77952381875633,15,6,13.478207097184317,0,0,0
543.3246192014816,18,9,5.577265479286375,0,0,0
396.9541312324312,1,9,2.573832510648502,0,0,0
104.8420049886096,14,4,1.1573556679987904,0,0,0
163.17554037065764,2,3,28.208212553628208,0,0,0
125.5617603584788,3,0,27.819555379435645,0,0,0
89.93309136890181,19,0,10.261829615344151,0,0,0
5.482372639196746,21,2,76.62825435463088,0,0,0
60.65371787904519,6,0,6.9212029923550755,1,0,0
113.1750175097633,3,2,44.28516391991254,0,0,0
46.700432114634786,9,9,1.4002438798069494,0,0,0
284.2015744951548,5,1,164.80488975483559,0,0,0
18.315033882305844,21,5,18.404222095882748,0,0,0
69.38663315181398,13,3,29.88957368758618,0,0,0
117.40385921414737,2,3,16.722522599909613,0,0,0
119.44707782097186,16,1,65.17516516430621,0,0,0
104.5940970982072,10,1,33.24550341485343,0,0,0
32.19812389614336,9,5,7.099666669513918,1,0,0
16.984756397095726,20,4,5.502125865948816,0,0,0
101.04374874923896,9,8,64.61751266646456,0,0,0
91.4547542460641,9,3,13.530197199703862,0,0,0
19.76658936465737,2,4,7.413016622363043,0,0,0
122.12517138184886,23,0,34.60015146731667,1,1,0
60.72851152877793,14,1,81.16804128061561,0,0,0
110.18994603112151,16,2,16.340743187385478,0,0,0
181.62596409227902,17,4,16.178010656088368,0,0,0
18.60024372223012,18,4,89.75262233470825,0,0,0
1.9330504120641034,18,3,7.998684719031105,0,1,0
151.0056877070906,11,9,47.950464700990615,0,0,0
94.08330077192397,23,2,155.069622797132,0,0,0
120.2772090878001,4,8,92.03797488772541,0,0,0
182.11160373501085,23,0,3.1904185230421254,0,0,0
162.35922887795354,15,5,19.276571276007097,0,0,0
324.21482115081915,14,6,7.679385742325152,0,0,0
76.77308202762632,14,9,149.03295995016367,0,0,0
67.03991553276018,5,3,213.2266397200335,0,0,0
51.39759138744405,11,9,13.393516086007262,0,0,0
16.687078846063784,1,2,55.38755273800923,0,0,0
85.00518592211517,19,7,92.14160741252773,1,0,0
32.43633796926085,8,8,13.307790652539756,0,0,0
254.22075819010016,3,0,10.393085432954663,1,0,0
87.51267261114472,4,9,0.5637170223459791,0,0,0
89.85494937326825,20,8,26.54822421914263,0,0,0
43.8388164165674,7,6,114.84877401401172,0,0,0
5.338954469916885,21,0,116.64172594708222,0,0,0
3.225852154060481,9,6,6.833565995409593,0,0,0
55.04940203134059,6,4,11.429950297165782,0,0,0
8.835632986675682,21,9,26.21642990986518,0,0,0
93.35563168130257,13,6,75.84853057181509,0,0,0
212.84049682314497,4,8,47.318361909776755,0,0,0
214.48535451518143,15,7,36.061876657663056,1,0,0
107.60059781094083,14,5,44.8160584038926,0,0,0
23.728283080935125,4,1,5.057342160789408,1,0,0
217.2376774660524,22,3,241.81281946036162,0,0,0
21.89692570072109,9,7,4.630230240422367,1,0,0
133.72226585696404,4,6,36.62004918706296,0,0,0
33.76002410770677,22,3,17.523941950769238,0,0,0
162.27273894179916,14,7,38.817016108869,0,0,0
589.1763984102353,17,1,42.64452886295266,0,0,0
3.048601746202351,7,8,43.0750843889713,0,0,0
97.4530554457563,1,6,24.69411666072067,1,0,0
362.61908617206774,21,9,36.32011905825691,0,0,0
62.55063220133938,7,0,0.5494276288149215,0,0,0
187.98560713286727,22,2,77.9255021154878,0,0,0
6.442553402568435,7,9,15.020652248716424,1,0,0
40.838795057103404,3,4,84.79202574927477,0,0,0
6.936780364152464,18,6,15.437704568096411,1,0,0
370.2699856597469,22,0,0.5423557034088844,0,0,0
169.81265530907294,17,8,8.41095240536814,0,0,0
191.42486548671397,20,4,212.31504157909532,0,0,0
278.0060267792967,22,2,19.26851190742135,0,0,0
8.89443196873209,0,6,5.760661510051883,0,0,0
48.71051787210219,19,9,6.3211957417744005,0,0,0
7.368409635684103,14,7,18.578024591007676,0,0,0
23.672676380501272,17,9,1.9185958122376308,0,0,0
26.054143697640793,21,9,35.819622335584064,0,0,0
63.319518216996805,11,2,12.023445840380825,0,0,0
31.274304839958234,0,6,36.626702081026,0,0,0
10.644789199031331,6,6,7.585595559575974,0,0,0
18.33113533939617,18,3,28.093423705468044,0,0,0
15.931883591295435,0,9,45.554819592500046,0,0,0
361.4766832999243,23,8,3.2002632119144914,0,0,0
142.41728043015544,6,0,25.437165435401887,0,0,0
343.4592811184291,1,0,18.014345891317465,0,0,0
57.93551856472514,6,4,13.745520027968357,0,0,0
32.624063278218756,18,2,46.384602287880014,0,0,0
160.09401073184702,12,9,44.40241475460886,1,0,0
39.49019720502683,23,8,49.80727168203315,0,0,0
35.579443699212874,4,4,8.651205838461816,0,0,0
26.462460698817665,22,6,16.823258972668683,0,0,0
13.88931448469217,18,0,11.765790301587824,0,0,0
29.63368317562342,0,1,38.881209134834826,0,0,0
112.08401313491106,17,8,20.04580385231588,1,1,0
6.460768856366412,23,4,77.09242333372596,0,0,0
23.63642352748415,0,4,4.934349683868194,0,0,0
165.56056297563987,4,8,184.23777597296913,0,0,0
15.890420412443287,8,7,6.1956939233647095,0,0,0
41.95312944675591,11,1,74.15586299037693,0,0,0
199.99571820367424,8,6,22.96150872682314,0,0,0
16.833026635169876,17,0,100.22124137681733,0,1,0
8.636086383903962,22,9,3.853229559207226,0,0,0
66.26916835373416,10,8,23.477923232696888,0,0,0
36.013737592778924,0,2,20.431761870640493,0,0,0
82.87569932812717,18,1,249.22673165529528,0,0,0
162.86456581731287,21,3,211.8495654515674,0,0,0
14.751266313471897,9,3,10.523951713075462,0,0,0
86.9166441536363,1,2,49.70544670767353,1,0,0
70.4225843728193,6,1,38.34177649033117,0,0,0
15.55769468113575,19,4,8.383874793221393,0,0,0
97.81621077519033,1,3,9.182904844559596,0,0,0
31.971009457124445,18,4,226.6505163066076,1,0,0
66.9107109694989,5,7,30.140649261130065,0,0,0
8.585458191010801,9,1,6.722378723838564,0,0,0
61.54161715059916,8,8,12.090206519416883,0,0,0
36.59513629547137,7,9,15.622518990664025,1,1,0
172.8115661144482,10,0,35.76118040758962,0,0,0
5.866643774561698,8,7,20.43964165539183,0,0,0
54.23288036950722,19,4,30.349555501941033,1,0,0
61.32855799895035,19,1,9.10605191103914,1,0,0
129.10062771928366,8,7,19.780344811586954,0,0,0
85.39912195648273,7,4,3.645558653440363,0,0,0
110.0250641618203,14,9,110.23222491370448,0,0,0
150.08045438400285,1,9,11.079268119104361,0,0,0
198.19735001578348,23,2,70.7141477375436,0,0,0
37.669617606566405,0,6,21.504679855857056,0,0,0
77.22395349174069,8,3,32.16048554365295,0,0,0
183.3257182239636,8,9,17.213400001044235,1,0,0
455.1736625285726,12,5,59.60900908950255,0,0,0
220.29145338737806,7,9,93.07040540818747,0,0,0
46.43671642007787,20,7,16.862539912855336,1,0,0
21.7119876648513,4,0,13.867953170646683,1,0,0
67.21541589399756,2,1,57.19726359956184,0,0,0
135.340693726407,20,7,10.855157849658875,1,0,0
67.83946773351387,3,6,51.06031255146015,0,0,0
66.00622980074905,16,9,4.959428937138747,0,0,0
182.1582308609865,15,8,48.39725193419076,0,0,0
44.84829164564948,15,1,36.016334381597645,0,0,0
196.46473223044424,19,7,6.0465959105362135,0,1,0
52.223176206150136,2,5,52.36321775687068,0,0,0
39.784388208687815,5,0,29.579839845324685,0,0,0
60.51178257517129,0,3,12.238476484845243,1,0,0
143.73643485470058,20,1,21.800145498667852,0,0,0
13.467722353981307,15,6,33.87374234790759,0,0,0
21.867755856222416,14,8,4.801004085794528,0,0,0
302.50545124385474,6,5,158.041530022358,0,0,0
19.29679822509712,1,3,54.765211747630914,0,0,0
83.86986813733884,9,4,5.409056787221114,0,1,0
86.58696760982289,14,0,86.5413614881041,0,0,0
67.26084753145321,5,3,19.471340420132563,1,0,0
103.49201372226418,1,9,45.416070660039836,0,0,0
26.11397580185179,23,2,16.22718221128524,0,0,0
80.44414165829487,23,8,66.10140852453416,0,0,0
46.54910347280817,16,5,64.18850870210522,0,0,0
108.37254287744831,0,3,40.15295266097533,0,0,0
15.224662762104572,0,2,13.782773637860265,0,0,0
84.60126592375629,3,3,14.631635835490348,0,0,0
20.489894517069903,19,7,24.13319540762548,0,0,0
32.66212061051413,15,4,7.833402050974249,0,0,0
20.19176479796174,0,4,57.65679256663028,0,0,0
174.70401601035158,18,7,88.84707401345007,0,0,0
33.64628313906887,10,3,20.21695889727664,0,0,0
350.4111736452182,9,2,89.38117520732106,0,0,0
84.69057004785138,11,8,110.68478657796106,0,0,0
15.431867038022862,8,6,26.38346114688649,0,0,0
46.92810797548315,6,2,1.3636347920175482,0,0,0
159.81630302172874,11,4,59.365883857856105,0,0,0
45.79023123486684,14,2,76.63153771777772,0,0,0
9.103825760420156,7,9,0.9094334328063756,0,1,0
81.37000983889578,16,3,45.19721979338402,0,0,0
186.51101532481331,4,7,44.38136873529454,0,0,0
158.927450289189,13,2,23.797697567397428,0,0,0
19.2521164552017,1,2,69.26820486763923,0,0,0
111.70755334398083,15,7,27.94646701473275,0,0,0
24.910805994845784,16,9,56.47047742585517,0,0,0
24.616596311174433,2,9,36.39907607829559,0,0,0
207.20431637373576,22,6,14.281848568388773,0,0,0
28.724077349213207,0,6,46.633820214566626,0,1,0
30.550305576649052,17,9,66.76266894872977,0,0,0
0.06536043140703691,17,1,182.30186806738558,0,0,0
204.53805332887222,3,6,23.910576851636794,0,0,0
157.30809748645834,14,9,3.332239269985789,0,0,0
98.70591119225868,18,9,221.02266344039245,0,0,0
138.73579823197974,18,2,48.88260320470758,0,0,0
16.493191773662982,9,6,146.35740189408207,0,0,0
61.30864938250955,4,3,5.481095013185162,0,0,0
43.26606584843427,18,7,20.93008886769299,0,0,0
9.846934359420757,10,7,7.189863855057892,1,0,0
66.57859080413012,6,5,90.24532203321043,1,0,0
253.50172797059273,4,2,106.15619007195518,0,0,0
4.088357876099898,19,5,34.78870137266267,1,0,0
34.455005340385895,11,5,10.326996478904947,0,0,0
23.261442908307973,18,2,6.797800426700841,0,0,0
27.200120069694396,14,3,44.35651672113278,0,0,0
239.07012823846583,11,1,35.29909213813339,1,0,0
63.12415992576712,3,0,59.33761368406706,0,0,0
62.79202956612405,11,1,18.207084874538065,0,0,0
142.95177469038651,17,6,25.7390045374066,0,0,0
16.781789011229847,16,9,1.0796261766667012,0,0,0
56.20929783514891,15,8,27.508089029159844,0,0,0
90.85971300409066,10,2,126.13954432079288,0,0,0
772.352952206246,1,1,51.33127684450388,0,0,0
146.72827234727734,15,3,25.432606995519023,1,0,0
50.72747738643459,0,1,15.298356890776848,0,0,0
175.76656392285076,16,6,117.84411452270585,0,0,0
18.718339236116805,17,9,0.819940124301842,0,0,0
3.0937348898737214,12,5,19.793994713847223,0,0,0
22.871953383094624,4,7,143.6806736910187,0,0,0
41.613920833230836,23,4,53.07059521876971,0,0,0
71.45358101105604,5,1,38.04123208784892,0,0,0
95.48474309407133,0,3,11.378586934024385,0,0,0
241.4698549791932,9,0,89.60040728359007,0,0,0
71.30519925597378,4,1,11.420310152338535,0,0,0
69.57017298959526,0,3,14.267807742907724,1,0,0
5.154912692356864,22,5,10.650450415507539,0,0,0
3.5535526564714983,10,3,8.607639355530408,0,0,0
80.1088717336469,23,3,153.21393649795226,0,0,0
57.65712967708981,23,9,46.069133206937835,0,0,0
182.74720079048132,6,9,50.78306283809527,0,0,0
17.51627440045595,17,1,154.31071861275876,0,0,0
2.528874391132039,20,8,13.105593399269727,0,0,0
59.60908315243777,19,9,0.29675583046160764,0,1,0
27.112464860387327,20,7,45.67518715318064,0,0,0
5.0887453950698776,9,7,35.44806366117132,1,0,0
128.95244721100855,14,4,32.47090700998417,0,0,0
11.832530761115029,3,2,3.1938815784572854,0,0,0
93.73088225665997,15,5,30.296653975366596,0,0,0
32.9963117211249,14,8,16.95294852306568,0,0,0
19.055058297267248,14,7,16.049167955735708,0,0,0
47.76351117446678,11,6,12.575966903758742,0,0,0
161.66930485158284,7,7,20.212918806700593,1,0,0
49.773431824375535,7,3,21.78073429599041,0,0,0
138.93777065919565,17,5,18.46455081669034,0,0,0
13.40873148911332,5,4,192.57630951718855,0,0,0
148.17988063188636,4,1,134.95285218404206,0,0,0
27.040986607211682,1,7,42.725703345700225,0,0,0
113.13208174510562,11,2,198.31033525685064,0,0,0
83.42075416502618,3,4,236.6388741481357,0,0,0
264.71157526284793,22,7,21.99814696370592,0,0,0
48.991661196656366,12,8,29.456257129770417,0,0,0
6.845571810228017,16,8,159.78455521496718,0,0,0
175.36464518784254,8,1,11.971846193565792,0,0,0
74.38840774735607,0,6,58.45935652317698,0,0,0
149.2740140285175,14,6,11.51760994257074,1,0,0
26.7128877244031,11,7,20.727140074151947,0,0,0
42.324790726652274,4,7,12.910057713635133,0,1,0
3.056629797262721,22,4,14.050566300764833,0,0,0
325.6897695846931,23,0,0.23332262701182718,0,0,0
110.22225178123868,17,3,106.30939930716036,0,0,0
270.61283654016364,19,3,17.548171094326538,0,0,0
30.856039220123193,1,2,4.516719852204261,0,0,0
94.53684487618945,3,7,4.550280202378883,0,1,0
113.47576366812572,14,2,40.598594029874135,0,0,0
38.20655754648315,5,4,247.52795666652835,1,0,0
188.4593667908195,21,1,7.834004394981635,0,0,0
294.05144851815083,11,5,5.247018027304049,0,0,0
216.15640974373923,17,5,28.839714389269062,0,0,0
134.34915173846713,19,7,41.42901946348685,0,0,0
32.49889739966056,3,7,17.433946930981538,0,0,0
33.07510925686839,0,0,18.014221982162457,0,0,0
330.66234850124306,14,4,27.623761040459254,0,0,0
1.0337746784078452,17,1,18.85449703857336,0,0,0
125.89570184243082,13,9,123.45063171658389,0,0,0
122.50131499674364,2,4,2.1430040885449264,0,0,0
97.46869316163284,14,9,13.365886021498142,0,0,0
461.61144654179714,4,8,82.65716033443597,0,0,0
37.37912176857879,23,3,89.77576306917932,0,1,0
41.54728142540341,21,7,5.914131213235958,0,0,0
8.222945004491383,2,0,182.03009013467778,0,0,0
58.48276927599995,21,7,59.10320313915823,0,0,0
42.066002157273154,5,7,30.44378194935156,0,0,0
179.92179562535264,21,5,17.629779474965297,0,0,0
274.0849983650983,0,2,8.127255306984855,0,0,0
20.546704536450704,18,7,17.207546657272346,0,0,0
46.60258416288361,6,4,43.38597452256823,1,0,0
6.380115113017133,11,4,22.590827067588705,0,0,0
9.690803662038801,19,6,21.377985851343585,0,0,0
17.76815254560648,22,5,31.5556553731698,0,0,0
90.43938663703712,17,8,51.71932206538068,0,0,0
16.307469685607884,8,6,69.63901998975437,0,0,0
344.44091497533776,18,2,19.785604053688445,1,0,0
59.188118508608866,21,4,44.13705196688634,1,0,0
69.61877190159892,3,8,24.662453459819965,0,1,0
28.32367884570469,0,9,63.00949783458366,0,0,0
63.669171277207695,8,1,8.996715657464978,0,0,0
108.44538913974355,14,0,14.847905781186862,0,0,0
139.10140290675085,21,7,27.76155746264952,0,0,0
140.18876376332716,7,7,110.09844616302367,0,0,0
86.24919714380526,14,1,42.58672648417875,0,0,0
170.05002871341645,17,4,5.450451797762705,0,0,0
141.48918581217475,6,1,30.825551614505642,0,0,0
5.721132054820683,21,6,27.156984742747426,0,0,0
23.88249609303227,15,2,83.55625411569267,0,0,0
108.92272479973313,1,0,92.08364125572434,0,0,0
52.966444677110594,3,3,55.46262609134224,0,1,0
51.48441192801495,19,1,51.296402926198645,0,0,0
215.92373111684347,15,3,148.82545349358978,0,0,0
225.91698060308954,2,7,24.200048964634206,1,0,0
239.8823608157773,23,1,89.42323938936912,0,0,0
37.669993602088276,22,0,127.23520671018298,1,0,0
117.4594642150482,1,2,33.8183621500589,0,0,0
31.69504858103928,2,9,65.30075242950691,0,0,0
21.147419521121357,4,6,23.66203166843045,0,0,0
20.411629481893115,1,5,8.650988494873582,0,0,0
41.87139185772695,18,5,44.155357571825576,0,0,0
56.204456965398876,23,6,10.937140617398907,0,0,0
177.7555846291423,19,7,30.58749699284969,0,0,0
12.77096217498297,1,2,103.13091775043863,0,0,0
132.7745670987209,1,2,4.497230329607167,0,0,0
75.81229475460697,21,9,1.5450547223686442,0,0,0
33.96006046120076,23,7,46.6308958174055,0,0,0
67.88884896425267,22,6,20.103144605321905,0,0,0
35.65921899015459,19,9,27.058890210247817,0,0,0
90.6543281100516,17,4,26.01944268969383,0,0,0
56.88854841195724,19,3,4.530176270526897,0,0,0
17.961186621831356,20,5,0.1786403781098332,1,0,0
12.39580205689023,13,8,114.3470269179142,0,0,0
79.11915955394043,14,5,12.282148842820762,0,0,0
232.70113322475052,11,7,27.76317543104478,0,0,0
42.15299899195753,10,0,178.64520776451053,0,0,0
132.05070221648265,10,5,87.65461334157935,1,0,0
107.48802004719742,6,1,5.710581644237183,0,0,0
268.1723523973739,11,2,35.51660308175611,0,1,0
172.02634301559866,15,5,65.48130267741665,0,0,0
83.61063240224009,4,1,59.931486035903404,0,0,0
107.01137519038946,1,3,71.53151202302513,0,0,0
228.65785497954332,21,5,30.574180580037474,1,0,0
51.00239195282881,15,4,9.674561054019094,0,0,0
39.570495255169256,22,5,31.26250689618326,0,0,0
1.0869948043014717,14,5,52.19019199126432,0,0,0
175.18720986755773,10,7,46.90025030233203,0,0,0
161.4353476062518,5,8,3.656609930474696,0,0,0
11.032226937987565,12,4,3.3578939174025892,0,0,0
86.00459963188796,18,5,167.9900544676276,0,0,0
62.358697328323856,9,5,8.232262663771364,0,0,0
12.636750948930697,23,5,17.439765215096582,0,0,0
394.0845772237502,18,1,72.97218195894304,0,0,0
24.168423171619906,4,3,26.354278134952814,1,0,0
6.960110652141278,20,0,10.011947133264485,0,0,0
90.34914421262091,6,0,31.483496960572005,0,0,0
134.27241864990606,10,0,42.07655592498279,0,0,0
3.298140208855304,13,6,30.14399467396785,1,0,0
107.50451054100307,22,0,125.6320305450324,0,0,0
75.99108441883163,20,5,16.752612920347282,0,0,0
10.899489967668833,15,1,54.13677385084211,0,0,0
18.937502646305827,17,5,5.9557742279205925,1,0,0
83.92701955543829,20,5,24.902500500188797,0,0,0
35.14850256269303,22,2,67.54505809827847,0,1,0
278.57263019839536,22,7,12.732803591497493,0,0,0
170.78240804053527,3,3,44.55199249559961,0,0,0
410.84763378712006,0,6,8.328534529108305,0,0,0
30.066037945438417,21,3,5.41834548125748,0,0,0
349.73878311233983,14,0,37.036342520796,0,0,0
56.42859483130849,13,5,56.198196566782165,0,0,0
42.6972945278714,18,4,6.016210561178719,0,0,0
5.1661285213504895,4,8,124.91555590354639,0,0,0
5.4208336745065475,3,8,12.794460721490811,1,0,0
117.7692041957704,12,7,6.39026564968212,0,0,0
61.235827954381904,17,6,11.32614451456972,0,0,0
25.685756803615135,11,1,9.290729910210695,1,0,0
95.18409858574385,22,7,4.75261643625079,0,0,0
29.150017647661468,20,2,79.93460153416703,0,0,0
86.18777254207312,14,5,34.21311587997719,0,0,0
44.50515334189824,22,9,24.593605782909584,0,0,0
173.47303478796616,8,6,150.41851691046622,0,0,0
171.86734862566172,3,5,23.181867816843784,0,0,0
43.20438789798166,8,3,16.013217284566025,0,0,0
45.02948048729824,12,1,13.653897259994253,0,0,0
163.84266843651193,9,8,34.531645156637516,0,0,0
39.77640616296515,15,6,17.23062259970507,0,0,0
23.453237560803508,12,6,36.28983845340209,0,0,0
8.849066172868149,3,3,55.32618884813972,0,0,0
62.86582623108428,20,4,75.09621260831801,0,0,0
65.80350864648464,12,5,61.92092886992499,0,0,0
183.8277093112653,20,1,11.50782400431383,0,0,0
25.00506939887871,7,3,6.159239150382866,0,0,0
47.96359089306733,12,3,39.09347291725524,0,0,0
165.2375366366252,14,3,11.089210732062913,0,0,0
173.51349921511564,19,6,4.437939055376495,1,0,0
48.55008142717098,19,6,37.44296835002121,0,0,0
61.456527463641855,12,6,19.785208950691782,0,0,0
36.138012575063684,22,6,70.55989724554934,0,0,0
269.6441025397904,4,1,18.857851755152563,0,0,0
271.43111047419586,21,9,71.04909202828678,0,0,0
115.15905339000008,5,1,2.9712195107276607,1,1,0
75.83731970333133,4,4,35.552600007985475,1,0,0
3.320427150562829,12,5,41.34770212345928,0,0,0
64.54932651471988,4,2,59.42182446305423,0,0,0
52.382323629066974,12,5,34.437522720456734,0,0,0
17.580540745327074,23,4,33.028539839986074,0,0,0
106.83050389153041,19,3,22.938437806546307,0,0,0
354.5676737763038,22,9,15.835732353178653,0,0,0
82.59675370352235,7,8,146.12428759550806,0,0,0
125.44007765248352,8,7,19.1067201222453,0,0,0
7.090589933631709,20,6,3.276087528413248,0,1,0
54.07128227430151,18,0,9.153175956602073,0,0,0
12.370382479666217,19,8,97.34235200448583,0,1,0
94.88031683082929,14,8,44.17102857238966,0,0,0
278.84280359045823,21,5,75.4300040454014,1,0,0
108.40520033830263,9,6,82.71693835082117,0,0,0
7.991268513412317,10,2,86.64711270779999,0,0,0
43.79875843983029,4,4,39.99362110102828,0,0,0
79.99829604202996,8,6,9.747281043778425,0,0,0
51.618622637886745,10,0,8.022098642497506,0,0,0
179.3625271606307,18,0,42.663968074604725,0,0,0
168.56226803821806,1,4,22.825896861464688,0,0,0
94.63145189701983,5,8,40.82772729754754,0,0,0
46.753938021527816,22,6,34.505374678435054,0,0,0
29.482267097022934,20,0,46.09005426338015,0,1,0
11.1908930035361,0,4,1.6319342336360354,0,0,0
43.83463445134082,2,7,1.6693952478126755,0,0,0
53.30243987856997,2,7,63.933950229109385,0,0,0
112.64653850249829,13,1,10.729464913265364,1,0,0
107.34119736562513,19,6,52.806162777113826,0,0,0
7.268697877993113,21,9,39.54637060866474,0,0,0
50.295553338270715,4,4,200.30149810255526,0,0,0
20.062264543779218,16,8,90.21363537779993,0,0,0
17.056616928390106,14,2,26.647982646600187,0,0,0
175.62117417196362,5,0,47.90941785018031,0,0,0
4.281900463101456,13,3,6.237897162368231,0,0,0
54.33193322665865,13,6,24.41946415189073,0,0,0
18.416764668961786,16,0,66.19185166252188,0,0,0
211.46975192395195,7,1,48.73196705575563,0,0,0
81.42769652071141,7,4,33.12811751290937,0,0,0
26.31594078000812,18,8,9.711353594328806,1,0,0
69.80135766138082,8,0,81.26462833227345,0,0,0
131.4853564472995,10,3,15.952899735746623,0,0,0
317.2899351594003,12,2,85.87317705706118,0,0,0
24.90333231532837,12,4,47.28714382504667,0,0,0
217.31525955061656,23,4,23.319024274164015,0,0,0
272.2718975962064,18,9,2.072631643624194,0,0,0
248.19575370836895,20,1,13.225553242149001,0,0,0
100.89937945340156,18,4,109.94321251294623,0,0,0
99.37676730375314,4,8,85.18038171171965,0,0,0
51.619104724833264,15,4,42.76605117847477,0,0,0
139.59321853156544,8,9,31.398174375975994,1,0,0
75.77796119222651,19,1,52.084574724639346,0,0,0
113.14601339820855,21,6,31.391210344596033,0,0,0
55.941713940274106,2,5,51.68406045571295,0,0,0
131.4891195820636,18,6,18.365428313172103,0,0,0
173.99539563927044,4,7,91.16164549567338,0,0,0
15.833505482968752,7,9,60.51931525712565,0,0,0
178.93406902791594,13,4,20.022059588882,0,0,0
77.71736316917954,23,1,88.79414305801947,0,0,0
186.2177056434934,2,6,33.40736791457268,0,0,0
56.44052250976836,23,6,9.596712435768291,0,0,0
47.648939302738846,12,7,4.0449120354033266,0,0,0
246.5818778071359,10,6,60.132974627744794,0,0,0
28.924231239120246,7,9,100.16878735713249,1,0,0
185.92612583419813,18,6,82.3678906351531,0,0,0
66.16883834996436,9,8,53.304984439188594,0,0,0
72.17430582178052,17,7,7.6211535604170795,0,0,0
85.10701011270652,6,1,21.1582635170855,1,0,0
39.33555204399868,15,6,96.52035881727224,0,0,0
4.0061257122726746,5,9,163.16264184421888,0,0,0
31.745231505151146,15,9,13.811452461124201,0,0,0
0.6399476445828731,15,2,71.79433316796431,0,0,0
383.2970960153524,22,0,42.650448863158324,0,0,0
337.39872524751434,23,8,1.6162105275542293,0,0,0
50.27835439386897,0,2,39.1444431557896,0,0,0
42.43514858571407,18,5,16.15667456163271,0,1,0
111.1980720548938,2,3,113.82716904018184,0,0,0
163.69635047353424,5,0,13.476419730580243,1,0,0
293.28747524851974,3,3,3.9777693399018546,0,0,0
51.117947944831535,3,7,8.71405695437729,0,0,0
152.9232062481517,3,6,90.70113389225422,0,0,0
30.914877641552607,9,0,27.004648141912092,0,1,0
463.8965239229588,8,9,79.71405881947294,0,0,0
2.6107451736873193,7,8,37.88247828974478,0,0,0
92.51518925039456,18,5,32.75011429405916,0,0,0
107.73577208048117,16,1,82.23075995131947,0,0,0
116.48981180973006,16,2,27.537922535678806,0,0,0
12.827389897000618,0,6,80.98267851842728,0,0,0
278.92025055890326,19,2,5.30482626473768,0,0,0
19.989500411636573,13,2,50.572783248012534,0,0,0
97.48562025540377,21,4,60.63168619428008,0,0,0
25.189812890208263,19,2,114.67997728149544,0,0,0
36.703761863891735,10,2,12.701013348467532,0,0,0
79.06685951447729,2,4,46.34482373486413,0,0,0
53.98999119392918,23,4,28.39242854697075,1,0,0
17.46219958079338,7,8,24.125811764162254,0,0,0
18.74584107710882,21,0,5.64239913502044,0,0,0
54.153363911283535,9,0,7.206992079546788,0,0,0
141.58590338737292,16,8,90.69671460080137,0,0,0
228.2435926218123,7,4,69.2654288233764,0,0,0
8.78782932996094,21,3,24.090948234486582,0,0,0
49.93976847166674,0,1,88.15468864054388,0,1,0
10.563340146874665,19,8,4.21073827542313,0,0,0
1.6731677737616528,20,5,49.01132733820406,0,0,0
92.24331629545526,23,4,91.27539919214746,0,0,0
17.79540448524371,8,3,23.323116149305648,0,0,0
26.632879586794566,11,6,68.3704612701069,0,0,0
2.3993304648808653,21,4,27.88434520441659,0,0,0
180.14898907711344,8,7,91.67226821200443,0,0,0
367.6579254625421,19,7,37.83225351697892,0,0,0
14.555716962699087,23,1,72.37808240488867,0,0,0
26.328246377837473,2,4,4.091509253790847,0,0,0
202.80606331272173,3,9,44.583073333882886,0,0,0
54.408493828357926,3,2,47.07744268905653,0,0,0
5.194874311459001,21,6,59.47746753138385,1,1,0
4.018868853085417,8,2,125.11829091738633,0,0,0
85.31982543531234,21,5,77.01473835968133,0,0,0
49.90537003688611,0,1,12.39986767104425,0,0,0
2.90709216796071,4,5,87.40520019514044,0,0,0
87.52744977697657,8,5,6.509971922854779,0,0,0
1.1366895662418233,4,7,48.669329017032965,0,1,0
154.82109221921846,5,4,107.17396759463811,1,0,0
36.590717687223226,18,0,5.330401018690447,0,0,0
4.109078377546741,7,7,94.75365516232756,0,0,0
88.75872005714682,9,8,80.12826272475925,0,0,0
50.697374251656115,10,0,35.03633501814127,0,0,0
364.20116453299835,12,4,18.473363924377125,0,0,0
32.19135834366805,3,3,173.1400278775371,0,0,0
123.59412760671195,10,1,11.263387550979113,0,0,0
31.67566754287018,11,4,43.32794197182172,0,0,0
234.59445897471602,4,3,4.34551898879285,0,0,0
46.95588809727146,9,6,12.288190061231191,0,0,0
79.82156561460809,23,5,72.05155002464483,0,0,0
5.189674360981235,6,2,18.019738435852616,0,0,0
55.533712091645256,20,8,212.60633837271627,0,0,0
178.59575708045602,8,3,34.73913016613554,0,0,0
163.80884748715226,8,4,36.33926510279357,0,0,0
25.4013357069355,9,2,1.8495265384462802,0,0,0
25.62855695393642,9,7,156.78047314234695,0,0,0
169.99388921743534,1,6,9.572158074372025,0,0,0
266.49680131827876,3,6,38.64639433240936,1,0,0
10.021922286375343,7,7,25.182125043688835,1,0,0
59.794362357822294,13,6,26.85717100121265,0,0,0
41.16657106188566,16,2,51.54303260478481,0,1,0
204.55307122513906,12,2,54.248588809141765,0,0,0
8.722039666546804,20,1,8.378856494806914,0,0,0
139.62167762121442,17,4,78.14619520426024,0,0,0
5.265616897537502,17,3,29.285225224869404,0,0,0
67.83282861896274,12,1,9.064372832587761,0,0,0
58.35881534227699,7,0,18.78684099864595,0,0,0
40.706816079393754,11,2,11.936949275294031,0,0,0
75.48961814804646,23,1,23.707099216684814,0,0,0
17.598252106831833,20,9,38.928308742996066,0,1,0
84.86224532681885,0,6,3.7766853780139304,1,0,0
163.69752550973982,19,6,46.29475687212686,0,0,0
142.77871213455,17,2,248.2671346036854,0,0,0
16.711761040988897,2,0,166.38563549967935,0,0,0
31.221300069848528,18,4,15.485554486356106,0,0,0
44.796777407365596,12,1,1.1331230567223987,0,0,0
52.5018503553894,9,7,89.65052343493993,0,0,0
113.84885331551513,14,9,2.866639615728491,0,0,0
5.835016952137923,19,9,11.510175807971098,0,0,0
3.5288068542029665,1,3,39.31284286155387,0,0,0
49.743330741297385,18,9,9.823744567387624,0,0,0
119.45628575330811,2,6,89.72465951162715,1,0,0
21.497121470654392,13,4,75.06499453944687,1,0,0
102.58391190380263,6,2,70.48214254854108,0,0,0
30.08728737222328,7,9,84.67566633305648,0,0,0
217.23124564704275,10,7,12.403954968752371,0,0,0
226.03875099891226,21,1,65.2619700480636,1,0,0
35.2807011587779,19,0,21.947074778998527,0,0,0
26.135665243125615,5,4,54.95733550755166,0,0,0
52.984531015300284,10,3,6.506671676237574,0,0,0
27.51365446183705,16,9,61.138515457317276,0,0,0
111.59126098179419,9,6,178.9702807106732,0,0,0
111.80768936885804,16,5,4.926356998013487,0,0,0
173.92644465266,20,0,6.598731241571622,0,0,0
50.58250843418695,1,7,28.155435737759216,0,1,0
16.99784126375595,5,1,17.179488257284223,0,0,0
133.92235690718925,4,3,82.23257317040864,0,0,0
44.70287918955937,3,2,32.102482990831554,0,0,0
111.25210442012357,1,5,33.134520894700856,0,0,0
31.559324643349555,11,1,63.12215120306589,0,0,0
8.471906250393827,2,4,22.468419005198463,0,0,0
490.3818230567541,5,8,21.786467819143834,0,0,0
16.984156636460163,23,2,70.71954749709694,0,0,0
445.85616450187786,13,1,75.71587522193911,0,0,0
378.4506717107503,7,1,0.7251720401351502,0,0,0
157.89965090618762,20,8,7.76200807889421,1,0,0
107.71139295910264,20,5,11.982589601503472,0,0,0
86.22928425493258,13,1,21.662410603319955,0,0,0
201.06735676349174,2,2,17.22659728995884,0,0,0
34.17012141942121,15,0,55.20939744888823,0,0,0
63.05127444514089,14,1,88.05236772301531,0,0,0
96.5979969676255,6,1,10.66504388432979,0,0,0
52.965253620490095,14,1,41.38882285071534,0,0,0
55.771888285596106,12,6,22.928759256607343,1,0,0
40.09025337516593,5,2,35.238510859939204,0,0,0
83.06448666735943,14,3,48.479016902469446,0,0,0
190.09575256026636,16,1,112.0273998979804,1,0,0
22.50558511023859,3,4,10.67777493667084,0,0,0
272.4683349435251,21,8,4.551330657574333,0,0,0
116.82442513782401,21,8,49.33725841849917,0,0,0
173.31503134101564,13,6,25.054561914719436,1,0,0
81.23602967116906,14,7,8.890747936510014,0,0,0
151.1933330383703,11,4,6.226440026360143,0,1,0
170.58410255599657,21,2,17.86737239581359,1,0,0
4.096664986292486,9,5,298.1220824991377,0,0,0
482.3667950531431,8,2,11.931048599615355,0,0,0
34.823560154579845,1,1,49.557320632710834,0,0,0
144.97171906671588,8,8,34.069433503275114,0,0,0
29.172535674715718,14,3,32.9446489799807,0,1,0
200.66550029425972,12,6,30.216321464392987,0,0,0
10.852394977398257,19,7,79.5027726574478,0,0,0
13.462364191664372,7,9,12.206422704604336,0,0,0
387.0475918680357,18,1,117.33066582307539,0,0,0
112.03638425948373,18,6,78.35257787943648,0,0,0
187.6580533875376,15,2,20.25743522670203,0,0,0
39.20495662842343,10,7,9.959298627564698,0,0,0
112.85059329816718,9,5,16.3929238057237,0,0,0
90.19979306056842,7,2,20.221001238083602,0,0,0
92.41972061363579,0,7,40.70173299172961,0,0,0
114.73797006401978,9,2,2.3738801604454727,1,1,0
85.6511580612182,17,8,122.8796327390216,0,0,0
56.04753034927772,2,2,5.194460853048625,0,0,0
32.28571165790651,10,0,16.374770049279494,0,0,0
146.35267886230008,17,1,5.786675253843629,0,0,0
25.65354440990672,2,3,14.830949501811943,0,0,0
26.57024996236536,13,3,47.74843509677739,0,1,0
98.17100940501913,5,3,12.894723077665507,0,0,0
137.46751943563507,14,3,102.69201531498595,0,0,0
24.68138568001089,13,0,80.65022807320159,0,0,0
6.181508730450815,6,8,70.04995383746616,0,0,0
93.13966724321659,14,6,48.33312801003566,0,0,0
189.34361533710882,9,1,34.80130204635949,0,0,0
4.604060995765256,21,2,23.415056060478907,0,0,0
132.48277749529015,16,7,12.664935380720252,0,0,0
41.75153909322173,18,6,40.755759536224026,1,0,0
65.11004066337759,16,3,110.13352454337964,1,0,0
264.30991847557533,11,3,45.06786328438197,0,0,0
40.34244487742304,14,8,126.04132256116645,0,0,0
62.61185135472468,11,4,22.074102768487755,0,0,0
1.3776881677615842,8,4,59.39479868335192,0,1,0
8.512085969485158,4,6,52.30082197460124,0,0,0
29.92036464560498,3,0,55.4989084224097,0,0,0
2.824747045872233,11,2,51.787792042511306,0,0,0
99.79762963455646,15,1,12.529249536644704,0,0,0
55.58201249895719,8,9,7.750354722129778,0,0,0
79.43943957336256,2,5,192.28428070529503,0,0,0
19.19443306061396,20,5,2.317651084993588,0,0,0
35.08803783889429,2,9,31.53082935693316,0,0,0
109.01218591487121,17,0,27.676246496353524,1,0,0
336.10940858995065,16,5,22.315836263911123,0,0,0
5.173209970347977,9,9,76.15930763869639,0,0,0
221.0774856810118,1,1,68.39331789217349,1,0,0
86.01022914022198,23,3,117.81244053605428,0,0,0
82.99285727291361,10,5,25.16664871068363,0,0,0
69.37044061968388,23,2,41.52624408680839,0,0,0
7.1919384449061265,2,2,111.42355659461174,0,0,0
9.417536086475614,22,2,254.54941319480372,0,0,0
91.85733492117531,22,3,174.16545024702057,0,0,0
41.696888065219994,1,8,63.264735663365514,0,0,0
249.21496157845496,8,3,7.72914620049298,0,0,0
52.18706247737461,18,3,1.17295179234846,0,1,0
15.464583755069372,1,3,87.2108917510919,0,0,0
125.42800359175763,18,6,91.92432586920877,0,0,0
34.72246269556979,1,4,68.59214605362314,0,0,0
74.54310861900855,14,1,16.419890158635297,0,0,0
119.67747244569955,23,6,51.057271495981674,0,0,0
230.5229698904294,20,2,19.00803231838869,0,0,0
157.1136827786808,2,0,29.950816257988304,0,0,0
112.81267916175996,4,8,24.0985545233836,0,0,0
113.82886346791264,10,4,122.4615839157918,0,0,0
291.7376724309139,23,9,13.338926147676167,0,0,0
35.07270925236809,6,0,43.091418133778355,0,0,0
0.1112713031782865,5,0,22.39109594860377,0,0,0
31.739181432433117,13,0,54.394169273937855,0,0,0
24.576164734957565,0,8,41.57027393415687,0,0,0
108.42201100590398,16,7,128.8364157784835,0,0,0
100.43342770903524,16,5,5.357670079286293,0,0,0
90.00763550100638,13,9,12.464164320990944,0,1,0
1.6376814174340517,9,5,72.69611476311572,0,0,0
39.08677880144847,7,3,9.063133054820389,0,0,0
109.37918924881511,13,4,34.99059293810227,0,1,0
81.32343327851879,6,9,52.79805527872941,0,0,0
41.96617940023343,5,2,2.2931251906753127,0,0,0
14.45360273752324,3,2,17.23886366395239,0,0,0
9.917843930890067,0,9,82.88482703989732,0,0,0
178.09283369620303,14,6,36.723940934884375,0,0,0
250.5895895916186,14,4,1.8010111983630943,0,0,0
104.92167271152297,0,7,16.5608737241518,0,0,0
10.91834971264241,19,4,50.96335126630602,0,0,0
51.42100392583,2,3,11.11716043231969,0,0,0
130.54121294104903,22,2,87.83643557091338,0,0,0
151.3313900290569,4,1,56.43954179001875,0,0,0
12.581112477879058,4,2,31.874183265730217,0,0,0
0.0030719317215809495,3,6,123.6234841638956,0,0,0
124.52707658526182,16,7,24.862638564545602,0,0,0
44.09827207478818,20,4,13.398770564094134,0,0,0
29.367510366667698,19,0,54.14723236313988,0,0,0
1.2981364284835386,13,2,42.583140518303836,0,0,0
77.71798856802494,7,3,20.417054559124836,0,0,0
190.4821132251279,1,9,21.054164064117806,0,0,0
316.1353569773724,7,3,25.392362230036973,0,0,0
83.41232460949945,0,0,17.204760614178806,0,0,0
72.24963399222759,3,9,61.93535691979775,0,0,0
79.60059427533636,4,9,29.06040628017612,0,0,0
47.80020579081002,4,3,25.36282302230531,0,0,0
93.42899525391647,20,1,22.710551124908392,0,0,0
49.22105442611789,19,8,16.666640985035087,0,0,0
27.483050666339476,23,3,4.479644210173746,0,0,0
37.821738881255854,11,5,19.371536625122506,0,0,0
10.163948538341305,19,7,39.66871211122176,1,0,0
19.46738745078903,0,4,74.31424583792989,0,0,0
436.90044785558905,6,7,25.18440324538767,1,0,0
58.71732555080489,16,0,144.80059695972838,0,0,0
75.90130174021007,1,3,87.82443216974995,0,0,0
206.8450396125348,10,0,209.3290714909659,0,0,0
541.910752948768,6,2,104.45562415905081,1,0,0
87.39845177801425,16,6,47.95025043124232,0,0,0
167.38368222200387,2,0,45.62480799594788,0,0,0
39.59223221762986,21,4,6.935876686357077,0,0,0
36.491444912016476,5,0,64.07856723155648,0,0,0
51.53420089544921,21,5,45.84040048104507,0,0,0
111.62894002554692,10,8,35.35541965579182,1,1,0
114.6306874356436,17,2,59.092120327596476,0,0,0
37.868604145736356,17,5,29.353651835184614,0,0,0
14.295845855094443,21,3,37.10213206651354,1,0,0
100.07497048351262,9,5,25.404161445467622,0,0,0
13.733962008519935,4,1,63.18099090889937,0,0,0
86.39177276277925,22,3,104.62065368979319,0,0,0
118.22834875439825,22,6,91.89381632021576,0,0,0
120.60132058448963,20,5,77.09486823115004,0,0,0
140.02801505590125,23,8,0.6941818881391857,0,0,0
206.24618878984484,21,6,121.45305106091104,1,0,0
69.30651678526561,14,0,16.070610956313423,0,0,0
131.02566703241106,20,5,109.45118913168169,0,0,0
96.54093803239628,19,2,10.968042182208816,0,0,0
20.658138899841823,22,7,28.959305425502723,0,1,0
2.602538633000231,3,0,69.19462126930735,0,0,0
33.48315232754807,20,9,51.12131979369966,0,0,0
58.52505549570333,20,1,26.88603186644116,0,0,0
95.99969453743118,0,2,56.757152800074394,0,0,0
189.68488916563408,14,2,39.80879973147093,0,0,0
13.415992141991447,18,7,51.96947180787006,0,0,0
330.9893784984978,13,8,11.423327565273059,0,0,0
11.433910210774867,18,6,59.206594551396066,0,0,0
65.10288812117676,17,7,0.1557863230871466,0,0,0
88.08360648239415,1,5,39.78918312862674,0,0,0
77.95211336363259,5,1,25.630329400098127,0,0,0
8.99598908963053,12,0,18.055938283962057,0,0,0
5.8717537586962365,16,2,36.25335903699714,0,0,0
11.147184905131152,5,8,51.825785658075496,0,0,0
88.08938680938833,20,6,168.06845738530964,0,0,0
78.6019088162905,21,1,89.5073854070827,0,0,0
26.623477488612956,4,0,63.14190719212783,0,0,0
101.54873441583881,6,1,32.597086499615976,0,0,0
171.51735098465684,0,2,24.89087320178854,0,0,0
4.246809844643421,12,5,1.6535252641412197,0,0,0
116.89609749009921,21,7,94.31795084152671,0,0,0
29.07694027815587,0,9,24.227411102527032,0,0,0
36.783831643820264,12,8,30.95628194854688,0,0,0
95.0980274077799,10,7,15.86134085598347,0,0,0
228.21482888279533,6,6,16.019407212909016,0,0,0
166.0333498038797,19,5,3.1934311926700487,0,0,0
87.49813819698304,2,7,47.57050368860836,0,0,0
131.01548342128916,0,5,29.71664853821766,0,1,0
45.38507446871991,7,1,46.565245062886675,0,0,0
102.43368730946447,16,8,39.58067579253471,0,0,0
62.769955614617956,12,8,80.18387360798916,0,0,0
21.06421905441135,13,2,69.5175112135076,0,0,0
120.97839023553799,4,8,73.80085667026292,0,0,0
81.29777450083195,23,1,34.581317574515424,0,0,0
44.41356404862513,21,2,21.838606271470205,0,0,0
242.2937314568569,22,5,135.4800129908518,0,0,0
2.115634333969269,23,3,2.789896183086242,0,0,0
37.94657661233292,5,7,8.280379303947415,1,0,0
5.856323307762119,21,0,27.201809691967522,0,0,0
145.46901946764356,5,5,47.59041035809008,0,0,0
121.1022441777346,20,1,0.4117091416361047,0,0,0
40.249784290157,7,5,63.5275046611447,1,0,0
112.59718787702626,12,0,40.90452556657797,0,0,0
50.4077156308529,17,1,33.1505688598974,0,0,0
141.16277237787304,22,8,27.538566681709725,0,0,0
60.54727384638724,3,5,36.64505309212978,0,1,0
53.150417188266175,16,7,8.82407622031947,0,0,0
272.9221471534271,4,6,5.754368944628929,0,0,0
28.885489312475478,2,8,17.098992297395714,0,0,0
12.834184166411438,3,8,61.80840992363912,0,0,0
87.83764324276201,22,3,44.371546052186595,1,0,0
348.42033747681967,4,6,32.708153386928515,0,1,0
47.45567208171341,13,4,42.37567353600076,0,0,0
6.404452437809836,14,6,40.96478191665251,0,0,0
41.446337229466074,19,3,18.339289008240264,0,0,0
70.50814197840705,16,9,5.126888902458132,0,0,0
17.664530519334424,5,0,113.54577971194853,0,0,0
107.32434698001363,9,3,45.80344565187794,0,0,0
609.655354860716,21,9,59.82470857071755,1,0,0
60.10046962120925,22,2,31.180796975244156,0,0,0
43.80842084368992,15,8,70.62792929749838,0,0,0
51.19999243779213,16,4,43.91330399097134,0,0,0
12.233282094473484,13,3,2.765125084216187,0,0,0
214.79225564125846,19,7,110.40787212233883,0,0,0
53.58454514010093,11,4,18.230758267651094,0,0,0
48.98380964941422,8,2,7.418665400867451,0,0,0
107.78991140767758,14,1,4.60801272534043,0,0,0
104.47875870993431,13,1,60.864448073198076,0,0,0
6.34151951107391,21,7,60.225668322377636,0,0,0
168.05223110088113,17,4,123.69998102290862,0,0,0
282.18454035853944,19,7,21.457905839521096,0,0,0
104.6300863306092,5,4,41.177950075189,1,0,0
309.14929897284225,3,0,48.31287466614683,0,0,0
16.42054265641818,22,1,194.32221870381397,0,0,0
64.8969905097928,11,5,18.723484176204774,0,0,0
92.08177984579845,12,2,156.55606942404492,0,0,0
87.16440147501633,18,7,8.05155085427912,0,0,0
51.32648948519577,21,4,72.19648217925295,0,0,0
41.26172377703469,12,2,50.104129005987254,0,0,0
49.71568856606812,19,6,1.4552523026749409,0,0,0
17.752605175713917,2,7,4.067609726398599,0,0,0
132.56346396548662,2,3,3.6121813791826183,0,0,0
23.42435989003616,13,8,44.9421240279149,0,0,0
6.035029631193421,17,5,46.18289862038807,1,0,0
80.37796526293843,18,0,118.27884819658266,1,0,0
90.44356141002721,9,4,31.518339687864167,0,0,0
205.50460368743373,16,4,3.5237549903633925,0,0,0
86.03396314188838,14,6,11.756340836384256,0,0,0
42.38544407727264,18,6,0.40529293521327137,0,0,0
162.46118643793574,8,5,74.96520849243443,0,0,0
77.71352629046919,3,7,84.53224570362056,1,0,0
8.259961546174386,14,1,309.26256981395807,0,0,0
83.43664730746035,18,6,26.56795407219542,0,0,0
238.61683029234538,15,9,0.9743510007510977,1,0,0
50.469880692871186,7,6,13.376320569416942,0,0,0
35.14398167324397,16,3,44.308554305874885,0,0,0
15.486530162962842,20,9,163.43346886988698,0,0,0
16.42209912249668,0,1,5.4672304966434275,0,0,0
56.69930305953179,6,3,6.481124697265325,0,0,0
90.55482004430834,20,3,60.49266725633198,1,0,0
8.405075142757005,17,5,55.01173846214032,0,0,0
280.62462599678923,11,6,14.417872043874022,1,0,0
140.70425945370488,15,2,83.87106227699714,0,0,0
88.33974908917386,0,9,6.892966115212855,0,0,0
176.28144724468802,14,0,130.01038363371393,0,0,0
8.358462608054216,6,2,11.221714844175612,0,0,0
64.78657891939864,16,8,4.242633037825279,0,1,0
99.45039992448852,2,0,20.739579730029327,1,0,0
176.4063990935424,10,7,10.40297502250047,0,0,0
153.00241411885497,5,1,37.42678191218652,0,0,0
32.4441842480381,5,5,58.05309563303932,0,0,0
282.81888703977967,14,2,33.75766022559489,0,0,0
208.05110623824748,10,1,22.700255687491282,1,0,0
353.8401210161766,16,3,1.4159922610829927,0,0,0
128.0371834553412,17,8,85.57727083820404,0,0,0
4.111945415073309,21,5,3.812681071393137,0,0,0
51.99047565400113,23,3,29.817032964958166,0,0,0
72.62558725581681,20,1,50.39550867684075,0,0,0
86.90380011158257,18,9,10.572748397744808,0,0,0
274.7892179878548,7,8,43.13614890091325,0,0,0
111.55062533479855,23,3,38.14079453132679,1,0,0
65.63870907573177,19,8,11.676438862279987,0,0,0
165.90223323370446,7,1,7.611560866582325,0,1,0
300.6445878906102,20,6,71.14009415604471,0,0,0
2.231324792424268,10,4,19.473666508106703,0,0,0
404.6770694929838,20,7,13.988376021672355,1,0,0
9.006929025930422,2,7,66.94732903543832,1,0,0
168.40902287788037,22,3,66.6033203374849,0,0,0
32.89691091865907,13,3,16.175940724274618,0,0,0
14.177056472400684,8,7,103.00880047941988,0,0,0
57.956074224880716,0,2,58.277711196221624,0,0,0
103.27025877237972,0,6,21.214373464457868,1,0,0
47.95722145309514,11,7,27.886223271854032,0,0,0
5.611057178814853,10,7,64.86103136648545,0,0,0
91.49444876145364,20,9,11.886459884649222,0,0,0
232.69113528341978,0,3,31.627143709867422,0,0,0
48.323536940917805,19,8,53.0020425227124,1,0,0
24.37708100047209,11,9,38.77196351081025,0,0,0
58.44315223719653,16,3,46.8665703646097,0,0,0
4.957131579015186,14,7,39.506312551842456,0,0,0
171.75109062049378,1,5,11.10891610177151,0,0,0
175.06605841186132,17,4,26.399042249481813,0,0,0
88.67330544624384,15,3,37.962799548770164,0,0,0
43.556802176129025,3,4,75.7206482893229,0,0,0
160.83553208767813,7,0,53.05198855160994,1,0,0
174.83110240989262,13,7,183.25781856173668,0,0,0
99.82027488638808,14,8,5.7029968443787045,1,1,0
153.4355826228695,8,2,11.584301011045035,0,0,0
91.2704652593895,1,8,20.87531136674167,0,0,0
53.46762491288786,16,9,12.975601801266071,0,0,0
316.8797441431948,9,4,49.10043031624502,0,0,0
77.89530841603293,8,9,2.0177056859408005,1,0,0
92.90961689818495,1,5,9.76649706348974,0,0,0
98.25661991023144,18,8,57.49724367758395,0,0,0
84.77157965038725,16,8,104.31923250090674,0,0,0
20.436890066951594,10,5,80.09625287507988,0,0,0
6.143624202874656,16,7,10.049594383902459,0,0,0
92.72488526568421,9,3,41.667123061351994,0,0,0
144.26203799216213,17,4,1.5241276736698215,0,0,0
74.10805907840918,22,4,18.592095971675864,0,0,0
25.718212787691403,5,6,81.99067957973239,0,0,0
109.81783129283093,15,6,30.501526000218114,0,0,0
8.349653577071493,17,6,8.122494963187556,0,0,0
58.30983409318039,19,4,28.861928937951102,0,0,0
17.8369486599447,17,3,11.034386307533678,0,0,0
20.390364488911203,0,7,24.97709771283753,0,0,0
22.601510673366604,2,0,33.45527291425505,0,0,0
48.8912573091728,14,0,21.505166008198902,0,0,0
5.250477068702343,19,5,138.20639118726126,1,0,0
50.715477114575926,9,1,41.33739135699561,0,0,0
71.68405591360867,20,2,92.54130508759063,0,0,0
66.02817831082568,4,3,71.50782925948366,0,0,0
48.25363979743863,14,1,54.11229398949045,0,0,0
182.7261937989148,22,9,34.34719785007316,0,0,0
15.703597946105644,13,6,0.10880749395484207,0,0,0
70.46060711557683,14,9,47.52697933298467,0,0,0
6.404948548865705,9,0,21.99952441468941,0,0,0
7.381413104392162,23,2,6.264680358612668,0,0,0
85.30010754242491,8,1,29.405699648492305,0,0,0
210.4008967430954,6,7,163.0862888959554,0,0,0
81.61596360639147,4,2,23.428623981220255,0,0,0
321.36649352875224,23,4,39.123329900983215,0,0,0
4.992039345791926,9,2,95.27252381844892,0,0,0
10.31492786683796,7,5,20.323236874810174,0,0,0
4.506626116000505,21,4,7.672552188113775,0,0,0
20.490691711102052,19,1,16.556057150996274,0,0,0
77.92937191392608,15,9,114.69258194759726,0,0,0
103.72505684881696,11,7,8.68155790442989,0,0,0
4.665685713396438,8,5,19.96578231878398,0,0,0
184.62074817758742,15,0,93.90288271791094,0,0,0
35.184730456045976,9,4,138.8003548338757,0,0,0
8.032923979861893,8,1,27.73977331169437,0,0,0
18.61935310837393,2,1,134.37860212607762,0,0,0
13.575605249483727,18,8,8.8045957598539,0,0,0
13.157191856143392,10,9,8.530655956212154,0,0,0
73.09771736375727,5,6,149.04299058150133,1,0,0
28.216060052970942,5,5,35.63486560668244,0,0,0
44.33846259688029,14,0,10.28408475040506,0,0,0
455.6888092228617,14,9,33.470592332494085,0,0,0
115.30080188217788,12,1,76.44157327204533,0,0,0
297.55506405797604,21,6,87.70017383296842,0,0,0
15.380005550845107,4,2,99.74371823713814,0,0,0
48.149253442702886,13,1,42.14863340344201,0,0,0
80.90784891069887,20,5,100.85001630549644,0,0,0
7.986395736312462,1,7,35.67057701984147,0,0,0
0.4196235522318335,22,7,46.7049051058733,0,0,0
110.99796544458631,11,1,71.08981873326951,0,0,0
102.671827660608,19,5,27.707127783909346,0,0,0
52.89706027199854,13,4,3.82145943522934,1,0,0
67.2646906542572,18,6,21.551944123814064,0,0,0
53.69009845903728,23,3,48.90088935056128,0,0,0
2.4297861480855065,19,1,10.680232682588969,0,0,0
40.852720085878516,14,9,8.031057952521667,0,0,0
19.489902910470843,19,2,17.34192720164636,0,0,0
10.361114569962758,23,8,1.631917265835152,0,0,0
314.00746696639834,16,9,68.01630336431944,0,0,0
91.4691324214182,13,7,14.96854623023399,0,0,0
130.4368937895508,22,8,6.633068368119933,0,0,0
37.886759382407476,17,4,60.05375300283035,0,0,0
27.03976378446512,23,6,1.0037886187957388,0,0,0
10.199470963818113,4,6,13.302537659414915,0,0,0
19.72707055238353,21,0,145.23275644763802,0,0,0
159.70847543298427,11,4,24.327316286865013,0,0,0
113.1794184411349,9,7,139.51080956509549,0,0,0
79.17061591687815,7,6,16.024902979721617,0,0,0
64.45282174574713,5,1,12.299351633926841,0,0,0
255.66297491075275,14,7,12.046821223652373,0,0,0
7.551582955861086,11,1,4.454057352055366,0,0,0
32.93388781603906,5,9,113.37648314402146,0,0,0
43.06873107715795,11,0,195.1903986521406,0,0,0
152.52153933379458,14,2,154.51182690856257,0,0,0
489.4803515834493,11,2,95.5366578631922,0,0,0
27.531949137828647,8,5,93.82924980498345,0,0,0
207.39155114451955,18,2,54.10036594654447,0,1,0
177.5626864892659,20,6,87.49644821304979,0,0,0
25.445027975285534,1,7,11.681312941889523,0,0,0
50.97138756523765,12,2,24.544012292690972,0,0,0
52.70784369116337,12,8,51.198849344908815,0,0,0
382.6793856464401,7,0,103.88069366881503,0,0,0
19.9539215290436,12,2,54.00956935942168,0,0,0
160.52366058191674,3,2,91.32436552341152,0,0,0
40.675501093489515,5,6,32.117904668857584,0,0,0
131.25620295359928,5,4,63.16911179119956,0,0,0
54.47461485452168,20,3,195.55318921910597,1,1,0
86.36028477808202,11,1,8.331577981912124,0,0,0
178.74394539026432,11,6,130.8105010457356,0,0,0
163.0485696033548,16,2,36.9453116829754,0,0,0
6.146838586392217,14,9,105.1330548209528,0,0,0
117.78196427258227,23,6,26.352338279186384,0,0,0
15.080821161179953,16,1,27.12377655362392,0,0,0
53.754367320086395,9,6,37.4522198213303,0,0,0
79.53757504501566,22,5,0.964344325005907,0,0,0
51.54018868145539,19,9,34.3250836414266,0,0,0
73.31604934076493,5,3,17.20114209112087,0,0,0
566.2537503605446,8,4,131.5226503342396,0,0,0
14.527703333957549,14,7,4.591254421233952,0,0,0
112.53342985022866,15,4,30.746426344152166,0,0,0
14.272760435004184,7,1,115.64957780381636,0,0,0
17.285066367365314,15,5,60.42388721312968,1,0,0
298.12990602188336,4,5,44.50204612892389,0,0,0
211.69481773454982,17,6,16.475988654458643,0,0,0
237.56070749027776,19,7,22.860855338362924,0,0,0
477.15525486345126,13,3,4.722944674045424,0,0,0
23.35921861859597,1,7,77.11427281724332,0,0,0
66.12659120131906,2,5,22.12679931217449,0,0,0
54.195435667017335,13,2,31.211890158244277,0,0,0
44.28730143527602,6,8,40.4843276366671,1,0,0
90.08619498880007,14,4,80.93715569003002,1,0,0
85.70633884792471,16,0,11.859358745819396,0,0,0
17.609041164184422,0,6,25.438502464532007,0,0,0
63.81663846557595,8,9,6.967791626225919,0,0,0
80.62526694871775,21,2,3.939202355860192,0,0,0
84.46375924131803,13,9,46.40227194808274,0,0,0
23.585802995824004,15,9,10.479974650838622,1,0,0
135.58481556585807,20,3,3.0830980231327394,0,0,0
2.552202865239272,12,5,113.69887657251074,0,0,0
43.82443070794907,5,7,38.21222965761869,0,0,0
151.50947843264544,21,3,7.229802318216796,0,0,0
82.98674718767224,0,8,2.7453131625548752,0,0,0
30.267718261423788,20,7,6.383717697104705,0,0,0
118.72898071144724,3,9,31.870227787437017,0,0,0
83.79208321549434,2,9,55.20113319474764,1,0,0
159.0830162721796,16,5,51.26066740680903,1,0,0
132.8120499738462,1,6,7.7989642340874505,0,0,0
94.18853013231985,18,7,50.18633065278917,0,0,0
66.97777362601624,19,1,25.94840286419003,0,0,0
14.292638847523381,22,4,31.250486943721434,0,0,0
30.290809273269026,21,6,80.83078210198669,0,0,0
54.317574662838155,7,7,20.21074744511944,0,0,0
91.45404819714908,14,4,7.949730722464629,0,0,0
72.09457147263106,5,2,103.3571276892922,0,0,0
33.99365668328845,22,5,11.921145413452571,0,0,0
0.6485342233380302,19,4,17.409117597572628,0,0,0
68.56537702197355,1,7,61.309226572155076,1,0,0
33.6348628248183,14,8,57.529551484069906,1,0,0
132.6548433799724,19,8,80.57200108685937,0,0,0
2.423763800925036,11,5,10.158875388654026,0,0,0
87.90619322876682,2,3,21.714830503356726,0,0,0
283.8288237173423,9,3,6.727065918895667,0,0,0
19.165610901684236,13,8,38.93951802539223,0,0,0
63.79953722469678,21,3,17.30587159413523,0,0,0
9.587453001880661,13,7,58.38777230589055,0,0,0
98.26493410644763,2,8,0.01722136464058821,0,0,0
79.96899071899205,0,4,3.076911244398002,0,0,0
52.31774683712669,19,5,28.33103958469716,0,0,0
73.68420926957991,0,2,158.72399838118173,0,0,0
226.89052644308822,1,4,110.75224533206232,0,0,0
21.852212446554635,18,4,255.87508099572779,0,0,0
2.2822985930000828,23,1,26.96384627646325,0,0,0
197.80761658092706,9,9,2.384384135647582,0,0,0
86.0659928764569,3,5,18.261006226758493,0,0,0
221.32788596030048,3,8,56.315238339698745,0,0,0
90.86828042203382,12,6,7.26075827188562,0,0,0
166.1579408336042,8,7,17.831760004997964,0,0,0
138.57342431683176,15,8,32.2147117171373,0,0,0
244.23239048700603,17,2,11.717851759970921,0,0,0
84.89194230948064,2,9,4.784153945572907,0,0,0
19.940889810627354,19,4,26.484778113591588,0,0,0
31.306499712732773,19,6,21.63349664439919,0,0,0
22.145070610729466,9,3,38.557353645872944,0,0,0
80.99816864076689,15,9,78.30110588659464,0,0,0
88.67116130036375,2,9,1.3320870139124668,0,0,0
55.59969016837088,10,3,29.268650230880517,0,0,0
95.56054769824742,9,4,44.26750429988866,0,0,0
8.50949515371022,15,2,157.32621532753194,0,0,0
9.188311965301505,7,4,42.65676304677407,0,0,0
18.85361800532905,8,7,8.643271952974263,0,0,0
72.99719621747886,14,2,36.44305025783235,0,0,0
24.07917164719208,20,4,25.191172084121728,0,0,0
33.30761746627114,2,9,32.634397081000415,0,0,0
51.13471533605674,3,0,10.976069380036842,0,0,0
167.06014632518276,12,1,34.74013173454276,0,0,0
104.80488982700511,20,0,68.13730663063087,0,0,0
110.5263955155022,8,8,45.05856299433303,0,0,0
160.2739300100911,13,8,4.0891276442296425,0,0,0
2.0343379404526427,6,3,47.905088451121024,0,0,0
16.69802848111523,15,4,18.997694347693056,0,0,0
217.30605400307513,21,3,2.335841725362887,0,0,0
61.34464923290347,19,4,50.01442758753713,0,0,0
83.1468630489667,4,6,23.375557809817504,0,0,0
108.77530751021564,9,7,119.0912129888334,0,0,0
113.65216680218973,17,1,1.7750293716188328,0,0,0
268.44372440547,10,3,1.9943734070463515,0,0,0
579.2422694036067,6,7,149.09076517659733,0,0,0
127.3528194464486,13,6,167.4406067768445,0,0,0
33.858415804536726,19,8,1.4067155443550203,0,0,0
211.82023476955584,17,4,62.944903605505964,0,0,0
5.047354052048953,10,5,12.51898377177924,0,0,0
26.27694552830484,21,7,60.43130843693524,0,0,0
227.67781499270475,11,4,101.52601565088501,1,0,0
29.597168916602335,17,8,5.314240404351294,0,0,0
24.929639967044118,1,3,13.640751286181493,0,0,0
14.864537055384226,22,7,1.2186136969466816,0,0,0
69.32637057309128,22,4,1.5032662233288745,0,0,0
112.3601544644306,9,7,80.64277639834026,0,0,0
27.320915761273596,20,9,17.711944136677328,0,0,0
141.89845957483118,0,6,33.98307014762377,0,0,0
142.71394599157912,5,0,77.52173341631762,0,0,0
37.48360412919456,6,3,34.154264846621075,0,0,0
52.87904170316771,16,1,28.035474770424784,0,0,0
23.533035646829173,8,1,0.5820348636092637,0,0,0
375.3354972346815,6,6,41.97105679881605,1,0,0
103.73363318871631,16,2,6.661890536885771,0,0,0
272.63752954354055,2,2,72.3337018150032,0,0,0
36.152316850808276,15,5,14.902631316191755,0,0,0
152.2759942254089,4,5,56.07164713516594,0,0,0
145.18302600482718,19,0,51.954499991004965,1,0,0
117.65381070998153,17,0,47.943682927801824,0,0,0
337.08323588765785,0,5,15.527205260521479,0,0,0
50.01417931880714,3,6,15.536603184510339,0,0,0
14.008691730201155,22,8,99.40625483554227,1,0,0
111.3854440047533,10,3,0.6445026781825438,1,0,0
130.67802872182529,19,9,10.015476745498983,0,0,0
85.58086460009314,8,5,47.102344314113324,0,0,0
23.17024407520501,7,2,84.9260957195224,0,1,0
70.2099012251458,7,3,22.185264783174283,0,0,0
37.42422589800525,4,8,52.985464752597565,1,0,0
103.62533857365594,0,4,3.3358501878085574,0,0,0
136.73342168122133,14,6,48.61002234750506,0,0,0
26.42581549181181,17,2,84.07448868042225,0,0,0
51.974084761634195,5,1,244.2992631783046,0,0,0
31.356287101083275,9,1,1.5044108594092165,0,0,0
22.14345298510212,13,0,53.94903859226991,0,0,0
152.96439433665466,20,4,26.76868667125912,0,0,0
239.96764970437133,7,2,0.491805248522998,0,0,0
46.24040762330013,2,6,47.642671715597274,0,0,0
139.14231885938642,21,0,6.52977382125966,0,0,0
227.29805574721777,21,8,23.786346823506317,0,0,0
187.1609563899172,18,1,15.14771118273689,0,0,0
20.188779960316126,11,7,22.405328645481827,0,0,0
313.02214164088514,11,9,33.93220123064531,0,0,0
47.268953775790656,14,3,22.25263796293008,0,0,0
41.436559192200136,6,5,40.22985110601755,1,0,0
6.446527291658663,3,8,13.633084941492493,0,0,0
66.58699190636978,20,6,50.442478027335035,0,0,0
11.542613293103834,8,7,96.12633569582725,0,0,0
28.573705978576886,21,6,12.68445815978021,0,0,0
38.11764138144129,15,1,35.45135161780013,0,0,0
165.45729630086433,12,8,52.30428205702551,0,0,0
208.33584057535873,3,0,41.577507427504386,0,0,0
195.6856693163304,8,2,51.389014591276904,0,0,0
194.65269007961112,20,2,1.432640258861815,0,0,0
144.66855493197846,17,9,23.094331628547497,0,0,0
15.863836746886081,14,3,38.02979951915883,0,0,0
117.22249657953292,14,4,1.0414287706798682,0,0,0
290.0859727325794,5,5,35.42815281458292,0,1,0
114.74049609572319,10,0,53.10261051143749,0,0,0
40.289369069926565,7,7,71.19102666526497,0,0,0
69.4306487157894,20,5,6.016606170366721,0,0,0
103.76819536367559,16,9,233.16579201138978,0,0,0
71.45146654134443,23,8,46.591504910003145,0,0,0
12.777989763392197,16,4,22.564494835866398,0,0,0
162.1490405578803,17,3,42.5364876597497,0,0,0
197.62934034128037,3,5,106.73149836690857,1,0,0
14.768831082190703,14,5,36.75738889938318,1,0,0
304.46442455149077,1,3,54.157431821645766,0,0,0
39.8721822025955,1,5,22.134712571855093,0,0,0
108.56380356598943,9,7,24.56359320907492,0,0,0
139.3621724626525,2,4,16.85587964497175,0,0,0
167.10273710696745,7,1,61.14712896959267,0,0,0
291.41467976536853,19,8,22.25092299546942,0,0,0
37.530388739904225,6,3,10.580293605272756,0,0,0
195.5501178144582,11,3,23.05422188110217,0,0,0
14.120291903516643,18,6,96.14829245362404,0,0,0
122.09185978626802,14,9,67.01866183118312,0,0,0
135.47093780726186,13,9,20.37141503027274,0,0,0
113.2344603221023,15,5,118.65518755760382,0,0,0
29.077315979045647,13,3,3.889031141416622,0,0,0
206.39079905255403,2,5,2.551708051624579,0,0,0
18.49551777757218,17,2,6.817932407963265,0,0,0
5.512672895569121,21,6,6.190638920657641,0,0,0
126.39528090364833,5,5,4.596681663629907,0,0,0
64.52635514220833,16,2,54.138316875950444,0,0,0
189.1124791748205,22,0,45.91994508209188,0,0,0
48.35301269178374,13,9,52.15020111672079,0,1,0
18.425773618939914,13,4,58.29630152445897,0,0,0
181.0588788258039,19,9,70.70995561394278,0,0,0
79.60875862478974,12,1,11.607759691237877,0,0,0
20.972867496333556,2,6,48.68321754806045,0,0,0
127.43380405978253,12,6,43.380821498964536,0,0,0
71.56252060629814,23,3,143.81754872648222,0,0,0
92.71317394188783,1,5,13.222223405156889,0,0,0
61.78511139964916,8,0,3.0258872650330124,0,0,0
176.4391319966088,12,1,52.99291158176753,0,0,0
176.93878838442362,7,5,67.38693195827264,0,0,0
123.57690627371099,15,1,16.647642254092506,0,0,0
11.138012766315978,23,3,42.29725573098481,1,0,0
182.54436356623233,2,3,3.069098908420182,0,0,0
111.17369835024394,12,9,160.99987414493324,0,0,0
119.41022324431974,3,8,5.822476007255652,0,0,0
45.09586856313101,17,9,3.4980886155610063,0,0,0
211.42777878974823,1,6,2.255630108352883,1,0,0
129.23363686902943,19,6,27.867210315626313,0,0,0
11.944869694560364,21,0,5.110482213385449,0,0,0
52.38737724897916,20,4,68.25566185769698,0,0,0
217.48989175662197,14,2,114.56948016405006,1,0,0
4.834679925243193,16,2,15.070049552527307,0,0,0
325.4933655904071,9,5,49.547093244109035,0,0,0
113.6820727501,0,3,2.1630424206068906,0,0,0
99.79780639855181,5,7,24.434005434357577,0,0,0
31.547714322600218,2,3,17.332137004870106,0,1,0
28.60724202894348,18,7,12.978649453810792,0,0,0
284.8316556850679,6,3,51.7429445119722,0,1,0
35.42100617356848,12,2,6.976205448604077,0,0,0
149.3903165481272,12,4,98.56004725888383,0,0,0
49.94271640815944,16,4,54.656751767517655,0,0,0
14.995590612084353,0,9,62.0206336865188,0,0,0
1.0773119923591372,13,9,136.9339572250788,0,0,0
372.05277620688884,13,7,40.10931423223827,0,0,0
46.06652777867603,23,7,34.19746230617855,0,1,0
44.19097192300999,0,7,20.42711249986122,0,0,0
42.17341611474602,15,9,62.863688127785856,0,0,0
73.51028117886722,9,3,38.632131323239285,0,0,0
58.100649247137206,12,8,135.05999570443157,0,0,0
211.95523452148169,3,9,13.631525793897726,0,0,0
70.42501747557837,8,2,18.571498021001965,0,0,0
70.87844847762061,13,6,18.996480158663974,0,0,0
14.893118562461444,3,5,81.9944576873999,1,0,0
405.9336995209323,9,8,5.214739289826188,0,0,0
7.619452783889089,22,3,27.894178938958714,0,0,0
108.810641604361,2,5,3.797617037016491,0,0,0
90.47732389603811,22,7,26.44922501431921,0,0,0
53.63924439354222,6,2,36.0133801815382,0,0,0
54.85140501969201,9,7,3.366036327805752,0,0,0
153.74146022517226,2,7,35.65342784668196,0,0,0
21.779866084853275,1,6,160.00013328758206,0,0,0
171.62067467789282,14,6,192.95806459130412,1,0,0
104.62488416989508,8,4,37.93014916316221,0,0,0
54.295249900759025,14,1,36.19031345282806,0,0,0
61.254207706157985,16,1,16.809185561580726,0,0,0
29.658452486532404,6,9,292.41969487258444,0,0,0
71.92339863118927,17,5,30.156302744228874,0,0,0
38.69199516115783,14,7,0.14691852941560085,0,0,0
90.6464457628933,17,2,21.480126106129504,0,0,0
545.7184630633822,23,0,3.7060301829193136,0,0,0
57.13938673968527,22,5,68.09467889881996,0,0,0
253.44087171109666,11,1,41.16443945341813,0,0,0
42.314575348588576,22,8,42.45168732519805,0,0,0
5.628754166803198,20,4,16.879432992467777,0,0,0
22.84602931310627,7,4,84.34195088751628,0,0,0
24.799342853180605,1,7,20.293347879256967,0,0,0
0.022706399533347355,4,5,53.86663916274386,0,0,0
246.51221138028467,0,2,119.25625358022988,0,0,0
185.71265654170915,21,8,13.36887770164127,0,0,0
135.59290162094905,3,9,38.946153515090664,0,0,0
18.37000212148678,5,3,38.608590889931335,0,0,0
12.824661166591312,22,9,103.64291058889717,0,0,0
6.999846564773325,12,3,2.591876836703546,0,0,0
128.74601752812197,18,1,27.623679308134136,0,0,0
264.23742742292416,10,2,10.073119453504942,0,0,0
56.30593969546578,12,3,1.0883904653317709,0,0,0
12.685733888932898,7,6,7.951600236987306,0,0,0
71.82451578002845,6,2,187.47538359926494,0,0,0
42.898746343440166,12,7,12.093929915771003,0,0,0
46.97235474323051,0,7,136.69207785640307,0,0,0
126.83979568222495,6,1,133.89683058904137,0,0,0
11.721224731935042,15,3,53.155636328619316,1,0,0
3.6239002911491984,14,7,6.007837518952053,0,0,0
517.2619546391402,19,0,43.603544444428984,0,0,0
26.491436680654417,1,0,19.173981303125124,0,0,0
5.533357683015852,22,3,24.156725637948554,0,0,0
21.056712846290914,15,1,29.00619118545488,0,0,0
3.973700661221781,16,0,27.47026907138583,0,0,0
49.726941678515665,23,7,54.54841251811799,0,0,0
162.15195243332565,14,1,73.13028348450206,0,0,0
41.74027537468337,2,3,19.962549479989104,0,0,0
58.73169076364022,3,2,129.09112060507334,0,0,0
112.57371855851007,11,1,139.40852572968714,0,0,0
71.1095431218309,4,7,2.0770729319140013,0,0,0
197.6492871538066,16,2,0.7510520989205782,0,0,0
201.01817461619223,5,8,27.675030081167307,0,0,0
0.996013334727755,9,9,44.65865709388307,1,0,0
150.5286506629469,21,4,16.279911002719224,0,0,0
61.754558201337176,17,8,15.015658908431098,0,0,0
449.5467827117785,9,2,56.71205047249158,0,0,0
433.4833584320394,23,9,9.144898644076212,0,0,0
140.47409020363847,5,5,107.92465445065757,0,0,0
28.58236465465313,19,8,56.967975261882444,0,0,0
77.3045687086042,14,7,22.516030782130464,0,0,0
484.54140526538606,3,1,57.5413040119747,0,0,0
194.8628093585944,15,1,5.975963232189772,0,0,0
10.243911354619708,21,4,31.579667136892724,0,1,0
122.54416080774892,23,4,9.255336162158995,0,0,0
42.40052989949715,7,4,2.1156994186768867,0,0,0
0.7006751934724461,6,3,20.64913499793373,1,0,0
51.66441335557823,18,7,8.169228937363606,0,0,0
26.755847931766848,16,4,50.190287731850205,0,0,0
170.85362461043778,20,0,56.05330915816826,0,1,0
41.147906904242895,12,9,8.049082422858959,0,0,0
175.74954081989688,14,4,1.2460484702658166,0,0,0
0.05981176715128857,1,0,78.7060871519325,0,0,0
36.79080136159424,9,3,0.10295696507493432,0,0,0
27.59711989406221,12,0,21.07310064066105,0,0,0
26.60084659001128,17,5,34.11860187865171,0,0,0
7.062272014626283,22,5,85.36416701134154,0,0,0
20.717703525116857,10,0,91.1806657620053,0,0,0
81.09167485496629,12,7,64.53819947987807,0,0,0
34.44091527474112,18,3,14.197626627980084,0,0,0
47.29951078148243,23,0,14.153914166982718,0,0,0
208.67072732955342,21,2,12.078628345248662,0,0,0
235.70307087352543,4,6,39.60728265341993,0,0,0
67.91594104632081,2,9,56.7930406313943,0,0,0
40.07103553554071,18,9,2.725542517182748,0,0,0
11.2945547196431,22,7,3.094972387836325,1,0,0
306.62165290749186,12,4,76.66337002141,0,0,0
35.33238189046705,11,1,46.372755657583866,0,0,0
35.39161830641703,13,3,28.003245288039345,0,0,0
38.62527816820528,5,5,93.31870266259364,1,0,0
17.946983873671112,21,4,65.2480765053498,0,0,0
152.86021235958034,8,5,43.326741997932245,0,0,0
13.067588713908926,16,1,19.26526854892662,0,0,0
100.76022297450666,7,6,11.032025679971913,0,0,0
13.221343489057125,12,7,27.122096264551555,0,0,0
240.1626766714926,21,5,20.71963612659094,0,0,0
21.0880014716678,21,6,36.24541901210124,0,0,0
172.1767962078068,16,0,9.261927772136366,1,0,0
78.66469166426685,2,8,82.0404128454053,0,0,0
8.105444888728247,5,5,7.863662766478123,0,0,0
311.11025296618817,13,3,32.79195702201935,0,0,0
28.36384814520812,14,9,68.51540880633988,0,0,0
196.35828121542204,13,8,33.18142941164105,0,0,0
18.489687702771164,10,0,22.394267675422345,0,0,0
192.37575155732029,10,1,32.20750006457621,0,0,0
1.3317093076374447,8,2,94.41485072533247,0,0,0
71.69900902175577,5,0,232.46497742018678,0,0,0
146.72553344303773,14,1,49.867351410703094,0,0,0
273.0227062302025,11,1,78.8591961690017,0,0,0
239.91195201548035,5,6,0.7297336075062277,0,0,0
219.09663479207052,15,5,154.00981027784178,0,1,0
22.216863399691807,19,8,42.80323203273868,0,0,0
33.433254139902175,14,4,70.08154069218007,0,0,0
34.103858141197506,1,8,35.94835757240516,0,0,0
47.32953305576786,16,9,16.85788540704847,0,0,0
49.975491480579635,2,8,95.61099483934164,1,0,0
78.64810288349035,2,1,45.420680897383065,1,0,0
17.421025853869086,4,8,43.30163986456137,0,0,0
117.5212585546878,16,2,53.813028571028724,0,0,0
18.34019874143787,22,2,96.89819822851832,1,0,0
37.151085687272314,16,8,65.8209041414962,0,0,0
69.98599218911433,19,6,11.857318882180557,1,0,0
159.1797235781115,5,7,31.44514242277243,0,0,0
134.5034318193562,0,6,196.35259880358026,1,0,0
103.71438528278891,6,8,40.43471618271696,0,0,0
16.933417186405975,14,7,139.22930294342686,0,0,0
79.19632592061518,6,3,83.93122396779434,0,0,0
9.150856707954505,18,1,54.83422367623435,0,0,0
47.37918784843434,19,4,21.49033906871592,0,0,0
53.36107959234128,21,1,18.143227829756064,1,0,0
4.062559656359004,10,3,51.55998239607936,0,0,0
32.01888723770476,22,1,28.33112244176968,0,0,0
311.563055826914,13,4,80.1612682209647,0,0,0
307.1158821748142,12,5,71.45106251089143,0,0,0
43.436942339320304,19,0,18.7078059996925,0,0,0
4.405650005242228,8,7,60.65551842690058,0,0,0
49.793867407364296,15,4,19.525778135661042,0,0,0
295.22839319138205,11,7,26.633677447926658,0,0,0
15.22181225463228,9,4,112.85758363490292,0,0,0
144.18740655488278,5,2,22.276689019417606,0,0,0
11.505461797192927,17,5,16.94170030257652,0,0,0
397.69657357820216,1,0,21.67835639848891,0,0,0
48.064646238363316,19,0,12.0792805384404,0,0,0
149.26978155562585,8,7,39.33279780697496,0,0,0
41.94490535165588,18,6,7.975375555276982,0,0,0
98.79717054620767,5,9,85.03485669320598,0,0,0
21.321312751566687,1,9,12.78206180862926,1,0,0
15.784869825637543,14,2,45.57200420798117,0,0,0
278.16559385743915,16,7,6.678026733594174,0,0,0
249.6743767706662,15,7,191.87627809681194,0,0,0
218.45260084460625,20,0,30.309540652749796,1,0,0
98.19857886522351,7,9,86.3467390404289,0,0,0
165.1657816993581,9,6,73.19071041835026,0,0,0
7.153567694042991,9,1,62.53453909837477,0,0,0
40.765105839357616,17,1,87.8287496918889,1,0,0
37.64449821263705,9,1,5.293788455554874,0,0,0
100.96274955153442,8,4,56.73745091517291,0,0,0
43.999098588237764,23,6,15.450545188870063,0,0,0
16.076374326070546,18,3,77.05898715427162,0,0,0
90.7497197112908,0,3,157.17538574595696,0,0,0
168.40748280565037,3,8,115.87962202199371,0,0,0
48.14666707162233,23,9,6.105682476296603,0,0,0
14.18731918579913,2,8,23.0662634232758,0,0,0
27.113087588043506,11,9,6.522308775086351,1,0,0
35.652865891681685,17,3,5.1640258703407005,0,0,0
102.94456297007429,22,7,24.297719240186282,0,0,0
91.86572411940529,19,9,241.8648892670833,0,0,0
45.02041149450101,20,2,48.61417740315144,0,0,0
173.72579424419513,1,6,31.840129724497746,0,0,0
22.8266226282287,9,8,54.284391370790175,0,1,0
63.306999800698094,1,3,156.9363646913649,0,0,0
161.41425697063463,8,3,44.421371417470596,1,0,0
19.864443028678107,9,0,3.362494196555088,0,0,0
11.638002329705778,1,0,33.95142293880507,0,0,0
215.14443758886438,7,2,246.34647232487552,0,0,0
41.99642080226659,23,6,24.502376282740236,0,0,0
115.16021527080915,16,8,45.05548214898101,0,0,0
2.567541475277774,16,3,5.638101046593317,0,0,0
117.13342458765321,3,1,7.609825283131302,1,0,0
37.99454886266291,17,5,103.84482042562372,0,0,0
5.735463100539237,11,5,17.85836956223683,0,0,0
94.11285564743301,16,8,18.22464792461819,0,0,0
27.54950581389531,8,3,24.486893417812006,0,0,0
48.907594231495025,18,7,169.77867064990502,0,0,0
8.401312600671694,13,2,4.408265545961819,0,0,0
15.91871344433472,13,1,85.39778977271337,0,0,0
35.37894474135058,16,8,20.89393265148573,0,0,0
9.40464292896677,1,5,94.67898827170829,0,0,0
0.6065400592387342,4,9,21.4367438310995,0,1,0
66.13776565118255,6,8,6.9261265952969415,0,0,0
13.153049077306841,21,0,7.796183247516003,0,0,0
36.77056873312893,15,0,71.09418908761326,0,0,0
260.44953722626116,15,4,7.828103130149993,0,0,0
17.637275001240553,16,8,15.083747116315191,0,0,0
23.041288021614605,6,6,21.97787766116646,0,0,0
135.31153564902078,19,1,3.863849610253678,0,0,0
79.11509676433816,7,2,97.15557229659247,0,0,0
215.83005893272903,7,3,98.35792435735063,0,0,0
80.74212048861227,22,1,26.63080765256346,0,0,0
76.47704065903582,10,9,47.34878290954575,1,0,0
18.179692889722922,17,4,69.16656084773348,0,0,0
248.27787288047688,5,6,36.77039459602786,0,0,0
39.72561919199786,21,8,35.70179650872624,0,1,0
46.53461003327483,11,4,49.88911093927988,0,0,0
142.6381868893206,14,5,60.70930509201968,0,0,0
303.7856086718442,5,7,20.051533235251163,0,0,0
133.91351223725042,17,0,15.71625357037187,0,0,0
212.77511699010833,19,4,22.326519857651334,0,0,0
5.08785470907684,8,9,38.8605019125982,0,0,0
29.714361492958684,7,8,26.04251565961701,0,0,0
62.55564488240273,13,1,90.61878122853713,0,0,0
25.744846813005285,18,2,3.7971109618279106,0,0,0
136.22075409687193,18,7,42.45621228123594,0,0,0
251.5877712624293,7,4,42.856741827454336,1,0,0
55.124860056226034,1,2,24.202475462656437,0,0,0
41.87518878915807,3,5,27.32444446943522,1,0,0
325.84156245008813,5,5,80.5047466319628,0,0,0
58.85213137801089,2,4,16.47201068578025,0,0,0
67.14804103862674,2,4,102.55389749658796,0,0,0
43.332440809037934,18,5,113.33354207301689,0,0,0
240.29411851621444,10,1,52.5796566478957,0,0,0
84.1543907163059,9,5,74.10893230033193,1,0,0
143.62184340838894,11,1,47.45975047479708,0,0,0
167.02857504004902,13,2,37.24930632062935,0,0,0
41.832095439083204,17,1,170.07650322509218,0,0,0
56.86212958831294,23,0,16.609916634617164,0,0,0
188.6983363836401,8,0,8.37071796116925,0,0,0
45.13865698313259,14,8,16.94774120462309,0,0,0
157.95642736027352,23,3,47.67699857228777,0,0,0
283.0087717685054,2,4,10.239613424985777,0,0,0
97.60682660325608,22,9,119.74271882515417,0,0,0
135.33521142439284,10,6,26.468526173219644,0,0,0
163.52548810867347,9,1,94.84362687245738,0,0,0
186.45859941182977,17,9,14.333232478688416,0,0,0
50.26149865845411,3,8,18.783303756805047,0,0,0
5.262413659268366,12,3,3.052478579528968,0,0,0
51.395764214685634,5,9,14.904650075362822,0,0,0
112.0110415651195,20,9,33.69800369791793,0,0,0
59.8474268823776,12,0,146.06549828345678,0,0,0
138.21555413046656,19,7,24.62497667747478,1,0,0
44.15832292526428,4,3,51.04700273050182,1,0,0
100.71571876970357,19,6,27.90548141669234,0,0,0
20.63107767932955,13,2,2.3960992226433575,0,0,0
138.37752832423146,12,8,35.011875471592965,0,0,0
78.89886328531671,13,4,3.409319483895283,0,0,0
22.82369865434577,7,4,107.579078555662,0,0,0
34.51857319967214,15,2,69.92582985389184,0,0,0
138.0744623767398,12,8,23.793155828243055,0,0,0
65.89413974462813,23,2,51.112941908235385,0,0,0
24.33863619780416,14,1,5.940762146327957,1,0,0
341.9499560525408,18,8,60.62629506031014,0,0,0
314.96957301705186,21,9,86.22719039289932,1,0,0
55.70529043097237,1,3,16.72314118056904,0,0,0
64.45481597843346,17,3,15.309018816209724,1,0,0
228.23435050455757,18,9,36.844263627990706,0,0,0
74.45443545436041,7,5,171.7462331793976,1,1,0
122.85350410933007,2,8,126.61436627948477,1,0,0
29.05834473663516,22,7,22.286119492620976,0,0,0
59.19027681089136,13,9,75.66765304350932,0,0,0
13.176137809385665,8,2,127.11689340577017,0,0,0
23.064667431931333,7,5,15.117892893299004,0,0,0
0.0943860563902917,16,6,88.684873562997,0,0,0
4.00567162210924,22,5,15.591609449781027,0,0,0
27.753861851442906,23,8,11.083525017507192,0,0,0
108.85947605796629,15,3,35.37039911428663,0,0,0
182.69703530129698,9,1,92.67458275412865,0,0,0
16.622520110856687,9,2,6.5875066971555,0,0,0
130.2381382779661,23,5,14.502639500976239,0,0,0
91.6919454727911,5,4,41.375302032787815,0,0,0
131.39758924631343,21,1,43.75593459981349,0,0,0
146.85749366669322,16,0,43.008033721285614,0,0,0
370.54303754784786,15,8,4.006491417508316,0,0,0
85.22912935782335,14,2,70.05941488624583,0,0,0
41.80050749021779,21,6,120.08061807499597,0,0,0
104.54447389605757,13,8,35.72047630477951,0,0,0
7.089544012621513,3,8,63.439663686468165,0,0,0
227.6891209370531,3,9,122.67940694578392,0,0,0
12.713022257045766,1,5,51.44816731485891,0,0,0
39.72630936091029,10,7,56.092877589984845,0,0,0
169.14366769983172,3,8,63.89970295269591,0,0,0
90.95941499401256,20,2,15.08921559262082,0,0,0
50.027402202500824,20,5,43.694843635053324,0,1,0
64.13817504585445,15,4,92.3134590248741,0,0,0
192.79049719064466,20,6,17.560405024107837,0,0,0
41.55220895290387,3,6,113.73414991133171,0,0,0
203.75297205938222,0,8,48.42948313533834,0,0,0
9.226270215932827,23,0,27.5108046905561,0,0,0
149.96800467460469,18,5,48.79977590443135,0,0,0
188.09030796253467,1,4,25.696514052291043,1,0,0
20.067004893021863,8,3,91.01893661982065,0,0,0
56.27270545611837,22,9,32.919762268010096,0,0,0
18.09222658547063,12,0,115.73964517784914,0,0,0
122.62324862905412,17,3,35.64791464108441,0,0,0
76.64660415073958,15,9,53.99468738573672,0,0,0
100.87441994171233,15,6,304.71742896365646,0,0,0
21.876187359537276,9,3,7.947784329064716,0,0,0
23.793473103369458,8,0,66.72859620070956,1,0,0
4.23829262133264,10,9,7.475619296574024,0,0,0
38.870760543632024,3,0,91.27606159854584,0,0,0
82.04004052368134,9,0,45.37316308961471,0,0,0
195.14699742606402,2,9,139.15988846996436,0,0,0
109.93949372336556,5,4,100.47958326907265,0,0,0
57.16312513167016,2,6,3.891160658298529,1,0,0
306.01665738643476,8,8,7.384560954740546,0,0,0
127.02735904993084,2,7,45.961117318843165,0,0,0
266.1622867112276,17,1,36.52320790239771,0,0,0
74.99037362026554,7,8,9.230115623855067,0,0,0
29.96254782146343,21,3,6.926290960135074,0,0,0
5.427318919853094,7,9,41.50459484805717,0,0,0
129.4936897502234,14,4,2.5079362798153464,0,0,0
12.931514835088528,12,4,103.46874026760302,0,0,0
36.06472922375769,6,3,82.27474093401852,1,0,0
76.02937030641938,18,5,76.941976589271,0,0,0
83.10689689508558,7,0,0.8063241292623177,0,0,0
91.77497882472497,9,1,2.440657750854718,0,0,0
18.182807499576956,16,3,39.90751257773955,0,0,0
47.761235000076226,0,3,259.47932688667674,0,0,0
96.02275388403696,12,7,20.95155058729886,0,0,0
350.0538206528463,12,8,21.108300990081702,1,0,0
130.05980199765298,23,3,7.2095699922403815,0,0,0
255.88170408302258,15,5,56.094425066279754,0,0,0
143.63760038083515,8,3,52.018587301190244,0,0,0
89.57946413840688,9,3,5.341547387289759,0,0,0
21.322214307774274,5,8,31.500383792139715,0,0,0
109.8669245967685,4,3,54.991888286219925,0,0,0
97.65174049636921,1,5,34.01314071422294,0,0,0
92.24827892971912,10,8,56.09869008993503,0,0,0
67.29247746933954,8,2,84.71450767403685,0,0,0
75.21683720353624,5,6,57.88873365752287,0,0,0
40.713028442218224,7,6,47.8705129897536,1,0,0
73.25383089290652,8,0,96.06730643718738,0,0,0
22.009309080150054,8,1,115.42440802812844,0,0,0
163.56504660217095,7,4,24.62362366058516,0,0,0
20.552093908722245,11,7,9.512639565802706,0,0,0
8.879437273439631,7,5,85.14909374815667,0,0,0
57.3137339599682,2,6,12.024221151275661,0,0,0
107.38438921378872,12,2,132.21904254654137,0,0,0
57.57496857634068,18,5,1.1571853308625888,0,0,0
32.40060481754766,1,8,127.08730115507352,0,0,0
81.6832765791855,16,2,44.48037005662422,0,0,0
42.618172614732345,15,5,74.52546921365997,0,0,0
270.1089832665207,3,6,25.415820978044568,0,0,0
255.93518675257073,17,4,239.67322868711477,0,0,0
69.79021072718166,13,9,12.909492266382866,0,0,0
39.73243254084572,1,7,15.34961011163458,0,0,0
133.61048487108292,12,7,2.640113407246481,0,0,0
3.740382591535727,20,5,141.06656934847462,0,1,0
64.39171246687818,19,6,30.44299502431998,0,1,0
40.99602877117508,16,2,56.17380455863186,0,0,0
253.24497441644934,14,6,58.148057783612664,0,0,0
80.47826218231987,4,3,54.67008198243117,0,0,0
134.96291453419673,6,9,41.27923656001136,0,0,0
66.36233061595189,17,3,61.948665945984,0,0,0
8.92717808652687,23,2,69.5092558156783,0,0,0
359.2166260009256,10,9,10.285319938741827,0,0,0
72.98328070248495,17,6,5.807988635484765,0,0,0
95.24005241928168,4,4,3.889907496918142,0,0,0
26.998595340795934,12,2,23.424518302116383,0,0,0
66.06762829884718,17,5,34.45778185274773,0,0,0
56.06279108861615,1,5,47.810070927903766,0,0,0
7.784894456788227,19,5,158.54539480066322,0,0,0
11.222888628088814,3,1,20.08270547538048,0,0,0
181.6908181471525,12,9,71.53824435494973,0,0,0
27.41999687679879,23,6,37.895765826303574,0,0,0
21.686116625938233,15,6,12.428833174655104,0,0,0
70.30186460483493,5,9,47.765279097673336,0,0,0
146.424349774768,7,3,170.83003777721467,0,0,0
6.3948315160976446,15,5,6.637059488782179,0,1,0
85.99291123141334,12,3,35.390686987214586,0,0,0
12.693654972997868,22,3,2.6493866754006663,0,0,0
3.714236726975136,3,5,19.372637862426547,0,0,0
5.418584447695962,1,8,48.45856394747178,0,0,0
179.67565832818119,8,6,91.9604614567275,0,0,0
12.553202576137343,17,1,65.52752185668285,0,0,0
4.620244783014457,16,5,31.07452563997848,0,0,0
57.60753081965301,7,4,119.96733268439269,0,0,0
185.78574260826593,14,5,18.028028806522688,0,0,0
30.43649632159809,8,7,70.11781536072708,0,0,0
54.768433236122036,16,7,32.12356090015217,0,0,0
4.074130252984888,22,2,114.45174300959037,0,0,0
59.61629738751385,1,8,79.83418512655096,0,0,0
86.18335144870424,5,5,115.86953855969779,0,0,0
84.60817256006494,4,6,12.055693286127728,0,0,0
40.41060702801168,16,8,55.15367607671059,0,0,0
37.91151097355419,1,6,67.05905372062095,0,0,0
11.274730754879739,17,9,67.82013319675787,0,0,0
45.69662988092903,9,8,35.059013022894966,0,0,0
10.479919419815873,9,0,0.5657144095820916,1,0,0
145.49841844393697,5,0,15.152022805343757,0,0,0
338.94950542195915,11,2,19.526426439550956,0,0,0
350.9042871201904,16,8,95.53952249479437,0,0,0
200.30073013188274,12,0,91.9066601537446,0,0,0
91.82730687552831,19,0,5.528709945625338,0,0,0
120.68626333420971,15,4,149.6227642089356,0,0,0
33.576061363750064,9,7,10.07261867334296,0,1,0
99.63366608537274,20,1,26.752453786757997,1,0,0
60.81620289523006,1,3,12.113576901137424,1,0,0
65.78135117557792,1,5,98.42452289906642,0,0,0
141.78946745737332,22,0,69.19526722655695,0,0,0
33.1172005531166,6,3,21.8113319990383,0,0,0
38.27837044889989,5,3,57.26611449297877,0,0,0
258.5502416627013,0,8,10.189531903978162,1,0,0
5.786674154582667,11,8,24.087383455656155,0,0,0
66.48207848239704,12,5,23.669073453482675,0,0,0
243.95601270985702,11,7,13.586281594693414,0,0,0
94.25397625891,18,9,104.49967070262612,1,0,0
79.05551223959677,8,3,56.79168482299198,0,0,0
28.734103625037783,9,9,16.42098898203504,0,0,0
42.049066207859354,16,7,13.86156104228759,0,0,0
191.08701925534538,17,2,0.9058294937827369,0,0,0
81.92051557654433,7,1,21.276931019633626,1,0,0
72.30749700078633,6,5,37.40882312862006,0,0,0
10.48936397058432,8,4,16.266493137167746,0,0,0
1.6157996622941762,9,7,60.27507801887273,1,0,0
331.5529595780795,11,0,26.530122535707747,0,0,0
47.31865570492681,14,9,19.013107167310334,0,0,0
92.43558227107893,14,2,139.89135439438482,0,0,0
8.307195382984446,3,6,15.244862160724763,0,0,0
114.92140928944559,3,9,25.396293281290887,0,0,0
269.6616446896824,22,3,24.086873192309028,0,0,0
85.72326375919161,0,9,13.800743036644528,0,0,0
13.48068598304307,11,4,12.261581576386329,1,0,0
87.16078660550046,1,7,18.00403820207738,0,0,0
145.3919082257156,14,0,99.84192231987039,0,0,0
52.157744562688045,16,0,72.85363139440669,0,0,0
211.8912348977063,6,6,57.128132659460576,0,0,0
104.60661964280918,5,8,30.541782520661435,0,0,0
229.51023416293833,11,3,35.4388328114621,0,0,0
97.685133874033,18,7,15.539950795104282,0,0,0
14.074359184092334,0,9,3.8611131097084668,0,1,0
37.06169856744946,20,6,20.101592179606115,1,0,0
22.53897574630221,13,1,34.21767353976357,0,0,0
239.49909692593022,3,4,2.9510510099930323,0,0,0
142.87846935734476,4,8,4.618556764640449,0,0,0
112.82420533593478,0,8,15.26008123357014,0,0,0
35.80563542633727,0,2,22.870591870003224,0,0,0
20.339579323191284,20,2,24.987427676526956,0,0,0
141.24374859492198,5,1,6.271702738685262,0,0,0
64.2754388673347,4,6,12.797631196495612,0,0,0
95.8733774388437,20,4,3.501538864167595,0,0,0
4.11698176479273,4,6,19.73365513676048,0,0,0
39.47778025434058,8,3,3.7481169224848045,0,0,0
63.215932042349685,18,4,60.778294444815884,0,0,0
16.011984972110678,20,8,24.3919074778591,0,0,0
23.458040929594244,12,3,6.763626605203485,0,0,0
13.96680463332854,11,5,12.841716741504037,0,0,0
22.757193450381827,4,1,13.244210424097943,0,0,0
146.56022491982918,1,2,210.6706463754385,1,0,0
83.33658886675275,17,5,0.7689979596352593,0,0,0
2.1232989903297277,20,7,47.96468624181457,0,0,0
3.5038033681934047,9,4,14.779670665340491,0,0,0
59.02757497939404,12,1,5.511781700189433,0,0,0
169.63869815555793,11,6,61.14075437536706,0,0,0
216.4902517156557,1,5,7.055461572511317,0,0,0
9.069805637095328,14,1,29.32604347563758,0,0,0
77.29766321930504,13,5,50.00606295308603,0,0,0
244.4490723639544,9,7,40.427313072233716,0,0,0
49.09784785030483,21,0,189.99970979831292,1,0,0
176.94061649017576,7,3,77.02886221286967,0,0,0
14.351899382185628,14,0,74.4038146283075,0,0,0
273.9455572571274,12,1,21.971424004814104,0,0,0
139.20038996839227,7,0,0.421546636415528,1,0,0
283.59016316428006,20,5,66.2902506547567,0,1,0
112.89186219185964,20,5,411.241908151065,0,0,0
45.16199407153104,21,0,26.03362290051019,0,0,0
278.35473092118787,13,3,211.74416171073617,0,0,0
32.23656902879484,0,3,7.640551933535305,0,0,0
40.37254053615224,12,7,17.585247999504784,0,0,0
120.6671168310167,7,5,9.36028916617949,0,0,0
144.95166268767568,17,1,32.234612955267075,0,0,0
265.0774482005805,21,4,79.72288429730037,0,0,0
22.916465314160707,8,3,20.825925490016793,0,0,0
159.94778549907306,12,9,118.34494844930947,0,0,0
134.14971234034581,2,3,39.35426057583768,0,0,0
6.5920335407156765,17,7,31.314107181313467,0,0,0
48.97544243402848,9,4,77.3315700324749,0,0,0
33.235237480264864,4,2,5.348284443064121,0,0,0
36.311049971058566,5,9,74.30628094699362,0,0,0
407.14220746786384,7,3,13.916430979648414,0,0,0
102.9396199839801,23,0,16.48166210023856,0,0,0
375.5773272227464,20,9,116.1059445949554,1,0,0
47.35327010328741,17,3,43.18573830835483,1,0,0
161.86813438862043,13,5,52.341238024924294,0,0,0
57.009973877911214,14,1,74.93835871108251,0,0,0
203.66401070834078,9,4,15.009651049994208,0,0,0
19.925314004922974,20,8,87.79076536828477,0,0,0
24.68878650835111,6,2,9.658349432090354,0,0,0
39.485238329166876,6,0,21.548229665209124,0,0,0
141.1375208901592,10,9,14.126840715747422,0,0,0
50.0471317699037,12,2,12.9847757712288,0,0,0
93.70328110715549,14,7,16.603520853317644,0,0,0
58.801899381336185,17,2,9.979336170625977,0,0,0
135.62305877172878,6,4,55.08611956375897,0,0,0
25.919990441900527,5,1,43.374047089522435,0,0,0
6.023630865893052,22,0,52.269013491233785,0,1,0
35.65740882720736,10,9,21.058747487332692,0,0,0
64.30410538271562,7,4,73.42587610378514,1,0,0
18.394693964449015,19,4,6.940622269370793,0,0,0
43.81907319593558,0,5,42.33085404566591,0,0,0
51.07973213224562,7,1,16.110430434755884,0,0,0
5.910461153638691,7,8,37.4975076585777,0,0,0
87.54061349555619,18,1,19.551281195302824,0,0,0
215.7130065038925,2,1,78.15438495752691,0,0,0
16.457152044913624,4,4,110.94522230408883,0,0,0
91.08257257642822,2,8,67.8525519603237,0,0,0
109.28465572219721,14,3,9.653983689590305,0,0,0
54.358073013593454,13,5,16.07000262739553,0,0,0
120.76381380094313,20,1,125.88682429199329,0,0,0
52.88734156216517,14,3,28.743335890553478,0,0,0
70.2465033184062,23,8,141.6640152617801,0,0,0
0.7380211441347014,16,1,24.916179121139137,0,0,0
117.67471883030112,17,0,151.59353410890355,1,0,0
108.27665352018028,1,3,130.00845994704272,1,0,0
3.9157627562617363,11,3,54.018026989681644,0,0,0
45.92617027101013,15,0,0.4433118820369177,0,0,0
386.4750220070523,3,3,25.56917913446763,0,0,0
54.59979179561858,1,2,121.08821559681606,0,0,0
69.70455797169078,13,1,108.1891323255309,0,0,0
240.71698891524832,10,9,10.375064106134731,0,0,0
126.32341661615544,12,3,25.47320222089186,0,0,0
87.2441638342799,6,7,90.2452531224424,0,1,0
159.85211246967782,9,6,43.12302797765767,0,0,0
199.77971619660016,23,8,93.96375233857322,0,0,0
61.04398508926483,0,7,87.59830690121329,0,0,0
64.45634470898362,20,0,119.01760669737969,0,0,0
48.78433113638045,3,1,6.233996317124304,0,0,0
340.2382283935487,17,1,7.8452734569941525,0,0,0
119.45713180879818,5,7,4.321978605190516,0,0,0
8.689109281468552,1,3,136.87563014574218,1,0,0
198.747967623259,2,8,32.23331839058349,0,1,0
65.50038568828441,13,1,3.3243693996734165,0,0,0
7.123170411325996,7,3,19.395743609014673,0,0,0
79.78795716699965,15,0,21.64792875846443,0,0,0
53.98499144592432,18,2,82.92085838665544,0,0,0
210.16822824396178,17,5,66.4913333653352,0,0,0
22.81493137755422,5,8,58.46038371159792,0,0,0
175.1373720524144,13,0,1.105305095057443,0,0,0
81.57413262354238,2,4,120.78533598572999,0,0,0
5.6158058940763915,15,1,12.138957893834963,0,0,0
357.0041022711964,0,6,49.58593706871135,0,0,0
71.87014146510948,11,3,3.190621534195168,0,0,0
34.372607815508744,13,4,4.252089088838747,0,0,0
63.37597321774264,18,7,0.48117266874279624,0,0,0
195.09271980472286,21,1,41.727202057004305,0,0,0
36.37040537571317,18,2,49.628855430657026,0,0,0
21.403069541003955,8,4,2.589002390756378,0,0,0
13.81951044775152,6,9,17.15867392706848,0,0,0
35.36216078176968,13,3,95.34316963072142,0,0,0
151.43463339760518,4,4,5.3407657139355065,0,0,0
63.79516038605493,17,2,12.202220812907202,0,0,0
25.809945650484007,8,8,27.61635152050718,0,0,0
18.17437233035852,20,7,92.3448289650851,0,1,0
40.455973284963044,6,5,14.708423484141248,0,0,0
281.2151058557807,8,0,292.79453095248215,0,0,0
42.0111919756408,3,3,21.94554782167781,0,0,0
443.3242117742315,16,6,24.424566603970348,0,0,0
66.40359653935747,11,9,6.511482710097372,0,0,0
19.743184633364994,5,4,57.00264573390154,0,1,0
61.68444544634482,7,8,49.55981970230909,0,0,0
123.67416994390526,20,7,12.625897293933154,0,0,0
411.7301050112322,14,2,24.540715228261973,0,0,0
5.147789070858623,2,5,97.13101052618866,0,0,0
10.169453224685197,1,3,67.14372220923586,0,0,0
127.45982272098728,23,6,8.396731335274628,0,0,0
33.104201163002145,22,0,46.78746225941507,0,0,0
20.371035125534398,8,0,49.52925456439641,0,0,0
2.2088885018728623,3,9,31.34977815210348,1,0,0
148.93712778192284,1,6,15.100436916863465,1,0,0
14.437098920670433,13,8,31.473902745933557,0,0,0
63.058676953870496,1,6,75.04509524722242,0,0,0
93.11425135641062,1,8,8.614178903573102,0,0,0
2.748081466030522,6,8,15.68874374142008,1,0,0
1.056887890164542,5,6,68.88144299999985,0,0,0
143.5022083624277,17,2,0.9823809690682411,0,0,0
223.7776237663706,3,2,25.62508825893962,0,0,0
56.7113688923094,18,4,14.879750791606067,0,0,0
76.68851632250164,12,6,50.82552535329964,0,0,0
64.81420613442204,19,9,30.74383629235501,0,0,0
49.29998161226719,20,6,166.90905151178234,0,0,0
218.41314855133032,22,0,12.357626897680705,0,0,0
224.36891236837576,1,7,44.319174274469134,0,0,0
40.919660846637264,7,0,60.23365497213705,0,0,0
95.46931403682532,18,3,87.31000860476718,0,0,0
261.60303669054815,8,1,26.12560143055304,0,0,0
327.17097512450295,3,4,58.06513116295171,0,0,0
71.12277339379047,15,5,18.062948253839465,0,0,0
60.298624499574736,18,3,28.588627220291762,1,1,0
32.66922591881926,9,3,112.98927573673923,0,0,0
319.1063040942742,5,6,149.6943082640033,0,0,0
15.41007029611346,15,3,63.437540493949825,1,0,0
86.70948786926994,9,1,23.44835958872764,0,0,0
33.20523930620524,12,3,85.75597675280252,0,0,0
32.71276401652322,8,6,1.3103759124644112,0,0,0
51.91410805043449,6,0,5.420809559659746,0,0,0
671.9564161523772,3,3,54.14291234748085,0,0,0
5.6534697986233535,18,5,17.212520687060927,0,0,0
86.40347192819104,3,7,151.19241081340004,0,0,0
8.618134850617396,18,7,28.640425075398575,1,0,0
16.785174724564296,18,8,28.050259419321005,0,0,0
57.90383385345261,11,4,56.672534499389016,0,0,0
71.428937261925,12,1,72.95799945416704,0,0,0
38.04659047767808,9,1,12.03998168847613,0,0,0
9.098327664737925,20,8,74.20829231303871,0,0,0
36.128524627551954,6,5,19.308959749113622,0,0,0
339.7955822612509,4,0,9.625308373632672,0,0,0
289.51158634953237,16,2,49.934753686264784,0,0,0
40.77852327224315,17,6,4.740466946771975,0,0,0
84.59579431278557,10,6,177.63476057108824,0,0,0
240.34600295975957,14,4,50.03762233883815,0,0,0
0.6203021661939663,20,2,213.06314334595976,0,0,0
166.4335432866857,21,6,20.69201084227597,0,0,0
9.576859262634184,17,5,7.86558130207429,1,0,0
323.7709642281827,17,5,1.6770150081883033,0,0,0
77.11955228569481,15,6,31.26231317450835,0,0,0
1.4298370709509134,1,7,4.332619206959814,0,0,0
29.791020022182575,18,1,35.88919786263766,0,0,0
59.77345955789543,0,1,19.83769581092714,0,0,0
118.06108686439714,10,5,20.44572696361791,0,0,0
132.11074682337153,19,7,50.47639012770746,1,0,0
33.89910853962133,15,0,72.74008973819963,0,0,0
76.21190833944655,0,9,123.22264046268978,0,0,0
52.0278931558436,18,8,22.693968631028756,0,0,0
18.532032120778897,13,3,202.89578733315338,0,0,0
379.23113056780693,2,9,42.8807706373659,1,0,0
191.9482755887859,1,0,181.3458803391738,0,0,0
68.9818782416101,23,7,1.3716767944671402,0,0,0
92.44373826138893,4,1,65.09330832601556,0,0,0
25.781400225812767,16,1,84.8101544301555,0,0,0
78.47956275601018,17,0,2.731959370734425,0,0,0
118.73455829771035,0,0,43.25251954635984,0,0,0
72.39508357859228,14,8,80.95984221159752,0,0,0
463.41017552303373,21,0,41.167204107557254,0,0,0
94.50546149855406,8,5,3.2970333391831863,0,0,0
46.35822307736845,22,6,59.118270215955974,0,0,0
147.90766602183064,4,3,3.1255310517899466,0,0,0
18.688697637845188,12,4,85.04173411082257,0,0,0
48.53460261430334,18,3,2.1993803700437633,1,0,0
42.61152885537697,23,3,7.390057930765334,0,1,0
56.52942966301169,9,9,16.08660179308443,0,1,0
152.22507530684265,19,0,50.16939548097368,0,0,0
66.19839033874896,20,5,187.23885002536667,1,1,0
157.99492595751155,13,9,6.268119788639477,0,0,0
85.91755624939181,21,9,7.698815455680983,0,0,0
41.86558770205241,20,6,23.01220220152288,1,0,0
166.06193377290862,11,6,90.46129752510521,0,0,0
27.2188940651747,10,7,31.48336279728937,1,0,0
25.40964112951039,22,6,19.40169100018084,0,0,0
70.21938264501641,6,5,41.18601420015558,0,0,0
30.225338149362376,16,7,15.090618320914977,0,0,0
0.9128573888656557,17,2,25.63803367568,0,1,0
104.4969708815518,6,8,20.218671402789624,1,1,0
71.55846718672419,23,2,81.51801904165163,0,0,0
58.97205998370383,19,3,129.0196216995743,0,0,0
341.0294069906828,5,9,71.2667704893278,0,0,0
84.67627661557925,10,5,28.909168071906972,0,0,0
199.0929528330529,11,7,35.09274691351171,0,0,0
15.018383374780738,15,2,6.680780890250217,0,0,0
84.21263364341425,18,9,68.69155972888441,0,0,0
202.4799025357708,22,5,45.375925948732586,0,0,0
87.49227039290429,18,4,116.36438330213727,0,1,0
126.58984863540613,10,4,11.195388636297999,0,0,0
46.5284490417675,15,4,71.29879238262946,0,0,0
9.700608578105193,22,8,57.707041963547226,0,0,0
61.230533713043926,11,6,15.451791405352783,0,0,0
50.16666799684821,7,8,55.03752458090519,0,0,0
201.78587522588205,2,8,129.09734744989595,0,0,0
27.97076890024286,1,5,125.31835698123447,0,0,0
317.33796466924383,15,3,2.463352301013599,0,0,0
28.45292386217832,19,7,102.88961428542768,0,0,0
42.779040654551586,23,1,53.61487017094429,0,1,0
225.91017553803118,14,4,18.584661597747758,0,0,0
339.98648966979096,13,0,10.366608241876575,0,0,0
58.59786853873907,1,9,6.176442859520376,0,0,0
38.71298003885736,19,1,2.5771346562289343,0,0,0
74.67463171522046,17,0,70.14217691341771,0,0,0
116.40126414462554,13,5,13.449100608112454,0,0,0
31.94817179565926,17,1,1.2275940968865395,0,0,0
133.36001120802155,1,3,25.31435126035567,0,0,0
5.303940438718154,0,4,32.947634713615955,1,0,0
5.05509308122376,19,6,9.270128767049233,1,1,0
48.82290358062499,1,9,2.2523964024232654,0,0,0
43.614061536654006,8,0,10.482098161144062,0,0,0
37.92612702387685,8,4,56.8317168718391,0,0,0
67.53460896468937,15,3,4.291168361340371,0,0,0
38.67418606498844,10,6,40.48821075066263,0,0,0
21.351247744299524,22,9,7.915331151718085,0,0,0
37.029520730588324,5,6,10.888474224467565,1,0,0
368.50576788188863,11,7,24.967740233336976,1,0,0
58.82697799283968,11,3,9.509834386836543,1,0,0
85.93080041840838,22,9,21.45862693780644,0,0,0
409.47907666100684,0,4,19.999183347070712,0,0,0
27.654601110677486,8,4,69.16922707286531,0,0,0
114.344892650929,19,2,3.886311167496078,0,0,0
125.87271462934224,21,4,98.46687953590308,1,0,0
93.47714960388028,5,4,84.70410578034672,0,0,0
9.274963440079736,10,7,72.61992182252148,0,0,0
112.97076030472878,2,6,18.507723761270213,0,0,0
6.62409946287563,3,7,86.54689455195647,1,0,0
90.66935563182682,9,4,10.093698083622723,1,0,0
134.5464087165402,18,1,6.64282135782168,0,0,0
23.695079741946245,5,7,2.299910772597186,0,0,0
184.27707457617942,0,8,140.0991160230076,1,0,0
3.08240219935994,7,1,18.409253580873937,0,0,0
185.67003987341732,7,0,124.81934290316468,1,0,0
24.53737461825311,16,2,119.06299813641807,0,0,0
14.361421961938275,18,0,117.13341638056806,0,0,0
306.4164607508018,0,5,128.63842160231582,0,0,0
7.544103152392309,14,7,34.2741750143574,0,0,0
22.201096784897427,12,8,100.47573572818227,0,0,0
42.74382809073824,20,5,150.55843641412494,1,0,0
96.82022408988973,2,5,19.62376277937405,1,0,0
78.70207803470636,1,0,27.139418813517484,0,0,0
13.42670830781798,2,4,63.51278671826368,0,0,0
34.210726082360395,8,2,17.85945535656311,0,0,0
27.2795786510522,15,6,70.08244381574235,0,0,0
52.95741788075499,12,5,37.06420825517906,1,0,0
121.75020890595358,18,4,6.523289623887322,0,0,0
24.52012078556946,17,6,17.35911258214009,0,0,0
45.67776864231982,20,8,14.9624619113411,0,0,0
49.580143235372695,11,4,91.2964549818192,0,0,0
374.89067553667564,11,4,10.75363885328592,0,0,0
309.37058483875916,0,9,82.62977749707551,1,0,0
161.01260629157196,19,3,78.98433165624218,0,0,0
7.046250167707583,16,6,13.318425150786375,0,0,0
38.11200745319289,20,2,12.867106921162483,0,0,0
31.032932910236227,19,3,31.267384774581764,0,0,0
70.50695709406195,21,8,0.4424018035399639,0,0,0
150.38530172563102,6,1,37.89503339860125,1,0,0
195.4205028797643,8,7,152.64638521612918,0,0,0
186.3453677968022,16,8,8.403591320303745,0,0,0
44.578029548790035,9,4,42.58905057423835,0,1,0
116.23010700110075,3,6,163.21810150215967,1,1,0
37.517967311876156,21,5,98.4924698174414,0,0,0
6.283921189922631,6,0,94.9828655192163,0,0,0
120.92040152918221,6,7,86.25644981134835,0,0,0
52.6248255940149,23,9,110.64491257663063,0,0,0
39.955153177151196,23,0,141.800160153011,1,0,0
118.21380553414716,7,7,34.2383618583781,0,0,0
145.34837431308588,15,2,21.892007011043923,0,0,0
36.254159911575115,11,5,26.741318870298734,0,0,0
166.9331315894135,14,9,20.338781460641968,0,0,0
34.80221454713877,7,7,11.939417398089017,0,0,0
59.11798632695978,21,4,48.17546829789754,0,0,0
129.83513506207152,8,7,41.34500259920552,0,0,0
118.06477254887481,2,6,31.04924016037922,0,0,0
437.15593928639896,21,6,5.03774503930277,0,0,0
25.51000443984755,20,6,79.70110857194321,0,0,0
108.56503987174064,15,8,9.614568294538948,0,0,0
94.07932524898305,14,5,6.083644508047948,0,0,0
246.62629819439505,23,5,48.78497437036225,0,0,0
17.003195424467847,3,8,25.428438721511696,1,0,0
139.35130073144774,19,5,3.0835837423520944,0,0,0
83.99516810523487,15,6,21.96932605637753,0,0,0
32.11228610370189,9,6,73.87233732984114,0,0,0
64.32812412387727,10,1,47.75797202763676,0,0,0
40.61302248539729,4,7,22.532488306907894,0,0,0
219.8230580519771,12,3,49.95585583653645,0,0,0
84.23550598058523,14,6,109.26468710812196,0,0,0
99.89183271273994,5,7,51.96145263133012,1,0,0
73.13639198622728,15,0,83.80663239999821,0,0,0
5.25208964727254,14,9,36.85786242892968,0,0,0
26.50840837639221,10,3,63.28728774636886,0,0,0
67.72772358033137,19,3,113.27736388646237,0,0,0
37.140473047581494,1,9,74.17970114849739,0,0,0
20.06039838399916,1,8,120.3162091925604,0,0,0
70.14472145775824,11,5,28.206011069178842,0,0,0
38.98030905050024,15,3,117.28520238744946,1,0,0
29.8551118000952,18,0,48.585842795850034,0,0,0
62.35939120134726,1,7,102.02980113041941,0,0,0
14.30442199540243,16,8,2.0086378929702535,0,0,0
262.7563895953608,13,4,53.625650160699436,0,0,0
202.2699065275232,23,4,94.18554084121527,0,0,0
122.97029562543074,15,9,9.570256408361551,1,0,0
11.228871316461362,4,7,54.20396038687234,0,0,0
149.5561406091004,9,7,87.13552813151846,0,0,0
165.00376822159092,16,4,16.980313001592062,0,0,0
146.00038428355447,12,3,25.980397781902052,1,0,0
12.099982699549116,15,5,42.14245569577077,0,0,0
103.25660339853091,8,9,36.61183476000085,0,0,0
179.77260081696056,23,4,1.9988984278708364,0,0,0
86.12189130065929,3,7,5.194307824394287,0,0,0
103.9609805981671,23,8,5.293953576698902,0,0,0
61.31601287606566,15,0,15.208726793465457,0,0,0
75.22759764356404,22,8,14.109135273237719,0,0,0
3.498164340451963,10,8,67.78290092086668,0,1,0
101.87748936881084,6,5,42.51864086313431,0,0,0
8.495590498342368,16,9,72.19110714208597,0,0,0
57.0955378859975,21,4,3.6229466427671886,0,0,0
34.62368928147022,12,6,33.20022299794245,0,0,0
14.319661998462758,13,8,94.83577358753308,0,0,0
117.6498379924752,9,8,61.51398359502972,0,0,0
158.48015791272337,9,9,101.72664822870247,0,0,0
17.835477457975987,9,2,2.3769712597992703,0,0,0
11.016435491942527,11,7,63.79555216593601,0,0,0
15.725689570984791,1,0,38.82734732662411,0,0,0
209.66085503639164,22,6,87.1484735430935,0,0,0
75.11773521072406,8,4,35.37859501240101,1,0,0
62.972364830558504,4,1,38.84917050006508,1,0,0
11.284603919401594,7,1,2.6577714037230855,0,0,0
104.85543763081408,20,7,55.20982231012695,0,0,0
202.49502646966812,13,4,15.951061053372213,1,0,0
176.13420220777934,6,2,0.9945215886638445,1,0,0
98.36457729649995,6,0,3.4373502199886605,0,0,0
7.826290217339419,8,6,157.66096944857372,0,0,0
11.923073864586062,2,2,21.23830571472091,0,0,0
5.056617681195949,13,6,101.27632323453226,0,0,0
29.770441744109664,16,1,160.54195290495196,0,0,0
14.579076650342596,17,3,143.47012777507194,0,0,0
30.117001415131377,11,1,106.73724462749064,0,0,0
48.62274151745636,21,3,112.61547423278392,0,0,0
286.44020229109,13,4,17.0547081682598,0,0,0
94.2573260902678,12,7,8.212485454613807,0,0,0
180.16509430520838,13,1,50.9802452038504,0,0,0
123.90871625761169,8,9,33.4818454665303,0,0,0
133.15047302673324,1,9,56.58901313253561,0,0,0
32.17200217866131,10,4,41.37508930911192,0,0,0
101.9176110420165,16,8,99.41332254663995,0,0,0
41.69740430229774,1,9,46.975894760575784,0,0,0
606.285884170148,18,4,42.65948010057482,0,1,0
30.591594300613956,6,8,29.058088006167825,0,0,0
32.729711615012036,17,3,31.068037258394927,0,1,0
266.8910100271067,12,9,154.37179790640062,0,0,0
2.4953161282464986,4,4,7.450877725981952,0,0,0
119.29965572421173,17,8,29.54928248249941,0,0,0
129.21717616131733,22,3,53.33057603628173,0,0,0
181.0199918461819,23,4,28.37073753611765,0,0,0
366.6699679510804,23,4,16.649010933809635,0,0,0
371.325080373753,15,3,16.93876027437423,0,0,0
6.750479090661371,14,3,13.30620921251166,0,0,0
172.5069454698212,7,4,21.07234704186066,0,0,0
103.93342681449663,14,5,102.6593710862131,0,0,0
104.2256911232695,0,6,35.182562817699896,0,1,0
13.736722760166387,16,5,13.737550546917848,0,0,0
105.03570288077782,14,0,24.26818706645192,0,0,0
404.4559498914576,13,1,5.592991306850643,0,0,0
242.83588771318344,13,6,117.18897228881109,0,0,0
57.82673075469968,9,2,26.229143788871916,0,1,0
4.076780149507192,1,9,196.58885340752326,0,0,0
44.98771171513196,5,1,21.350178208771663,0,0,0
175.09456695605758,16,5,90.50311154575991,0,0,0
120.89823359870628,4,3,14.811613625575685,1,0,0
61.49714248845542,4,4,3.9604345027670576,0,0,0
5.667780187349985,14,5,1.612388840970015,0,0,0
55.6685858065787,14,2,46.59159699365885,0,0,0
63.30402262968449,19,0,18.667348484783318,0,0,0
263.8834814891399,10,2,29.30619165150685,0,0,0
102.46727621079945,4,2,85.36550335497546,0,0,0
37.346208665024314,0,5,14.258134816985724,0,1,0
74.51107299407693,10,3,18.455632680782582,0,0,0
6.8338058590319095,10,6,93.32507267366427,0,0,0
359.6053654181279,5,1,33.938774820808035,0,0,0
44.63807037756296,22,3,87.91579956782944,1,0,0
64.98336140180051,7,7,23.458279302407902,0,0,0
43.89453292684804,1,5,25.405630435015286,0,0,0
114.73144065797575,14,9,9.14438755928298,0,0,0
108.5396478458099,22,2,124.0532142138839,0,0,0
125.63976528167406,21,9,113.54642173310845,0,0,0
31.21704530352204,8,1,207.4411395189896,0,0,0
37.93128021166588,14,2,25.745625449947777,0,0,0
13.381855510453027,7,0,85.35665569075672,0,0,0
106.56901347996492,15,0,26.803217185952484,0,0,0
4.061069115435526,13,1,30.284184273977715,0,0,0
91.051329227412,14,2,88.59766374244849,0,0,0
203.78842132443918,19,8,9.762241438741825,0,0,0
221.48686572717233,12,7,12.443003634972408,0,0,0
61.489750379938,0,6,77.60069270099783,0,0,0
8.009265717967772,5,6,23.312657504116387,1,0,0
111.09835747623669,7,4,22.171450814488615,0,0,0
172.18198001833352,19,6,336.95741928775146,0,0,0
28.0580752753342,17,3,24.209683109827953,1,0,0
54.69725938757088,17,4,14.23569318495913,1,0,0
182.53535032869073,16,0,48.803851894837116,0,0,0
209.65508154354603,20,3,80.94410643787955,1,0,0
27.862980845511032,15,2,3.6074548774986073,0,0,0
79.97765776660357,12,1,48.2336542973963,0,0,0
21.38037417365647,21,1,1.819479932901592,0,0,0
10.745021326639204,3,7,37.36246828102148,0,1,0
242.0473774890319,3,0,14.852394001624186,0,0,0
171.76218782347263,20,7,18.31041913159839,0,0,0
142.72617903951584,13,8,31.470695801071386,0,0,0
4.999552507890129,4,5,130.9384493696983,0,0,0
185.6162272921303,15,0,62.00890323507965,0,0,0
57.63318590419014,13,9,138.10863492023518,0,0,0
41.91510193550425,13,6,53.93621921491757,1,0,0
79.07078851523114,13,4,0.35665637292674696,0,0,0
9.579886618797854,23,8,15.434064188099569,0,0,0
141.32403630308565,13,6,118.10220163804208,0,0,0
87.33152423216204,18,4,51.56341172216273,0,0,0
20.652011060546265,2,1,199.89875600972962,1,0,0
20.85409400216103,16,3,8.47800770184613,0,0,0
20.36456905191743,13,1,17.601987518031777,0,0,0
5.8691528220319515,9,8,22.499671528976524,0,0,0
88.62428486980282,12,1,19.767656706639357,1,1,0
183.4759944844268,21,1,14.51704888713658,1,0,0
1.765311741583213,3,1,29.301325162905272,0,0,0
5.024610075075022,10,0,51.402769317476086,0,0,0
85.0433416712856,14,8,18.644348497183564,0,0,0
171.20005978165094,14,7,4.152774590521561,0,0,0
39.56220462288499,23,1,61.64134319783808,0,0,0
43.01898593818507,1,1,30.71833013937015,0,0,0
90.71984360990504,10,4,40.65087909759049,0,1,0
32.04985428675294,1,3,30.38524527170997,1,0,0
132.88881574772896,4,7,40.906616646617145,1,0,0
98.25638577462422,12,7,128.37758292923212,0,0,0
86.93021873988661,0,3,35.72623720958837,0,0,0
135.35721366789988,6,3,17.307113408483016,0,0,0
112.46406184348822,6,8,21.959568969263906,1,0,0
23.052319928093482,9,3,36.92075358752196,0,0,0
43.46072147068758,5,9,37.75000558876202,0,0,0
13.480093149507733,19,8,58.13157947902353,0,0,0
13.909772844464241,11,2,12.712034206000192,0,1,0
112.76161011866512,12,1,53.77061019383002,0,0,0
195.6163282114705,23,7,75.38650487428917,0,0,0
328.9635896070803,10,2,56.44202812043486,0,1,0
98.97949720207693,17,1,32.87241287192565,0,0,0
20.346510251334674,1,7,239.45856432231452,0,0,0
11.165846779993755,15,7,25.943995222985023,1,0,0
167.5850035864825,1,4,5.635518241795993,0,0,0
86.45441715821153,18,8,86.15951468843554,0,0,0
96.3081077175991,5,5,11.925628782088939,0,0,0
152.07957726536276,0,4,62.46342930628428,0,0,0
121.49570028020224,10,2,9.86016408292242,0,0,0
179.8531867370704,17,6,0.8510718534369694,0,0,0
5.78557332799298,9,8,8.705682924398573,1,0,0
137.64257632959036,17,3,23.659530841063468,1,0,0
190.28212550987038,0,6,5.6370647320028855,0,0,0
33.70614696265288,18,2,11.012330340374232,0,0,0
102.28944477442631,15,1,72.32903601561242,0,0,0
37.711392382672656,6,0,73.45850228934336,0,0,0
316.93970046019155,14,5,85.0470299748792,0,0,0
3.399490682848674,0,4,91.99139420854833,0,0,0
86.70074603329945,22,1,27.273950021438665,0,0,0
18.212583240863996,20,2,101.07737507485375,0,0,0
124.55596926124358,8,8,37.32073955391076,0,0,0
19.34516067455543,1,2,31.800277164770236,0,0,0
26.838056664156728,16,6,63.387594738893604,0,0,0
68.19517064981525,23,0,12.028374221589287,0,0,0
246.31641405374737,9,6,77.91285821550676,0,0,0
23.789478290788644,5,8,28.059110531298426,0,0,0
15.576534066186259,4,7,6.807908493755177,0,0,0
142.28622167262347,7,6,6.352588029465385,0,0,0
69.4387013503127,7,9,9.010593817577448,0,0,0
242.79795363560046,4,7,110.62475950498676,0,0,0
103.82546945654538,6,1,22.078490391586744,0,0,0
26.511092308046223,12,8,17.275719350670915,0,0,0
17.05041723289947,12,2,12.344346160630444,0,0,0
115.02090453818121,16,3,86.81145419276466,0,0,0
90.06256226776637,3,6,11.735982478256638,0,0,0
140.57930647238663,17,1,128.91042812953373,0,0,0
37.02851098406572,9,7,55.03327660220994,0,0,0
59.41558868895468,2,9,113.71338784350928,0,0,0
51.99869211441636,11,7,40.3729211130156,0,0,0
414.0773745591833,0,4,58.66892468457377,0,0,0
34.56628809387777,10,8,48.30794956029362,0,0,0
34.92982733782499,17,7,88.95068898347492,0,0,0
43.780475595945624,12,0,90.3520249414672,0,0,0
83.14765365449188,16,8,44.55466841327451,0,0,0
29.07838704087679,7,4,50.05263875243261,0,0,0
246.85209167173446,19,8,127.47284766836037,0,0,0
226.15941357266684,16,9,54.56938999654951,0,0,0
10.922917109409774,1,9,0.38922494581137645,1,0,0
106.87507237191176,2,2,5.5136958196297385,0,0,0
237.50000822335053,2,7,97.57617987191075,0,0,0
18.48240114011489,5,6,4.4259410690686245,0,0,0
345.2289436276261,9,6,12.009347219546731,0,0,0
60.309326421933186,23,9,13.103749529967923,1,0,0
291.35093309244206,21,1,45.84389143157482,0,0,0
112.95459704403558,17,1,42.97576931994284,0,0,0
35.89444743378659,17,1,17.083512786680576,0,0,0
20.862757587292684,13,1,11.635165374088034,0,0,0
36.202501037717134,15,3,72.30901913314734,1,0,0
9.763202338712915,6,6,137.02052640321924,1,0,0
15.533066980890384,0,1,2.712550570188872,0,0,0
11.05522363989297,16,4,7.1462235004360055,0,0,0
158.75706349446997,4,8,81.59477322251631,0,0,0
15.243296918962812,0,7,78.31620780669313,0,0,0
13.963044916895553,20,8,63.59173597259711,0,0,0
103.12217588937725,16,6,109.20809289238449,0,0,0
21.962846393892853,9,2,12.253412503248438,0,0,0
10.27085220912049,11,0,5.674727956714333,0,0,0
18.25398744702175,19,9,47.772758442426394,0,0,0
257.3493904753673,1,6,86.37614417438478,0,0,0
172.30056418565403,22,5,43.61890533152486,0,0,0
43.70557219201942,15,1,164.83847310637037,0,0,0
106.65927320841779,14,0,79.37512839098156,0,0,0
77.06238097116966,12,9,60.33078149395708,0,0,0
113.04877464462069,17,3,3.107457743892546,0,1,0
114.78166688708511,19,3,5.700010905708957,0,0,0
99.0836532714697,21,5,76.81811693110856,0,0,0
30.938436417915728,13,4,11.047169021874842,0,1,0
3.978755136904316,17,8,1.4629539262272928,0,0,0
60.80099924140657,1,7,120.82167968738491,0,0,0
221.61678354565493,1,8,110.73117133002157,0,0,0
84.28015870012388,2,9,12.325971740664542,0,0,0
178.61216418966364,4,6,75.75328545437175,0,0,0
17.866768528615342,21,2,16.777693190360875,0,1,0
117.69338056519867,14,8,48.86403227290821,0,0,0
112.1758836160869,11,1,72.02253406251565,0,0,0
390.97978508358096,8,8,0.5226819083559437,0,0,0
424.05780426436115,13,5,19.741736561125133,0,0,0
116.05258156366965,20,3,12.061911353576757,0,0,0
27.9204498156098,15,1,335.4618528237636,0,0,0
160.22430483087757,10,9,55.58217623834387,0,0,0
11.32013237341953,5,2,26.016150144909084,0,0,0
151.73114506113387,9,4,3.9333653058897697,1,0,0
241.01271436331908,7,8,45.648594454899765,0,0,0
48.26162668403627,15,6,51.319437999969985,0,0,0
99.59707625687814,2,2,84.75140430961892,1,0,0
56.23693566980703,1,3,17.024394131663488,0,0,0
57.583546482513206,15,1,199.3052271122085,0,0,0
37.16013463532872,18,7,28.943245655878176,0,0,0
143.60293774129016,8,5,17.544851603293168,0,0,0
275.16348232681753,15,2,21.42000586080492,0,0,0
282.60040009194944,21,4,36.6553578536339,0,0,0
19.21068185401972,3,4,137.99473329449256,0,0,0
207.73928389576506,9,0,66.43124350210614,0,0,0
133.72430555351212,18,4,43.03211760646535,0,0,0
29.147244777729558,12,5,8.885234824498696,0,0,0
6.9655176035248445,17,9,8.08792040254581,0,0,0
31.1971031263285,14,9,34.87753447082626,0,0,0
243.27875957432119,3,1,65.22810723075285,1,0,0
100.28804020557985,8,2,69.51756351395619,0,0,0
127.67394335517257,3,9,12.803639818143061,0,0,0
29.726430388876835,15,4,5.273554580070101,0,0,0
127.07829011384241,20,2,24.262847739367963,0,1,0
2.8524488794425844,14,4,125.15712172653961,0,0,0
47.051791470465666,23,4,39.41326673375119,0,0,0
98.55158139154206,1,7,19.290460375244965,1,0,0
15.793716599131583,13,9,19.55131764756219,0,0,0
173.16257412276724,2,8,7.083192593222617,0,0,0
26.792035947221265,21,7,32.048968363861896,0,0,0
105.63609211055278,22,2,78.35789191499917,0,0,0
51.95252603984793,3,0,172.98163471000157,0,0,0
90.64483164417831,0,2,34.817113968608396,1,0,0
11.367336364613479,22,0,9.14898361578509,0,0,0
1.7057454652931803,8,8,57.434852492288435,0,0,0
240.31175865554863,16,2,70.6917766129641,0,0,0
31.42040359331152,13,7,3.7200026322669966,0,0,0
171.3005607158773,16,5,94.90239730918381,0,0,0
733.9000566875333,0,2,88.39894117741935,1,0,0
23.753569565478998,9,8,31.984212211147312,1,1,0
30.811710768507623,22,7,41.09706415027785,0,0,0
108.72563747276574,15,2,62.4847949875611,0,0,0
336.5308210030412,18,6,56.46617305387075,0,0,0
247.47307783204616,23,4,0.8337111807471747,0,0,0
69.89148216013417,2,1,6.530229927594202,0,0,0
14.588840192740921,2,0,70.46298058275423,0,0,0
379.1496368180414,14,3,28.998386291897532,0,0,0
333.40968525337604,16,3,39.4281572005089,0,0,0
17.880250537994094,17,9,74.071463931184,0,0,0
35.58511759046725,6,4,20.850241951039095,1,0,0
10.553274994126225,18,3,69.0932547048371,0,0,0
31.706639240307894,6,0,29.196639747058846,1,0,0
169.2579275317191,4,6,23.67490139951936,0,0,0
47.532272203556325,7,9,20.25105513876163,0,0,0
9.255065465997541,20,1,167.5415879480936,1,0,0
41.889314923164925,15,9,73.91465185648917,0,1,0
398.3698090905679,15,2,1.020133343646239,0,0,0
99.33974908264565,18,4,157.81323125460892,0,0,0
53.8129927297913,14,7,74.6805349023078,0,0,0
18.216778481419553,6,9,8.077423818415577,1,1,0
428.14067424620237,4,7,3.970460545196044,0,0,0
171.95263050378625,22,1,18.422492243689366,0,0,0
33.055798377540505,10,8,48.9324521493623,0,0,0
7.2644561929960245,9,5,47.926870521750416,0,0,0
12.826317921118049,22,3,29.500204157057397,0,0,0
86.93322051155536,8,2,11.905890126832677,0,0,0
264.17488453732034,0,4,2.5951311135430997,0,0,0
68.66551554436495,19,4,36.383874157752786,0,0,0
185.1162288407666,0,3,21.308228642423312,0,0,0
59.03859558815344,7,6,39.140733071579895,1,0,0
123.30019206786895,2,7,146.4105251527056,0,0,0
19.111656684213845,3,8,0.0981972795099485,0,0,0
44.818900224314376,18,6,3.999705328844557,0,0,0
101.41851785009315,10,6,31.060706085974708,0,0,0
7.332001456471235,4,7,61.36753583357335,0,0,0
44.86965463877523,23,3,43.466016279818795,0,0,0
76.52867110493617,9,9,34.14940866057119,0,0,0
557.9220612486673,23,5,21.844935210787504,1,0,0
64.34689586827807,22,4,18.55131247641854,0,0,0
169.31280315353635,7,0,23.60318148792698,0,0,0
56.57523269022081,12,8,47.29047707443869,0,0,0
159.15524286430596,4,1,9.181357787806297,0,0,0
90.48929382595186,11,5,73.780783773644,0,0,0
217.67936901048702,12,7,42.81310733474415,0,0,0
52.92315658763624,21,2,15.677788248908383,0,0,0
92.71101002803287,7,4,34.772788446158835,0,0,0
99.43027627774298,14,6,164.54368850326037,0,0,0
54.022515544924296,12,3,1.0352196746612763,0,0,0
15.584950631825148,0,4,11.12735151973663,0,0,0
1.6812085040206677,5,3,50.866325327645455,0,0,0
206.7783871103267,10,6,11.927345455815376,0,0,0
26.980929597487556,12,9,133.97601512055274,0,0,0
23.763143226281564,20,6,51.44106852470701,0,0,0
133.19402773500025,19,9,104.9544442258872,0,1,0
38.56861768094852,0,9,19.97300349353848,0,0,0
70.53102363562192,10,3,88.29111843693715,0,0,0
17.73472276656689,10,5,23.758384355458947,0,1,0
321.2538981685402,7,4,14.56789248998827,0,0,0
190.77186192917898,21,0,121.32547570019771,1,0,0
199.3554698484748,2,7,4.8375770656834005,1,0,0
52.217941577306746,18,6,143.1377482696495,0,0,0
143.70034628429897,11,4,30.672014697332294,0,0,0
0.8656361011053939,22,9,38.78239949921282,0,0,0
2.0175087880600957,7,6,70.83523974378596,0,0,0
88.33438344635726,4,9,0.35480672255624246,0,0,0
60.76943437512392,9,2,34.32514711989713,0,0,0
72.98430096471216,21,7,66.86634808394743,0,0,0
0.7491128991723804,15,4,76.35305499714158,0,0,0
54.93700397326482,11,1,8.60164827281219,1,0,0
126.60899436457511,16,1,27.147726201948924,0,0,0
58.46402834969434,5,3,27.15641909926446,0,1,0
131.758656716264,8,6,5.470703148394372,0,0,0
26.529320334016116,9,9,29.26358719067707,0,0,0
167.74063328595236,19,3,82.27734286915627,0,0,0
88.77791779354787,13,8,17.846658693788285,0,0,0
23.668874899555973,13,1,28.332292718093218,0,0,0
27.01309659716003,16,5,162.1567418097297,0,0,0
98.89433220666194,15,3,1.6110831338909515,0,0,0
177.16015710036152,3,5,44.765832674171705,0,0,0
53.721713964212015,1,9,68.01887452710935,0,0,0
29.88110088127895,15,8,71.53999700891394,0,0,0
201.74934245731458,0,9,62.928142119433,0,0,0
110.64477813737864,2,8,64.813806764274,0,0,0
59.43621129648129,22,8,3.041279964433479,0,0,0
66.9235741844113,10,8,38.19314309763624,0,0,0
22.847834095400028,15,2,76.38577043362936,0,0,0
98.5647857367232,17,8,4.939388678560454,0,0,0
44.43242031000813,14,2,0.6061555621268118,1,0,0
543.6471237663443,8,9,84.25168882434052,0,0,0
65.42794436606218,11,2,62.29087503388937,0,0,0
66.53094822375598,17,4,26.568972094495898,0,0,0
83.4369299518789,4,5,141.00199252820425,0,0,0
248.59792622560963,23,8,72.74966978580034,0,0,0
161.35368007096594,7,0,171.88416080664854,0,0,0
59.98937868504367,2,7,132.47627822793942,0,0,0
126.83309540791225,1,3,32.82086324529864,0,0,0
88.24583046410203,18,9,70.26549655463545,0,0,0
67.79966293726646,7,6,55.31076423777843,0,0,0
21.358410474777546,1,5,83.41833258444852,0,0,0
62.35022135159871,18,5,77.48501413535324,0,0,0
28.212233914808728,0,6,8.316424718519343,0,0,0
246.32486841282005,21,3,13.311395504702434,0,0,0
40.85801751399959,12,5,15.44403092754586,0,0,0
304.2069753215484,22,2,85.32458435552249,0,0,0
76.15444225294775,19,4,83.23212755278487,0,0,0
99.84350052052564,16,1,34.19305618166435,0,0,0
78.2941578174541,2,2,43.474205162938574,0,0,0
13.855038611763797,8,8,87.70069014273282,0,0,0
47.1318443648194,4,5,18.741480257526618,0,0,0
10.441220131407041,5,2,2.5740749162275662,0,0,0
97.5388200245351,3,1,32.94660626856747,0,0,0
59.21698082161454,16,4,122.506217736263,0,0,0
150.50102037746925,20,9,78.14400260487469,0,0,0
24.906472205362647,20,4,22.834023153639247,0,0,0
17.980399861983347,20,0,3.348212267205971,0,0,0
52.14354274792677,15,2,50.65653605211244,0,0,0
261.1632224472996,15,6,89.93642358180088,0,0,0
123.93299493894105,21,8,54.67356129854113,0,0,0
54.287307602423695,10,4,27.675754918901497,0,0,0
72.83022826106168,1,3,6.582578782494496,0,0,0
8.797148630394105,16,2,120.82927691098013,0,0,0
417.18238227828516,14,9,16.145316356944306,0,0,0
109.78345053047815,17,8,12.698635980690803,0,0,0
33.6038026752755,9,6,84.6346356037477,0,0,0
88.14265963178634,5,6,198.7479771183465,0,0,0
11.595237416773536,20,7,53.96405608706007,0,0,0
337.6602397473873,15,9,49.01620090316009,0,0,0
19.211130585570828,4,0,19.241293691868133,0,0,0
104.42102379321902,11,3,1.0312342395852754,0,0,0
28.163964810765986,5,4,10.647154284317502,0,0,0
126.4294035716798,13,4,43.905262882841235,0,1,0
149.9782784420787,22,0,8.203445435113702,0,0,0
111.90795072251305,15,2,107.63753156014337,0,0,0
95.3212685863501,6,1,10.421657085429649,0,0,0
222.9976974613263,1,6,36.918154565763125,0,0,0
8.18900164704828,5,4,35.87335082331045,0,0,0
40.184382155851914,8,2,46.31018897498594,0,0,0
28.540131486564867,6,7,19.832756735875982,1,0,0
442.4012812043892,1,0,103.38916857611144,0,0,0
49.3296460640756,18,0,29.37647313682786,0,0,0
131.9057106991787,7,5,60.224243226415005,0,0,0
115.43105249436947,10,0,50.51782769356612,0,0,0
23.836028768413502,3,3,6.23034292889256,0,0,0
27.31188727828521,15,5,48.727696233819174,0,0,0
33.02897764484747,17,0,40.003521163226445,0,0,0
52.954521080300395,12,8,114.43611300925991,0,0,0
26.699756700097925,4,3,106.37978273229582,0,0,0
211.5218424266621,10,8,4.2607484250778604,0,1,0
336.9984551406164,0,5,17.448961545951487,0,0,0
41.7897653461169,12,6,215.67302433244123,0,0,0
41.32556952173689,4,0,1.0904946220030691,0,0,0
0.7117079205984536,17,4,55.8732809890763,0,0,0
114.0217991239729,13,2,46.89024221100902,0,0,0
174.54861596738422,12,9,52.004663108932604,0,0,0
15.85366345000549,6,9,12.313309661125714,0,0,0
17.395626287471565,7,5,12.85553192495853,0,0,0
156.10442552986117,17,3,28.162300652024797,1,0,0
95.78701703549252,6,8,5.038431894584594,0,0,0
4.5897936204990675,19,6,3.8771738229555623,0,0,0
97.43091960868718,16,3,4.62547520974236,1,0,0
36.94963926120576,15,5,42.54612439004613,0,0,0
46.001394149711324,10,1,25.353455822298475,0,0,0
146.8508904809296,18,2,17.37986925759432,0,0,0
166.5665426785749,0,6,18.976666569064832,0,0,0
51.14201785450442,20,3,11.614468975045169,0,0,0
294.0353121782458,7,9,26.50937091452528,0,0,0
52.16552496383981,0,6,11.34867312851223,1,0,0
147.76907647600527,8,8,59.87403655874854,0,0,0
66.14106824130387,18,4,6.615607533190647,0,0,0
227.82079108498857,20,0,148.05889517867936,0,0,0
275.661035986097,9,1,89.57646624178737,0,0,0
174.6030222148782,23,7,57.083106996805576,0,0,0
156.6908804562153,22,1,121.69261286908844,1,0,0
22.42833752737028,10,8,7.4957461215361345,0,0,0
163.5367234301898,0,1,9.69834147822567,0,0,0
189.80052745393985,19,2,14.527816094856846,0,0,0
34.129431239945184,7,7,14.039396373184484,0,0,0
304.1987299512342,19,5,18.614690792569064,0,0,0
5.114609090584548,11,0,42.857583974735164,0,0,0
16.241217431059464,0,3,1.428853696938392,1,0,0
77.12841710448313,9,4,24.085400556598273,0,0,0
85.75324885939447,3,2,14.143691058248603,0,0,0
103.60603487607946,14,0,46.65021239628715,1,0,0
1.7114754765994378,18,2,210.55290080318775,0,0,0
322.80874878124837,5,8,36.45474246565857,0,0,0
4.561271498288456,4,1,27.72888345269735,0,0,0
15.438965322309528,4,0,22.962565767317468,0,0,0
1.411364814515434,17,6,76.8440543743381,1,0,0
83.66906605206098,2,6,3.7351499308437246,0,0,0
269.2180059445733,21,4,160.65775405372025,0,0,0
109.64561131275943,1,1,27.057187591762432,0,0,0
172.96722101825023,3,0,18.822074332985213,0,0,0
1.3370187395304687,17,4,182.61410201652987,0,0,0
78.09194982199996,8,9,137.34906114070137,0,1,0
61.537716581552125,18,3,51.35191711832287,1,0,0
69.10851963529035,9,8,0.9340389575300841,0,0,0
7.49532981636098,21,4,69.02256847586963,0,0,0
115.33917402336509,14,9,20.44033926802386,0,0,0
69.96088419178135,0,1,24.574049744389534,0,0,0
144.880336918778,10,3,8.6428520862542,0,0,0
66.41528756009293,13,8,37.05997965256855,0,0,0
16.179170719559096,9,7,68.23693732565293,0,0,0
104.48543531271235,18,2,15.94220473392225,0,0,0
18.920885439824715,23,7,139.6256208066054,0,0,0
205.881230204191,20,1,10.829308401331078,1,0,0
94.96309904213051,15,2,3.4279879393917376,0,0,0
17.103020498506684,7,4,51.692359349922135,0,0,0
327.9105176658682,1,9,94.62942401065675,0,0,0
73.05696752151296,22,9,153.02192369879378,0,0,0
7.569217450936599,6,7,72.87255228023984,1,0,0
29.19564037548615,6,3,190.0714760914711,0,0,0
162.80778205245576,14,0,125.93509202908481,0,0,0
170.27714516941884,7,0,8.90656278480235,0,0,0
386.0729114137212,13,4,40.91124340867158,1,0,0
69.6893250375225,0,5,40.542221412046246,0,0,0
60.68903676830766,12,0,29.21775799443672,0,0,0
140.02943266900158,2,5,207.64530588396687,0,0,0
14.21059421907458,20,4,3.073680455408175,0,0,0
79.16766671208309,5,3,49.336854624793716,0,0,0
79.02036044492414,18,9,11.48975762976463,0,0,0
9.373186109627053,14,4,37.46801785891215,0,0,0
54.12574871347138,3,7,75.64750581177458,0,0,0
191.9261976619523,20,8,14.16636528925807,0,0,0
193.90093682703647,2,1,24.990949850081286,0,0,0
10.45138352147615,3,5,150.56064845932383,0,0,0
9.510317225448016,4,2,71.6652603819784,0,0,0
30.47542794630119,17,1,42.51615979821716,0,0,0
207.75717911851802,9,0,12.551269861723394,0,0,0
13.800146575840962,7,3,27.695828746617323,0,1,0
127.2954256690394,11,7,74.37458198772022,0,0,0
97.5875818212531,2,4,14.025803692524697,0,0,0
44.0161060076273,17,9,54.244376834795794,0,0,0
155.54894701613512,22,4,4.9911820750689015,0,0,0
26.616907706852942,7,4,1.174297801501628,0,0,0
101.94365611778085,0,8,39.77825964073598,0,0,0
26.87720454647362,13,7,12.704619079164504,0,0,0
125.057635177767,21,7,4.109986644648064,0,0,0
206.89213499470281,22,0,65.43488219514026,0,0,0
13.559271469184237,12,0,34.45522698920185,0,0,0
201.4370826648837,11,1,79.54970523852285,0,0,0
90.03564948429715,2,7,54.5239089727994,0,1,0
13.594629571954329,17,9,65.4305568031956,0,0,0
55.78156560250175,20,0,18.36228672678067,0,0,0
120.51331067717732,14,8,45.92401787969914,0,0,0
142.24113350374884,9,1,11.162311604165248,0,0,0
11.182192374809164,0,2,84.48147954383393,0,0,0
70.5502904496064,5,5,37.003572072800814,0,1,0
168.53747807542533,8,9,12.873160317492651,0,0,0
275.14229703182406,9,2,49.0638986609002,0,0,0
72.05551030906233,14,3,145.05360168539696,1,1,0
76.72006290284821,22,8,5.78991823235691,0,0,0
50.11896898549628,13,9,92.8434346555419,0,0,0
188.52120239358592,10,4,5.8038743659455765,0,0,0
67.92101743118283,6,6,2.008577459086286,0,0,0
63.847437323723035,23,8,21.38021259677389,0,0,0
67.39574653890303,1,7,31.434109817707174,0,0,0
187.59131274448927,13,6,42.133944826109435,0,0,0
178.34433939625092,5,7,35.39276407261613,0,0,0
51.67095542509633,4,4,122.19854117841429,0,0,0
40.54148991744415,4,4,73.19509024105113,1,0,0
67.71321564776775,18,4,206.16886575528,0,0,0
85.04386435401979,18,0,32.35665504323369,0,0,0
27.22513548749383,5,5,4.404940756675631,0,0,0
157.96610985976002,9,4,155.64774662327167,0,0,0
66.64716878250678,22,7,0.20608219528210603,0,0,0
40.653400180148076,13,7,74.8268976113304,1,0,0
11.29682623868175,16,1,1.5890881441792966,0,0,0
27.29184732281616,2,5,71.60941620343864,0,0,0
298.1458071564506,0,9,138.98182687072585,0,0,0
18.495617158605896,2,5,13.785359666515786,0,0,0
61.743282668775464,4,2,12.827206630331855,0,0,0
36.68519016038897,18,0,33.83590836058195,0,0,0
3.5792217449236685,9,6,9.369943372840702,0,1,0
39.02985302298053,15,9,55.878079498460885,0,0,0
78.55007082379247,0,4,22.971178399155104,1,0,0
80.23202258370031,5,9,19.51228754562113,0,0,0
44.09248197386067,8,4,30.928483727967166,0,0,0
59.294490704263616,4,7,39.108483736144656,0,0,0
336.73154589873474,13,4,7.65349516892574,0,0,0
47.3768270190911,9,4,61.50957034764812,0,0,0
29.87117607918307,1,0,107.25646544032269,0,1,0
27.900918301027676,4,1,16.285600932424686,0,0,0
61.205507791698146,0,4,9.946388096705554,0,0,0
142.51189713947633,9,6,71.4612254198104,0,0,0
23.0656936471009,21,2,10.138973431565782,0,0,0
123.54501489768732,8,0,2.106515435077582,0,0,0
2.1376685292130952,2,1,48.27972407053856,0,0,0
54.288917247334965,14,2,13.705490768662912,0,0,0
149.55070210020511,3,8,9.425658804181339,0,0,0
41.3597520375362,12,7,199.7776815846446,0,0,0
82.95102390152555,5,3,17.256025102840315,0,0,0
22.938704243742595,19,7,116.88123885425412,0,0,0
135.4777830368031,16,8,9.814052894885974,0,0,0
5.3695232805810695,22,2,85.45659567501617,0,0,0
191.42162628048735,4,5,34.85965501816673,0,0,0
22.08915719513446,14,7,4.092767469601184,0,0,0
207.4637353958813,7,9,66.13881057738827,1,0,0
43.4681646737881,4,6,111.31518253237502,0,0,0
128.2596094340716,23,8,8.897575389266779,0,0,0
38.45238613237647,12,6,64.65664118816437,0,0,0
236.35212702069532,0,0,29.44408993369443,0,0,0
13.54041457248623,0,8,70.0948634442027,0,1,0
19.66474309886321,6,4,62.57557852345822,0,0,0
67.93036956154765,21,5,1.3480209171827506,0,0,0
8.549083073875872,4,1,9.844622078824788,0,0,0
21.81313642135448,13,1,31.840917368837378,0,0,0
287.82405196407154,14,3,135.59852269715458,0,0,0
375.03150034284187,20,3,20.933099514705027,0,0,0
47.202058887062314,16,4,49.56061120307294,0,0,0
256.7671331856038,23,6,0.6078673746626491,0,0,0
78.70726060607684,17,0,62.0883931119084,0,0,0
31.43580205799249,6,9,46.19954797800268,0,0,0
121.20006785882092,21,3,62.83260673312371,0,0,0
107.5584885891871,17,8,117.51561295540387,0,0,0
452.1318045769716,18,7,7.920424336999946,0,0,0
30.79491184502587,19,2,15.162775298976063,0,0,0
111.49230976089497,6,5,273.4065793768513,0,0,0
5.342583508901313,7,8,8.496964236392774,0,0,0
12.06389033008978,12,7,63.76037479180816,0,0,0
0.3926071895142886,17,6,64.56301288212947,0,0,0
752.5203436032187,23,6,57.441688866797335,0,0,0
162.0871513383434,10,0,12.90231830656428,0,0,0
154.51635577488867,8,4,12.112117847432938,0,0,0
71.2791014052415,22,6,54.881798476357424,0,0,0
33.50179290243876,7,1,33.9157148873885,0,0,0
47.155879297284145,20,2,24.4392545056834,0,0,0
141.1858751217078,11,0,17.850346336084925,0,0,0
77.57938181417403,1,2,147.42042903795368,0,0,0
8.06501542336196,14,6,35.47334709383314,0,0,0
1.819351175536264,20,4,41.19149885857614,0,0,0
10.795518950794378,23,3,149.04817817771874,0,0,0
52.847837698398656,17,7,53.048099739829894,0,0,0
101.44618235122162,14,0,5.622990613597464,0,0,0
62.80611740158921,19,8,20.429596678516745,0,0,0
44.88937519811549,8,1,83.16502129315172,0,0,0
11.473809550171604,2,1,96.77108574260554,0,0,0
208.69337155425404,19,7,15.837551249586312,0,0,0
152.85956584578503,18,5,26.282634887931277,0,0,0
18.40647924639988,17,2,64.73397809884825,0,0,0
71.79739580963648,19,1,5.215588339192988,0,0,0
98.10734233162786,0,7,5.853266753832824,0,0,0
292.2238235371163,23,5,122.93606428877865,0,0,0
86.69565294405699,23,2,16.171631679539434,0,0,0
77.70012201607432,14,8,42.85386666440791,0,0,0
5.163328158155663,18,7,6.2301966380475795,0,0,0
6.497325670727882,9,9,15.700833853946387,0,0,0
20.745081803342398,11,5,25.871959218537672,0,0,0
3.300964439678932,5,0,33.37873572678223,0,0,0
136.00532722136845,12,1,0.0033749962321544605,0,0,0
128.49309175001372,3,3,109.75643183896074,0,0,0
14.624759844401153,12,1,0.3852206235753882,0,0,0
180.83700693350846,16,2,74.29127569426817,0,0,0
35.835576572479766,4,8,37.10427039915452,0,0,0
28.63188675863776,23,5,11.676457227008004,0,0,0
46.57042425851867,16,3,46.74416924330597,0,0,0
29.391984146417467,17,1,38.52646170576914,0,0,0
52.32489435508994,15,9,13.598245262044365,0,0,0
431.02263525110465,7,6,3.4623395974828193,0,0,0
5.755109694799061,11,9,3.42912486132007,0,0,0
15.336259623197112,13,8,0.6935776308124189,0,0,0
5.427235254511537,18,4,12.453482693291452,1,0,0
98.30749593433282,10,9,56.918808939705514,0,0,0
5.6051203109151775,11,3,19.00561529471879,0,0,0
181.05737778139797,12,9,20.983344120118186,0,0,0
74.86760102428195,0,1,42.838708852324125,0,0,0
82.46110153980523,8,1,20.938433585539336,0,0,0
18.731042811116804,1,8,56.399501495077565,0,0,0
22.026058993695663,13,6,67.6351401839332,0,0,0
38.39247604538331,12,6,43.93684864090454,1,0,0
90.01625328667255,15,4,16.152996826478,0,0,0
23.58714281037408,1,6,35.52563453440994,0,0,0
12.367354370907597,3,8,14.512989908847922,0,0,0
2.2227014856001657,15,4,72.70420142648283,0,0,0
162.30167151835852,9,8,33.96279621924847,1,0,0
155.13348179386242,2,0,168.27772495748349,0,0,0
35.2703005177472,3,2,39.56617232372012,0,1,0
14.575044613225282,5,6,19.914704840752186,0,0,0
15.738933978565647,22,3,5.016841155382405,0,0,0
119.54479683386386,4,1,39.235241425827944,0,0,0
102.9477882238987,17,2,98.45465449349709,0,0,0
152.66866036488426,2,6,100.76467789827215,0,0,0
277.22875259896006,9,7,46.38870402864408,0,0,0
117.74196902628968,10,8,24.99744643888594,0,0,0
16.942689529567183,18,5,52.53345388035125,0,0,0
27.89768950487199,13,9,71.8037252152424,1,0,0
184.63871430522528,20,8,26.519520640897127,0,0,0
23.484433405544213,10,3,32.33743840461832,0,0,0
7.528654619647609,20,4,57.068105039562546,0,1,0
51.50451057562609,23,8,78.27353422166844,1,0,0
252.62294265025247,21,8,1.1322931083572363,1,0,0
105.0551164737262,5,8,6.640716419375066,1,0,0
9.477120065051476,16,2,95.7907425958318,0,0,0
295.3757035544998,21,9,89.73503794263807,0,0,0
29.91573471431959,18,9,24.617106963751578,0,0,0
41.130083851720286,12,9,43.886916228901796,0,0,0
5.258285857531575,9,2,121.27080045591549,0,0,0
68.62021973434834,10,5,76.41429388247141,0,0,0
13.161151228938673,5,4,11.760106882806163,0,0,0
51.24441440107728,1,7,65.51906517855122,0,0,0
43.18754942649553,0,2,5.329087071809191,0,0,0
148.21010312317478,10,0,112.18678910765037,0,0,0
162.54174663241878,15,8,8.07590115086874,0,0,0
16.654216762942927,2,9,54.2870697729998,1,0,0
45.657608339984016,4,8,47.11162573122214,0,0,0
46.73721522712177,14,2,75.0066817547819,0,0,0
16.41796535440489,14,1,40.1009707945172,0,0,0
160.17351800499128,3,3,3.070720998080568,0,1,0
122.83622513549935,22,7,61.182635145185,0,1,0
21.11924835392398,3,5,24.156839350031753,0,0,0
45.68456303954297,7,9,19.304084405347663,0,0,0
11.18314345857824,6,0,239.41590140549675,0,0,0
98.94169475129024,16,7,44.62868169348094,0,0,0
12.939359319186039,14,4,62.01784991035151,0,0,0
426.4006729289723,4,5,37.361812335537145,0,1,0
151.7232888129288,12,4,73.4778523242821,0,0,0
49.46874631923914,3,9,69.73099320704665,0,0,0
86.40871910500847,21,4,53.52254579068559,0,0,0
242.2966935059001,16,2,304.6873002583373,0,0,0
80.7658953525891,21,3,30.79019341041418,0,0,0
19.17641820657373,16,4,61.24149858338986,1,0,0
47.59466228302757,13,1,79.91944956086549,0,0,0
185.24326067859863,13,5,23.58302682550161,0,0,0
103.34230867400068,16,1,30.548417268098703,0,0,0
105.1893938749553,7,3,173.95891869132512,0,0,0
224.40620422850012,12,3,20.420646480461215,0,0,0
252.31391471947111,21,6,33.29732114994031,1,0,0
9.965371187533156,15,7,0.07330336103739278,0,0,0
78.55388277457018,15,1,114.69469902157978,0,0,0
134.90352676786702,5,2,16.860733622776266,0,0,0
141.43928320876785,21,0,14.900415726238538,0,0,0
93.3223795333167,23,6,85.83061342580011,0,0,0
18.246636949921733,3,3,16.28534555690784,0,0,0
159.6623143161346,2,9,53.5920811877581,0,0,0
127.33633745807947,5,7,86.15921454068412,0,0,0
9.007326511467504,3,4,78.6256184118129,0,0,0
62.326637612765786,17,8,76.15171333055798,0,0,0
19.11331444817253,5,5,4.640731157475732,0,0,0
41.17000737415674,4,9,4.1607641588345645,0,0,0
1.8246552658334125,8,1,18.319674803787507,0,0,0
51.13755556354032,10,0,1.8304960341849899,0,0,0
79.82342250726595,5,0,34.70035115785958,0,1,0
108.91284382694685,18,0,40.712200198659794,0,0,0
180.966673005368,10,2,17.747289038007796,0,0,0
24.26614259328374,20,1,33.252676730621445,1,0,0
12.838104695496519,14,3,20.379225061225913,0,0,0
190.74206678845616,23,0,10.858576731832636,0,0,0
17.032913210886143,8,0,52.400713858823764,0,0,0
367.9328463826016,23,3,55.956451473508096,0,0,0
184.85725765198075,18,3,88.37237847930018,0,0,0
69.49019310135928,18,6,103.87288879373962,0,0,0
398.5746239712025,23,7,60.94787656083206,0,0,0
10.24500098564475,8,7,58.157234362823104,0,0,0
36.106422156098716,22,7,2.917255814220236,0,0,0
101.67311904444863,3,8,5.814290185409045,0,0,0
43.07934830300976,9,0,83.71554724661749,0,0,0
263.62769262526496,8,8,13.26024677331808,0,0,0
6.78785870087861,18,9,21.96907042526613,0,0,0
79.72015097862858,14,7,7.850082630631883,1,0,0
89.37132017998029,18,0,10.85509001116639,0,0,0
105.76473008502889,1,6,74.67554888454522,0,0,0
29.526572019694036,9,8,15.181062750604562,0,0,0
45.34477217780776,18,3,29.804196574374963,0,0,0
185.58534790312865,16,8,8.224359324575548,0,0,0
21.68419096436577,19,0,56.64930374394653,1,0,0
175.3700086927875,23,8,65.14726871620641,0,0,0
143.6272777997175,1,3,76.79697772422105,0,0,0
125.0391564420102,18,4,13.715701341302628,0,0,0
23.2577278553416,16,6,58.86717043372135,0,1,0
84.12127970078872,17,9,65.46010743314258,0,0,0
202.2858225481982,16,3,173.13881878821098,0,0,0
56.58385234599873,1,7,13.21922342244141,0,0,0
339.89230765552594,18,2,4.9198232767688514,0,0,0
60.18725875234385,0,1,15.260772537812429,0,0,0
15.40672594193694,10,0,6.554558424428296,0,0,0
49.3369997015077,9,5,9.29806714897489,0,0,0
303.03735413150065,4,1,20.331878147438104,0,0,0
38.52520493738068,15,7,26.7209849476502,0,0,0
202.5697268386226,23,9,117.02692786304176,0,0,0
213.0740576562935,4,3,10.883911390745613,0,0,0
43.106991778420934,23,8,178.34898018007863,1,0,0
8.692882554323832,22,3,83.07689499928468,1,0,0
128.9377869067298,11,3,106.63004560247111,0,0,0
37.325782446460984,3,7,132.56742064099802,1,0,0
152.75059793523485,22,7,69.96719630458007,0,0,0
58.457056895608595,5,4,77.74271187359575,0,1,0
66.41064587952707,18,2,28.79650828476617,0,0,0
150.46699026416272,8,1,35.71345782767604,0,0,0
48.18549087530512,11,8,134.7705902326542,0,0,0
58.54186923446787,14,8,23.76133521346376,1,0,0
47.19101956202916,15,4,2.142612760698957,0,0,0
45.782294040562824,12,7,71.93296631386849,0,0,0
74.64352566790663,20,6,42.567010685347526,0,0,0
165.4432373040347,23,2,84.33646023755149,0,0,0
44.90539141026324,6,4,3.9278841515265137,1,0,0
74.2872695162486,22,8,48.54156866950569,0,0,0
111.08690734334094,19,3,14.231396254959943,0,0,0
31.394315773425763,3,2,116.79085783503955,0,0,0
32.506942337244354,10,6,5.821631503701828,0,0,0
270.92478233173114,7,7,92.59753992757592,0,0,0
128.5669505009907,5,4,4.63616030386751,0,0,0
86.08245122926813,9,7,1.270883238080242,0,0,0
104.33291195260188,6,4,13.39785672513253,1,0,0
2.973724455794852,6,8,20.251600664864426,0,0,0
96.26042500641286,3,6,49.24571551699833,0,0,0
71.234809030182,2,4,7.062316524975293,0,0,0
78.91068667626502,23,8,28.753092515832073,0,1,0
8.49849563452771,3,7,96.65578001608995,0,0,0
21.4852062921371,12,3,2.300443445414728,0,0,0
301.0738571189603,19,8,21.997992993203585,1,0,0
52.54310358730866,16,5,49.89864580023677,0,0,0
62.86395770831904,6,5,122.14306075671321,0,0,0
5.414978063461413,16,2,101.24517647802962,1,0,0
3.829002510353262,3,2,112.78125847619506,0,0,0
77.23953095904596,2,0,91.91842804430652,0,0,0
71.07125202527044,10,5,75.68652206532109,1,0,0
27.855654425901072,2,0,116.36010567583317,0,0,0
136.55146882682956,11,3,18.667537000910478,0,0,0
18.420722848603805,0,6,121.3876386861585,0,0,0
21.064047117925078,3,5,25.761857436311054,0,0,0
61.750584568331654,13,7,50.2697173751698,1,0,0
33.726435722263346,0,3,27.59792076009325,0,0,0
28.43050891945535,13,8,27.900092222277976,0,0,0
103.63071349461799,12,9,39.553109567074415,0,0,0
105.2602400797549,12,7,21.997137720823147,0,0,0
174.0213504623909,23,4,78.688336655405,0,0,0
54.078421254846766,14,5,50.20676853494276,0,0,0
7.589350945912951,16,4,58.5197712851521,0,0,0
31.974584480500134,11,5,13.135478218246604,1,0,0
391.22962025839365,21,0,174.6250060937758,0,0,0
90.69806436372656,22,3,53.96638650863842,0,0,0
123.69681625845128,13,8,10.982225538289372,0,0,0
0.7385031969425602,11,3,69.41286301153019,0,0,0
73.02380863036913,17,1,9.540722166144942,0,0,0
3.8250987322470085,3,5,3.274142813390545,0,0,0
84.21814663621309,13,1,37.4915273075122,1,0,0
253.5410987728715,18,2,40.3184764422294,1,0,0
345.5203737297697,12,6,10.472238892054982,0,0,0
77.77309800773882,22,3,21.414604446072325,0,0,0
61.286721842218164,17,0,145.7254015272132,1,0,0
290.07329465774734,10,8,16.77386283502151,0,0,0
111.96617788847722,5,5,8.454556947733991,0,0,0
6.710103307627977,8,8,245.0573863141142,0,0,0
62.684567252399994,11,2,17.998700162807104,0,0,0
27.475929039765358,18,4,57.01136630726582,0,0,0
63.450913576148736,13,8,13.169651466784712,1,1,0
60.782410996951384,14,5,39.938852956456216,1,0,0
87.26203246911184,10,1,24.410985895353626,0,1,0
44.12536827376751,5,0,162.95789455982273,1,0,0
17.945022237007116,13,8,28.352683046189597,1,0,0
70.06138561116622,2,0,43.87444091902543,0,0,0
177.31509919733244,18,4,144.80906936812946,0,0,0
109.06805127395165,19,0,226.56950594854632,0,0,0
41.30455662061055,10,4,5.360242102743217,0,0,0
274.1447060897155,23,4,89.88506798003706,0,0,0
23.48978625844537,16,6,45.172267682613864,1,0,0
4.021549631119338,22,9,23.504027926655503,1,0,0
135.21198523233414,2,0,25.63438495553517,0,0,0
175.79974431107007,13,8,8.649711750122574,0,0,0
343.7795993212773,6,0,42.52122397511212,0,0,0
220.57886916943295,18,4,39.56181495593613,0,0,0
91.76285468657426,2,6,10.496301231256735,0,0,0
2.823596038323611,16,1,180.78494905546134,0,0,0
28.32339093406837,8,0,62.65965732484611,0,0,0
61.54729710720278,21,3,32.790889624760226,1,0,0
99.02169130855343,5,3,123.89694043251527,0,0,0
81.47541430808121,23,9,42.82030230541589,0,0,0
135.72638136490335,20,5,7.254063172430455,0,0,0
32.81804122525437,8,0,39.64944186009775,0,1,0
83.23003059024983,4,0,9.98191847483665,0,0,0
9.227126970243187,1,2,72.94429329946243,0,0,0
53.38648733691773,21,4,170.82704614470808,0,0,0
138.6937899965005,14,5,22.37834798225341,0,0,0
118.22140960742074,8,4,28.53921067430421,0,0,0
32.557935642692975,9,8,16.794618544434112,0,0,0
68.95323203947224,3,1,79.03765539665099,0,0,0
39.977693713109666,9,0,48.08118761591578,0,0,0
194.45619673465356,21,8,91.25743744164029,0,0,0
115.26749147124843,12,6,10.356635036366658,1,0,0
214.08165714363392,6,7,193.52285248767217,0,0,0
22.754209615977768,6,4,23.633409923172795,0,0,0
206.64156903706217,3,9,47.914218430990736,0,0,0
6.162253588162448,14,3,4.050938550288612,0,0,0
219.46214922382921,11,5,21.130304549888308,0,0,0
39.909610254281986,15,2,81.06387557515178,0,0,0
37.773462683026224,5,0,32.42862702899328,0,0,0
71.76213992322657,8,3,117.48566081655491,0,0,0
282.49805182559135,2,8,42.799595338633246,0,0,0
4.896061161024741,7,3,131.95340326066767,0,0,0
43.42210891811812,6,0,202.59273017255902,1,0,0
194.19220329561003,3,3,30.24716037230161,0,0,0
50.4271279544665,12,6,41.63846248233935,0,0,0
22.209022825010862,18,2,90.06644853543149,0,0,0
55.302735672140955,6,9,12.521434246386182,0,0,0
48.70317913667741,9,5,98.89104710108182,0,0,0
247.00125374083308,11,0,44.814619468100524,0,0,0
143.52089111459304,2,3,64.64022556183866,0,0,0
70.3430989613681,23,2,4.1611475253985635,0,0,0
445.4216042922717,11,0,72.66182757458421,0,0,0
62.60074167319419,18,2,18.61023868000412,0,0,0
6.000251061428592,14,3,81.79737968749141,0,0,0
57.282600022070454,11,5,16.052590679266146,0,0,0
17.06728165552316,19,1,152.6253937038021,0,0,0
294.81833808536817,5,1,72.42176611359123,0,0,0
145.60685283865175,9,5,212.32611803078396,0,0,0
31.236719232151223,1,4,22.664791134790256,0,0,0
89.3562323944327,23,0,52.37974939784903,0,0,0
127.81546765266114,12,2,47.284519613926484,0,0,0
283.49566541541907,6,4,58.166619885596816,0,0,0
213.3985158334065,7,1,1.9534976600559029,0,0,0
72.40028091621411,22,0,17.245741432332043,0,0,0
149.01121553535597,15,8,120.03061360997695,0,0,0
82.58669114197816,10,4,27.566763116936354,1,0,0
80.4534465307152,3,1,161.7549341883603,0,0,0
12.187610397398966,16,9,12.008329518492502,0,0,0
13.483241918254759,15,3,298.07535880924246,0,0,0
75.40307678277604,18,2,59.797075246095275,0,0,0
31.31524322137328,22,6,74.8933564385442,0,0,0
2.126133119727267,10,0,25.280394011681455,0,0,0
128.31574498797454,6,9,118.76215575124918,0,1,0
3.3026000623942626,12,3,39.42378713210958,0,0,0
90.45520038896954,18,6,57.11855147056591,0,0,0
77.47777020854885,16,9,4.980425142162717,0,0,0
66.20616595849093,12,3,105.63088710521002,0,0,0
6.5714077302693426,11,3,9.817975158690711,0,0,0
80.22657885790044,6,1,66.91826354695618,0,0,0
183.94561063975755,0,7,1.286446367429405,0,0,0
576.0125639712095,0,3,130.32187115209945,0,0,0
56.2721158567536,19,1,203.48391271211267,0,0,0
38.610190454554534,22,8,21.861727761429876,0,0,0
237.14347277969924,13,9,5.662569998738322,0,0,0
21.225570100556997,14,6,53.73156253199928,0,0,0
95.56266307466659,10,2,1.514430903212004,0,0,0
4.195009408073032,8,0,15.857547296320112,1,0,0
30.819574308300567,3,3,0.9222287450022512,0,0,0
115.86526344019272,19,3,2.649588539679218,0,0,0
297.1830172202007,18,3,0.8052409024011853,0,0,0
31.203923073071348,6,8,48.26510396882457,0,0,0
166.84765942617597,0,5,41.059587545264954,0,0,0
5.69511826603641,8,2,13.273724715967786,0,0,0
77.24523487022353,12,5,52.013838322676406,0,1,0
7.316233417478717,23,1,107.79766916468812,0,0,0
145.39364905157763,1,6,89.18772211974714,0,0,0
107.27980941774217,23,2,54.310841933601765,0,1,0
173.66827164148867,14,6,1.720279270500866,0,1,0
104.27608159525663,16,2,23.51217456687212,0,0,0
347.19760416085126,12,1,35.43916102509087,0,0,0
125.16164435330732,6,3,65.78232511888913,0,0,0
258.57256216489145,8,3,16.9228493244799,0,0,0
72.80117309645198,11,2,202.93952292615333,0,0,0
12.450302892333251,2,8,57.68612826655073,0,0,0
75.11528927398088,22,5,23.325580844354477,0,1,0
13.567406142994551,21,4,5.103022735858347,0,0,0
89.76983444081587,14,5,10.006016585775019,1,0,0
65.87323443241401,6,7,33.433242680015205,0,0,0
97.43844595999843,22,4,34.129688704262854,0,0,0
1.0097792590495576,0,3,72.99032104321816,0,0,0
21.671487418012994,13,6,64.76359996634895,0,0,0
67.59566518485816,18,4,11.236805846058036,0,0,0
300.58545632917645,15,3,45.188055393937844,0,0,0
48.38738420213381,9,4,1.0418699622901622,0,0,0
55.22937055209992,0,3,25.420377432070413,0,0,0
125.42003125027057,4,7,72.21847540201946,0,0,0
92.58178644358017,2,7,25.500347389229255,0,0,0
35.51420481359635,16,0,90.27149621837563,0,1,0
52.901742160946355,17,2,186.80964472193838,0,0,0
24.551672317395816,20,3,46.72433936408625,0,0,0
338.2026104514031,18,1,7.8329288853959715,0,0,0
13.999150751418268,21,4,23.87576520072016,0,0,0
46.495524909413156,21,7,0.47643042048192746,0,0,0
2.6178662741660266,17,1,46.156443416505475,0,0,0
25.074536557093897,15,8,86.17752551868043,1,0,0
151.6271567093185,1,6,49.70451687997633,0,0,0
22.461367177303472,14,5,77.1091142636022,0,0,0
8.345052710620731,12,7,80.44788320756015,0,0,0
64.33159962391616,12,1,95.194669037148,0,0,0
1.0019260310612232,15,4,15.507549801775426,0,0,0
8.857567742582315,7,3,102.5013308177231,0,0,0
164.83132069787294,10,7,53.07941063468489,0,0,0
147.61024227580853,7,0,17.105192181317705,0,0,0
246.6738538820195,21,2,218.28686150269925,0,0,0
192.76852867320713,9,9,149.96934089535915,0,0,0
114.9407485778765,22,7,42.717582035959694,0,0,0
5.375195367858118,0,4,92.64188030820723,0,0,0
152.71605556957812,11,3,15.15633571176982,0,0,0
186.7631158170628,8,5,26.89588242608709,0,0,0
160.48591398903224,4,4,10.165315884262986,0,0,0
71.0250685793965,8,2,36.70915183789561,0,0,0
26.51405049034529,15,4,34.25909241792871,1,0,0
186.64613067505317,17,3,11.964486732877567,0,0,0
129.88800343725944,7,0,55.85944253304419,1,0,0
395.0824874529127,22,0,6.2662745530273805,0,0,0
16.92386300301006,10,6,3.183822032172793,0,0,0
25.575014403376578,19,3,24.29892503064029,0,0,0
157.28156088659847,3,5,19.264054627963482,0,0,0
6.898554632446562,9,7,20.683156891377656,1,0,0
654.3672451233795,23,8,8.919001179713028,0,0,0
2.5130350114741575,12,2,25.82981788448628,0,0,0
180.32900525854967,19,6,117.4856031485604,0,0,0
45.47081502536261,13,4,12.707650740627962,0,0,0
184.27294038461076,20,2,57.67208153607214,0,0,0
80.8828531528699,1,4,7.645002882271708,0,0,0
260.63015168590937,6,6,19.369579665733067,0,0,0
0.9139822497407573,18,6,138.25436196909556,0,0,0
7.840723644484236,16,8,27.929245855926972,0,0,0
28.816049297110307,15,7,58.634357833174114,0,0,0
110.6590277448723,12,3,46.12333934640772,0,0,0
219.16896917184872,23,4,7.601068479188103,0,0,0
61.607864759749766,23,4,140.2890374821207,0,0,0
93.38772630256832,21,9,21.22240439732172,0,0,0
20.88707106295546,22,1,2.289546995760568,0,0,0
163.45856522227817,17,6,17.865450591878517,0,0,0
342.12402452289314,20,6,20.446083197184613,0,0,0
31.2793314305106,11,8,4.866604129471835,0,0,0
9.005175116264825,0,3,21.29085603837073,0,0,0
81.90203301584211,14,4,49.59580512545121,0,0,0
15.599494428554046,5,9,201.00379876547714,1,0,0
58.35149851435857,13,6,9.347594525808953,0,0,0
40.662275605389716,22,9,53.84219542843237,0,0,0
73.779079171612,5,7,62.90109167985097,0,0,0
88.10547149463605,0,7,9.4134614439164,0,0,0
0.8531871735415614,19,1,5.9229790913681475,1,0,0
143.13167606257016,5,8,8.277776284925796,0,0,0
124.83228618901174,7,3,14.172436010261558,0,0,0
45.615813985757796,14,0,9.210093252877938,1,1,0
5.438853820967644,13,0,56.042806990677185,0,0,0
140.62217585225417,15,4,27.308238321449736,0,0,0
310.4992839600694,19,6,38.586969774508724,0,0,0
39.08592159756124,15,2,98.75370266177885,0,0,0
20.311164819812078,18,6,9.350921685935276,0,0,0
86.02321026954752,23,0,22.32625744288752,0,0,0
16.823097059608422,0,0,3.7308780123869623,0,0,0
44.03577526770249,3,1,7.355045584836399,0,0,0
119.40654246732532,23,0,54.80069486698208,0,0,0
82.12441845663423,9,8,58.97815829669144,0,0,0
48.851399685243926,19,3,56.499805136171474,0,0,0
54.515761601196154,17,6,40.163371160164644,0,0,0
82.57895573292909,1,4,152.37408782204432,0,0,0
0.5881992940075647,3,6,35.38027609968882,0,0,0
8.176321104909192,14,6,29.83842670633081,0,0,0
213.0802777432289,3,0,14.220741832025546,0,0,0
8.107881576375627,15,0,5.204151558691725,0,1,0
252.6205809496616,17,9,18.908807108553972,0,0,0
31.564762782648636,6,1,37.119537610154715,0,1,0
46.28158228253819,14,6,11.54109008011354,0,0,0
84.14648524741814,21,2,91.06126950140532,1,0,0
213.4607331993112,10,6,405.12349680405066,0,0,0
284.5685786020836,18,8,19.460165794149475,0,0,0
134.53952423210583,7,0,92.36179311150103,0,1,0
9.060301285840527,23,2,103.17295181084019,0,0,0
110.61027387808258,0,5,277.00401892158084,0,0,0
52.81476574635663,2,8,20.98226845645205,1,0,0
63.62017884461855,4,4,70.53783572248969,0,0,0
5.039726472645016,17,2,12.990960530046278,0,0,0
21.203317494335383,11,7,49.01427021849635,0,0,0
156.30964941573578,11,4,61.01232010928649,1,0,0
60.50609087312271,20,5,67.56966601178536,0,0,0
35.90523987477106,18,1,11.60745956830811,0,0,0
48.45392801568471,8,3,94.43298388665919,0,0,0
192.68888006817326,10,0,27.320210111589837,0,0,0
138.22984251367282,16,3,12.19088466903219,1,0,0
31.78875625462011,15,0,39.102317465046,0,0,0
12.499857540334466,3,3,99.51922710937828,0,0,0
29.034992352929844,9,1,170.69576023842947,0,0,0
253.52292708595755,21,5,68.95756105552086,0,0,0
87.12906884079192,14,5,0.2819377103362911,0,0,0
76.24548346102644,18,7,7.23399451082111,0,0,0
90.73151325819924,2,8,3.9669886715906904,0,0,0
45.575090873516764,20,7,5.335501458412056,0,0,0
164.56197533019886,22,0,24.147145574747178,0,0,0
12.414461829769188,10,5,6.0341419977325215,0,0,0
13.818807510768478,23,0,106.95335756980953,0,0,0
76.9724051944379,4,7,47.781157486515546,1,0,0
275.782178131858,6,5,79.59544951916315,0,0,0
36.86782992235956,5,0,23.224891807422516,0,0,0
203.66975721761565,12,9,26.401642486040306,0,0,0
144.43285838790794,1,1,19.108518277570035,0,0,0
28.476957510200762,18,5,28.85064068042799,0,0,0
3.70175202151218,10,9,47.128817370252726,0,0,0
10.741514178209675,19,7,33.96063665834989,0,0,0
130.37707967543994,4,4,90.98233837278622,0,0,0
22.273080905482452,8,0,115.19888741933964,0,0,0
46.405483129136464,5,9,31.714097359660677,0,0,0
69.65513000185244,16,1,13.705264793303659,0,0,0
129.26880628254264,18,3,145.19633817802566,0,0,0
12.017101076727734,22,3,66.40856432313844,0,0,0
52.14929938474137,7,6,51.10021633367096,1,0,0
66.37299594914072,6,1,68.40577681387606,0,0,0
77.83283729338986,4,6,3.951174575708242,0,0,0
18.835354677357124,9,6,8.309852072177135,0,0,0
164.93824369740898,23,2,7.976227763983471,0,0,0
118.05116087945339,15,5,27.294191761721954,1,1,0
81.16397998589238,8,5,8.563388715823379,0,0,0
120.24002760720882,6,3,96.38777285796368,1,0,0
14.896135134272795,8,8,22.9640181839514,0,0,0
109.59116594483147,16,1,3.6082451151447112,0,0,0
74.37508321439222,8,8,44.70540430145154,0,0,0
101.99160886323017,2,7,6.195056814529446,0,0,0
41.24878817001323,21,0,67.97682834918263,0,0,0
237.3722161699383,7,6,81.16621841147791,0,0,0
88.52036528378233,18,9,39.26052024727952,0,0,0
8.927118402130036,19,2,8.102590703650321,1,0,0
59.748068370667816,15,9,77.29094156927425,1,0,0
141.2047360170218,6,9,18.396024743650745,0,1,0
158.0532535921241,6,8,12.593431125058913,0,0,0
68.23992525526813,19,4,31.796454521217726,0,1,0
225.1393726698347,12,2,127.968305540451,0,0,0
31.152191292121845,2,7,17.646476344236632,0,0,0
52.86479983624693,11,2,117.99932439131437,1,0,0
228.86517205275507,23,6,2.7573147910284628,0,0,0
226.58358590423236,7,6,4.360953837956508,0,0,0
115.7447962235766,12,6,59.95938441968009,0,0,0
195.88574344478835,19,0,10.572648996245391,0,0,0
200.24432879603734,6,0,7.330714716659433,0,0,0
38.657452387659156,3,6,20.19194174531967,0,0,0
19.641826506420756,11,7,16.457157577464354,0,0,0
27.360802655942322,16,6,66.65429649681097,0,0,0
54.12307227728146,0,0,60.53701397063017,1,0,0
28.92726762642045,16,2,154.97378978294742,0,0,0
38.6497514674119,1,9,64.44417132199712,0,0,0
14.500090076607334,5,2,59.34230748739551,0,0,0
35.12280417935832,11,6,59.24183516176586,0,0,0
84.92954214491729,10,3,107.26516130048154,1,0,0
58.31341790820541,20,2,17.565662383204366,0,0,0
42.57475551903927,10,5,17.840326857965895,0,0,0
137.22026329787394,17,9,67.58765391541186,0,0,0
223.9703926322313,7,5,12.98422682215554,0,0,0
141.3826816148253,6,9,121.53229051041508,0,0,0
40.34681565204137,13,4,38.26242875585735,1,0,0
136.43065459790492,15,5,17.8426714285106,0,0,0
16.48512737393055,11,2,74.82777206766404,0,0,0
13.962763769941999,8,9,18.721629073542466,0,0,0
164.87109459851663,22,8,203.69537071085242,0,0,0
28.282488403640627,20,3,54.950054507009796,0,0,0
6.534248038480916,15,1,6.031259837074315,0,0,0
14.122898344117473,20,4,15.272540271164553,0,0,0
195.71882885604794,18,2,36.223323686085706,0,0,0
100.45300026367599,15,2,95.3408255971517,0,0,0
29.19594251223933,8,3,10.221395394115351,0,1,0
81.03459938958355,12,3,5.513262824791341,0,0,0
74.98860593177868,4,4,3.8698408958598636,0,0,0
106.54753667251664,21,6,35.3590155337006,0,0,0
26.551303740195493,18,3,108.01131305317173,0,1,0
199.8067933175704,9,6,2.1641281829934904,0,0,0
37.01489724443733,6,8,11.933265522865092,1,0,0
118.46005113627027,8,2,59.08725335875458,0,0,0
1.625606309609855,13,4,87.39577160548663,0,0,0
43.34168710756764,12,8,76.8716923320795,0,0,0
78.41324690863964,9,4,6.951598989900985,0,0,0
7.551724662858018,13,9,25.311608009840615,0,0,0
156.12735331991675,20,1,209.14129294553447,1,0,0
24.562027306978027,22,9,224.98455601427665,0,0,0
113.02200365512812,11,0,46.11888499089531,0,1,0
162.5628898111523,18,6,61.76753314618224,0,0,0
82.52554862338086,5,0,151.08717895433367,0,0,0
135.04763796278155,11,7,29.885292398845237,0,0,0
108.42961914043326,23,8,7.359316078203262,0,0,0
43.93266906460824,12,6,55.274123044887915,0,0,0
165.47414917369082,7,8,161.07183618426532,0,0,0
34.913397704343005,15,9,59.73514413375837,0,0,0
84.6794795032674,1,5,81.309148334775,0,0,0
136.80527128571723,21,6,27.473887940308977,0,0,0
47.63532008773319,6,2,5.071919426803184,0,0,0
36.06365057405852,11,8,9.249180037653,0,0,0
61.497577993192905,6,2,202.7220582483318,0,0,0
170.35480315197645,18,5,33.98039429283294,0,0,0
265.8142991712515,13,3,0.6046710855902426,0,0,0
78.7641201804054,8,8,155.4644036513879,0,0,0
108.3131355050817,17,0,34.435841650049646,0,1,0
233.58691343916996,10,8,90.47633833799348,0,0,0
10.374720819725699,15,3,39.75436008776886,1,0,0
26.406786599889674,18,9,5.362686648428839,0,0,0
123.4088449706281,10,4,47.79962371232519,0,0,0
173.58204160092262,17,0,297.61750581876345,0,0,0
194.5113664647295,10,0,1.7677743363216358,0,0,0
53.63266568340011,3,5,92.19292730804665,0,0,0
9.35855603368271,17,9,13.425406689282063,0,0,0
57.58646742356842,18,0,25.032728133759015,0,0,0
26.231923275060392,12,1,23.317277351552857,0,0,0
34.41768782881749,3,2,114.53143989498247,0,0,0
147.95838340133233,9,6,35.10800262027327,0,0,0
7.853152661107236,21,1,29.635624660046844,0,0,0
175.78289793591594,4,4,85.19432810322074,0,0,0
55.803793359484764,2,8,2.5071785315558848,0,0,0
90.6498658841598,15,9,4.521204142315904,0,0,0
9.392858899982766,7,7,1.0963758645276238,0,0,0
41.1522031828191,23,7,58.23486489131218,0,0,0
9.398207304500104,6,1,37.28692238213648,0,0,0
325.82333422876076,18,0,104.38260818600249,1,0,0
164.64217058553916,13,8,34.51086414251884,0,0,0
61.55062860514276,14,9,12.539843503705676,0,0,0
25.309070992305365,16,3,81.7755882829203,0,0,0
270.9878450079134,20,8,17.42994318875594,0,0,0
42.2504348539536,0,6,137.2018375688698,0,0,0
17.552601689134825,5,5,14.412370801566935,0,0,0
82.81983296099348,22,9,9.17935703759674,0,0,0
287.8378135991311,14,8,33.9941758086023,0,0,0
0.3837644848514211,11,9,2.5917835444729214,0,0,0
27.1972573009459,20,3,1.854558992083231,1,0,0
278.78670909436363,19,0,34.260393548053045,0,0,0
12.018480068109657,4,5,0.46983244712120237,0,1,0
84.44055506832913,8,5,17.552888309671253,0,0,0
197.9370518477036,19,0,32.443822956303556,0,0,0
64.83838134355817,13,6,25.067590573998327,0,0,0
521.4759003183524,17,7,7.278432741501346,0,0,0
113.68491884830136,21,4,43.33633239051619,0,0,0
7.69619409238167,7,1,61.95116305385249,0,0,0
493.8146974289549,1,1,56.279521737680994,0,0,0
33.883858159202845,6,6,7.401580795480984,0,0,0
81.61720939335726,17,6,34.60606269920377,0,0,0
9.042538768343308,20,2,31.623572608707352,0,0,0
0.1429364133545747,4,8,10.8879692084005,0,0,0
59.70797473993517,22,6,4.883579958237844,0,0,0
181.31675285676357,14,1,144.05472058220977,0,0,0
84.93687697106218,4,0,67.93579025865532,0,0,0
714.0064385260752,10,1,18.768645662177537,1,0,0
33.805879845116706,21,2,17.50287340513497,1,0,0
32.91363011789352,13,4,112.79389613401476,1,0,0
17.405516998967723,18,2,9.774488001944867,0,0,0
17.9202731308679,2,9,38.28990347100846,0,1,0
33.573374378824994,23,8,62.50158325152403,0,0,0
157.4264055970239,9,9,25.241378403195903,0,0,0
236.18765044427653,5,3,2.0360136588215183,0,0,0
369.23723354350267,2,6,12.922918014388717,0,0,0
26.434277074625907,1,3,116.04159665336236,0,0,0
213.1135300361176,12,2,37.02441127864844,0,0,0
39.78766076631136,17,9,84.48937094877166,0,0,0
11.973054340060433,1,0,40.56113651366417,0,0,0
204.04125816805205,14,8,143.76616395940317,0,0,0
101.0891658527921,4,0,119.9185108345832,0,0,0
18.00013259099305,14,0,32.97479373732959,0,0,0
56.18229225137005,20,0,19.156374935407033,0,0,0
33.863534728701275,16,4,46.023571358950036,0,0,0
133.48204441443306,1,6,56.17922807466954,0,1,0
60.406769971657624,17,6,34.49313823823313,0,0,0
453.56390026795464,14,9,86.3782062814533,0,0,0
5.630052785130967,19,0,10.125918621842489,0,0,0
43.85286308947556,22,5,20.354208200407644,0,0,0
65.75873277053132,2,8,57.978080114839756,0,0,0
69.94340108252935,4,5,14.163515290250075,0,0,0
37.970353883947325,10,3,28.97706460204674,0,0,0
130.65233793361259,8,9,165.84310572702674,0,0,0
207.74201739326418,4,8,49.15839563549726,0,0,0
279.2290362914006,0,2,148.85262621573438,0,0,0
163.52346904884286,13,9,64.0861604311039,0,0,0
190.09954669185512,4,3,64.48865841115935,1,0,0
79.97202101713468,7,3,44.80690506757306,0,1,0
174.8057809145918,20,3,7.669716327585324,1,0,0
50.829343597661634,15,6,14.5621670124782,0,0,0
38.11330685435719,5,8,331.22493741351593,0,0,0
62.996082715411994,7,2,15.527882748995781,0,1,0
33.628371712622055,1,7,13.112793342130447,0,0,0
325.9995839168159,18,7,48.892771310929106,0,0,0
37.5194852221932,8,0,35.764405927149376,0,0,0
10.31901372017269,4,4,1.0792092423714832,0,0,0
74.82734240583433,4,9,6.936281768407036,0,0,0
5.87940691487775,18,4,83.31177475870673,0,0,0
11.714430178745301,3,7,33.05258527388889,0,0,0
24.767883118971252,15,7,7.89209506521403,0,0,0
62.42747827763235,15,1,31.29710116878851,0,0,0
56.78386346051643,15,2,14.594484475669939,0,0,0
160.78984080932213,6,1,12.653821484782624,0,0,0
134.5055124572193,17,0,158.17829617144565,0,0,0
55.56805556127367,23,1,22.47277198635015,0,0,0
40.60215742701892,20,9,2.377180067887668,0,0,0
148.7198542308982,2,0,79.19815218993749,0,0,0
5.347715751459103,20,5,14.679193127835235,0,0,0
1.2904556288872815,7,0,26.287812875962125,0,0,0
158.7404402499495,0,1,99.13010825561076,0,0,0
64.84537316983861,6,7,22.112693549775344,0,0,0
14.027538350010932,6,5,41.89755545132378,0,0,0
26.861950271431752,7,8,38.270505679240685,0,0,0
269.56862472242824,18,0,25.64927678726826,0,0,0
196.25689692575077,16,4,51.013429887992956,0,0,0
123.71334244349832,10,6,32.05532831795024,0,0,0
65.82149388799057,14,8,1.0729549998658674,0,0,0
73.46436237016019,8,8,84.20352239718561,0,0,0
369.87090177316884,16,3,6.0042970453128275,0,0,0
337.4665794221674,10,3,31.189445675098277,0,0,0
24.24143534314121,5,3,43.36321917605078,0,0,0
166.65616779024654,8,2,61.124841681710066,1,0,0
21.970281016762694,17,7,26.449185702213327,0,0,0
24.021020909272757,19,4,66.50486801467954,0,0,0
112.72989469063657,1,6,7.040754708561918,0,0,0
51.919571980383935,3,9,52.98576624254646,0,0,0
268.1570022864904,17,5,87.5324869500669,0,0,0
9.32230677243988,0,8,110.11164266887079,0,0,0
71.64682977397193,10,2,43.3234473758559,0,0,0
250.74164708524793,2,5,18.763422414262816,0,0,0
234.45917522807667,7,2,8.917861957576864,0,0,0
17.023001116521343,4,1,21.198673261796618,0,0,0
45.67126668517999,19,2,38.82365402584719,0,1,0
96.52745899236133,20,1,10.928341026600329,0,0,0
344.2712492761554,21,9,113.71709996719392,0,0,0
246.215928868717,4,6,1.6756259299482066,0,0,0
18.26618295215163,10,9,41.27245768784681,0,0,0
12.914725844162753,11,2,77.86808391476472,0,0,0
8.927774268449328,21,7,14.07784083848815,0,0,0
240.1783125114236,8,1,37.10597246670883,0,0,0
21.520490813697254,20,6,26.043114686769712,0,0,0
53.834230655469085,12,2,10.941783691475322,0,0,0
59.575075239862215,21,8,47.69150287146339,0,1,0
91.38213937345665,19,6,253.29822086557795,0,0,0
7.443839692750986,2,8,22.729138041851723,0,0,0
25.71640118702838,12,1,40.19042026089699,0,0,0
268.07812066102815,21,5,19.864035712503696,0,0,0
239.04343547500372,10,4,104.75766306347916,0,0,0
152.00115877222132,10,1,99.97709313739243,0,0,0
1.9591920027095306,20,3,9.847809403214738,0,0,0
39.60200065887293,19,3,115.10369830111506,0,0,0
98.87505043633197,20,7,8.214773038951028,0,1,0
240.3363843805057,16,4,52.912104470618935,0,0,0
100.48199743274277,15,8,24.380209183236502,0,1,0
7.462303111460601,13,0,37.82997789086925,0,0,0
239.69571901282697,0,3,52.859716187669484,0,0,0
316.45452792866115,10,4,2.7142164586765345,0,0,0
76.00570120703897,0,2,30.893295228360408,0,0,0
36.149264790904205,1,4,15.502342830321508,0,0,0
49.89614101781277,8,2,2.5105563379276425,0,0,0
19.802568520003643,12,6,4.533260746514939,0,0,0
86.29208373933092,4,9,80.91078341142686,0,0,0
316.95941921770816,8,2,121.17369939937291,1,0,0
69.93113405610428,12,6,8.25749009167626,0,0,0
8.65546610033257,4,1,14.334924968686078,0,0,0
96.75875354189374,14,6,52.81348682037124,0,0,0
41.58533714334153,6,8,154.25197903689514,1,0,0
193.74225975811322,13,4,17.804449291805238,0,0,0
57.03600610266977,15,5,96.62479536491762,0,0,0
21.423288069852813,5,9,35.26348252950046,0,0,0
21.208693001607017,1,2,156.81716375679372,0,0,0
146.43172265073255,15,9,7.324096640548541,0,0,0
30.868455298205376,18,4,181.85686961705093,0,0,0
145.77190191153025,4,4,29.078378684738055,0,0,0
23.05299018188907,3,2,152.8148846840471,0,0,0
62.63991754552214,5,5,37.75986764986172,0,0,0
286.81458871471483,7,2,81.68012947578599,0,0,0
268.4305717168057,23,0,64.11987593856189,0,0,0
23.177050094335733,2,9,48.32703385505312,0,1,0
44.35082192461452,3,0,26.97669141818537,1,0,0
16.181257720421236,0,9,78.61634794171194,0,1,0
71.33194379604501,1,1,148.0456127029618,0,0,0
61.726551932748706,12,9,0.49296704526680235,0,0,0
231.02157571080068,8,4,44.317801040567666,0,0,0
265.9336865470766,11,6,100.48865840504027,0,0,0
48.380627461113974,9,0,52.937743337683926,0,0,0
67.67581042149467,9,0,80.67964106462257,0,0,0
226.5638590303236,17,3,112.71885198185755,0,0,0
164.3552285435986,11,9,69.50528391916305,0,0,0
0.3663011989054854,21,5,63.11849360754278,0,0,0
38.57500790362184,15,8,167.2586599732071,0,0,0
54.779090168258435,22,0,99.63921926452245,0,0,0
26.099636925108637,5,9,84.4722040507611,0,0,0
22.260821450245757,23,4,4.518305918098839,0,0,0
3.8516847784146235,23,8,13.658059507150192,1,0,0
103.10556783058766,20,7,40.68174626890695,0,0,0
30.45031440630217,23,6,61.81793129519452,0,0,0
5.376706577671819,9,9,18.06391137624234,1,0,0
26.263740545357685,14,1,4.89873253947257,0,0,0
161.9053761055127,8,8,18.63289879866217,0,1,0
65.98405465197246,1,9,104.94183257240842,0,0,0
53.79753144501063,17,9,122.03701414238017,0,0,0
381.00845459113447,11,8,23.810476636108568,0,0,0
22.384962501067225,2,8,23.303654187329286,0,0,0
24.25293511346591,6,8,26.103384901487082,0,0,0
34.512359982773745,8,2,23.5649809876539,0,0,0
18.965717873642415,7,6,54.860155227811326,0,0,0
47.70130953817323,5,0,22.183531283641035,0,0,0
241.7258023679405,0,8,1.0276862322858187,0,0,0
95.54158352324916,13,8,28.903911295723905,0,0,0
53.09374314943629,15,2,12.68993697861203,0,0,0
272.43441479626284,15,4,1.4615104076327177,0,0,0
4.967800228068652,3,7,31.82350065879615,0,0,0
23.6071986923534,5,5,11.53072945718692,0,0,0
83.44541075434665,14,9,30.14172928984867,0,0,0
95.5948360763483,21,9,16.269196054845114,0,0,0
4.036117005221759,7,8,46.28030808888431,1,0,0
51.59030888144762,0,2,234.84994944793897,0,0,0
119.75618862576378,17,5,52.0496206257228,0,0,0
101.64976128949628,17,4,125.83581746018986,0,0,0
38.64910951370395,12,3,23.42027875873699,0,0,0
9.818644825913088,21,4,9.108985329893454,0,1,0
55.706582309481234,13,3,16.619837440897335,0,0,0
13.783141002574546,10,2,25.7747370838038,0,0,0
294.9300288097285,6,6,51.78436485507865,0,0,0
64.46825284545378,17,5,0.22992933703118,0,0,0
38.16399560776199,20,3,95.99664996346388,0,0,0
145.37344578667663,21,8,3.9572457473688822,0,0,0
68.90527593188501,3,0,115.45790686910944,0,0,0
37.11129927695892,16,0,149.22430863847086,0,0,0
167.11417478432216,18,8,230.77513976129316,0,0,0
201.8550798108914,13,6,82.90782736489608,0,0,0
111.78200817565917,9,1,7.6491404492073904,0,0,0
4.8103043818748965,5,9,61.23719236754648,0,0,0
83.54549852772783,17,4,11.36519032237658,0,0,0
144.09402671177358,3,3,113.71340918611455,0,0,0
14.676486962798696,10,0,19.034180509167495,0,0,0
25.963995556916466,12,8,19.785342042949086,0,0,0
214.12752872710516,7,5,124.84084232061112,0,0,0
139.72628469338989,22,3,10.78147708396747,0,0,0
64.20231562751738,10,1,27.403211564955637,0,0,0
59.19853529807079,2,7,60.319046294595765,0,0,0
0.7121832648240708,14,7,52.14461897200336,0,0,0
44.60135472927275,19,6,106.02235615700049,0,0,0
77.81945920487244,17,6,6.450249031820829,0,0,0
113.1034306780091,20,4,36.92414401637128,0,0,0
121.27766999281808,0,4,64.63613715101475,0,0,0
75.78776203508225,7,3,29.73882262704549,0,0,0
51.03583179277531,2,0,0.8631366574747957,0,0,0
307.2691646912401,0,0,3.1178326583996148,0,0,0
102.75302590639477,19,8,6.331552845687051,0,0,0
35.403608062685876,15,3,21.020898817905646,0,0,0
13.520621767970853,8,0,6.25851946681804,0,0,0
44.970168003408546,15,9,9.839809975912548,0,0,0
108.01921499938886,22,6,75.51724426912466,0,0,0
63.64198739911916,5,1,102.5865005645819,0,0,0
22.180667008207905,22,0,24.685931645963528,0,0,0
92.05161680201928,6,9,35.80357382206733,0,0,0
6.2602336966521035,23,8,153.41110715043533,0,0,0
79.10134917464006,7,3,265.65344023329385,0,0,0
57.27843183969591,9,3,7.665193222534623,0,0,0
138.0997117326742,13,0,99.1071835128184,0,0,0
147.50952978342713,1,0,1.1488025378453197,0,0,0
3.958624567642893,11,4,179.17724153039276,0,0,0
21.58313140605728,19,4,167.68883594639047,0,0,0
76.9180871827663,19,8,24.166265723424253,0,0,0
273.0633910815736,12,7,154.11035818127408,0,1,0
36.12686126399562,12,6,10.65526684039334,0,0,0
56.11507853290849,7,1,14.161084162032145,1,0,0
63.62111363723994,15,6,75.55603047405323,0,0,0
17.12292050473263,2,0,23.68918500120276,0,0,0
3.1560979413024293,12,4,0.3576512410631332,0,0,0
293.56329560012966,11,5,26.742121971301497,0,0,0
27.537489825065315,18,9,12.943026327752708,0,0,0
27.436961601913566,1,0,57.49473919121827,0,1,0
8.706125507216742,0,8,10.811419358740503,0,0,0
263.8166253954023,7,8,92.33830725393203,0,0,0
86.68748466988824,8,0,15.536823875915276,0,0,0
42.40673146159762,16,1,51.630462808242704,0,0,0
97.1558522375958,8,7,5.332708783004674,1,0,0
20.674441549546724,14,8,20.35743737281974,0,0,0
177.93120908122043,22,8,107.76775671963439,0,0,0
145.5723140479457,23,0,3.8123178821785175,0,0,0
43.17721613221278,12,8,88.50823565327283,0,1,0
47.290483812398456,20,3,9.17694346270521,0,0,0
76.2613950505277,21,7,4.637444431786524,1,0,0
0.024103373143063375,11,8,11.302567375630398,0,0,0
27.607547177701964,12,2,5.415631332180224,0,0,0
23.348661764573155,6,5,36.80105855362121,0,0,0
28.832620886278743,22,2,222.04618736676355,0,0,0
163.94118898961733,17,0,1.7465187913929396,0,0,0
32.80511925163256,13,9,30.91389306631673,0,0,0
21.26009726691307,10,5,24.39374499582188,0,0,0
70.17106643321685,13,4,20.74596398260093,0,0,0
200.72699991079946,16,2,20.163147514430545,0,0,0
27.62143506300231,23,3,112.6958213942959,1,1,0
8.179183286036086,20,1,0.9579253999066903,0,1,0
137.6945496517141,18,9,14.580032255681033,0,0,0
80.00434186021822,15,3,24.16826588246897,0,0,0
169.71406351172692,21,3,27.249283963974623,0,0,0
320.8731146793607,9,2,18.172877126064733,0,0,0
157.34072665217712,21,5,4.9114591986842715,0,0,0
92.58439156811296,7,0,6.0705908329251015,0,0,0
67.99182461512898,20,8,17.700433942279968,0,0,0
4.089396205596722,4,9,86.24497835361541,0,0,0
415.549547189883,6,2,7.229770273296923,0,0,0
48.366633653029766,12,2,67.86393738610592,0,0,0
16.51437995945538,15,2,17.044982217174244,0,0,0
109.8738862867656,4,6,107.4781532550668,0,0,0
88.13538710660052,14,1,9.42040088662316,0,0,0
88.37458773871455,8,0,212.88242567259493,0,0,0
59.010302321498976,21,4,9.717754666036768,0,0,0
180.86123783591813,22,7,41.92250171526981,1,0,0
30.78399665631455,11,2,42.115604611763125,0,0,0
59.53538891718549,7,5,23.325562828453002,0,0,0
77.15242215072792,12,2,151.29781517612713,0,0,0
153.23465580557294,13,3,88.54479989959837,0,0,0
50.22083309775147,15,6,182.77597761886227,0,0,0
103.85909850842663,10,9,30.542366940065314,0,0,0
16.32379562514711,19,0,5.111923915721976,0,0,0
269.7824173739173,11,0,72.50558787914125,0,0,0
48.29815698637975,14,4,23.96736362826666,1,0,0
130.75623778295352,23,8,10.55736177327081,0,0,0
2.055081063536569,11,4,33.00954695541869,0,0,0
22.96485919189662,8,3,129.99496372606907,0,0,0
66.76403518721713,0,7,9.398293943489012,0,0,0
210.5805786073696,2,4,94.42414138076629,0,0,0
74.91994651056075,11,0,27.08185133117586,1,0,0
265.74114935976905,19,6,7.355557982298376,0,0,0
66.12549796715199,12,3,94.31965421395344,0,0,0
67.42255230389046,22,9,174.69910063342553,0,0,0
12.754567255889254,5,4,17.214082652935808,0,0,0
28.364411925846177,9,6,24.759588838937972,0,0,0
229.8717475600946,15,1,84.13548676004902,0,0,0
241.71458046343446,0,0,0.5235917759993022,0,0,0
287.0159424084981,15,2,12.677338516867545,0,0,0
73.44494760376783,3,9,61.191739557268306,0,0,0
113.03933532880815,5,0,26.013457902310407,0,1,0
150.74043853476806,18,3,20.045944613880852,0,0,0
14.0428976240827,1,5,102.89687652087505,0,0,0
91.86865871384103,17,4,124.64729600268387,0,0,0
3.4899878772847934,9,3,147.81232897382762,0,0,0
68.82911569282987,3,6,15.910537152109319,0,0,0
16.8232493356125,0,5,121.81303025108178,0,0,0
20.20218507039656,14,2,66.77351423808008,0,0,0
45.42051910725283,9,8,8.374489570985576,1,0,0
7.734380629496311,12,0,61.614868501541096,1,0,0
70.05580961586938,14,5,66.13172178878057,0,0,0
20.165745245608655,1,4,77.87513699603174,0,0,0
101.44677007124554,3,7,49.47667673959674,0,0,0
81.3529418461669,0,3,9.852881152177915,0,0,0
134.05393143708233,6,0,146.54414321470932,0,0,0
40.88848150076158,22,1,56.198149887502424,0,0,0
144.86234491547242,10,7,5.0090226580013235,1,0,0
56.6985268967653,9,9,10.353190676186903,0,0,0
66.20061323273184,0,7,54.451927890904116,0,0,0
104.44142797455358,10,4,32.37719934185515,0,0,0
1.8528990395313996,23,5,66.64671677473707,0,0,0
106.12998029663262,9,1,16.480011079673684,1,0,0
96.38676486402548,13,8,53.635172532709106,0,0,0
37.08421360110393,13,5,9.737534048565136,0,0,0
8.969966162677409,6,8,39.23136419373416,0,0,0
9.533917512903049,22,9,158.26626895383654,0,0,0
256.68598921792295,10,2,49.472950092716815,0,0,0
116.88609093612139,21,5,2.5643287997120803,0,0,0
13.593727159832373,3,9,224.42333213481868,0,0,0
44.11801175497202,23,4,8.531488424190208,0,0,0
89.76726144151883,1,8,63.304664154882836,0,0,0
180.5280701015106,6,9,38.0210093500294,0,0,0
4.464275173533945,18,0,17.43255306392463,0,0,0
27.00165394949278,13,8,9.758820501486287,1,0,0
220.49956063785703,18,4,9.782643110456178,1,0,0
0.9207812273984886,6,0,97.73734231851265,0,0,0
22.489396087992745,11,9,103.14397824135494,0,0,0
319.4773044071625,2,7,31.288028606125547,0,0,0
95.03694885311887,14,6,5.469624040515155,0,0,0
30.336625084026448,4,5,107.77947053831285,0,0,0
6.934053305263878,7,1,33.37557855606556,0,0,0
28.069994385664,3,2,26.15815630585673,0,0,0
213.27226596499784,6,1,22.70763006883413,0,0,0
53.770645485268176,6,9,37.32796786850862,0,0,0
127.41569893093647,17,0,46.38543682141023,0,0,0
250.4518128404936,13,8,31.408456886274006,0,0,0
52.43169937359697,7,1,113.48081114313509,0,0,0
21.229927737175647,11,0,19.11145060539568,0,0,0
72.79828184071108,9,6,43.17446176320879,0,0,0
238.68767578633447,13,8,17.830455890550635,0,0,0
163.1552722868948,8,5,69.9892523882566,0,0,0
6.809667679278767,5,7,5.386003712970349,0,0,0
117.95169679846265,4,6,10.455807152108566,0,0,0
84.83926785528504,0,8,80.77315384863472,0,0,0
238.01486201298152,0,6,10.117903399377814,0,0,0
13.065714648777504,19,5,49.14107463616754,1,0,0
76.36471440068046,16,0,175.73530335746176,0,0,0
211.57959765551348,10,8,37.00047465692693,0,0,0
52.76730594065331,11,9,10.375596112050667,0,0,0
65.77702254442734,2,4,19.33396206016656,0,0,0
7.306616789239413,5,1,86.70984518212215,0,0,0
32.59291078722686,10,7,21.667071863599897,0,0,0
39.23119649596371,12,3,64.27927701728807,0,0,0
290.2650916547015,10,2,75.10772648244127,0,0,0
33.22156136661943,7,0,34.77578388632704,0,0,0
61.779620390014955,9,4,76.44208736648605,0,0,0
111.26232561581627,1,2,19.055920774002757,0,0,0
17.695602393408304,23,3,36.30001376325657,0,0,0
66.63930594939735,13,8,58.0070893086145,0,1,0
201.6318119024995,16,4,15.98423467962871,1,0,0
98.41929697354473,10,7,52.78289934526808,0,0,0
110.57985943710283,1,5,53.26276163545124,0,0,0
13.499929527759377,23,9,33.99206947163789,0,0,0
291.46408343857195,22,1,79.38023916047077,0,0,0
14.222516272016772,4,6,32.894301538320896,0,0,0
149.0202319724355,15,0,106.56717860810518,0,0,0
30.763490864726613,15,2,66.5720225284869,0,0,0
271.1954970319167,1,0,18.894554243696586,0,1,0
127.28211840004732,15,0,25.14733789236276,1,0,0
140.16667653141542,4,4,55.08385187631995,0,0,0
24.725589777451578,7,5,112.42976581041115,0,0,0
58.52618129683499,19,2,9.843873053704765,0,0,0
96.18457705068076,13,2,36.14564470073088,1,0,0
146.95612731873183,9,2,6.32264926386871,0,0,0
10.97695276515116,22,0,16.38738122124067,0,0,0
327.98292190477565,1,4,57.915146476389424,0,0,0
220.92830240458915,2,0,4.046114128582821,0,0,0
31.5188380116098,17,9,54.28854199034332,0,0,0
173.02519038565504,20,9,115.53646886395444,1,0,0
73.04834303530147,1,2,174.28924296375916,0,0,0
61.95370837979303,20,5,12.207648139456241,0,0,0
37.75106588685586,8,5,69.09479375446834,0,0,0
86.9809389630641,1,2,130.43544108393067,1,0,0
130.892272911587,6,8,4.790827496120783,0,0,0
52.92151883424052,6,7,26.723788887046478,0,0,0
99.21442077096243,13,2,125.91889069430546,0,0,0
120.16851601646552,4,4,11.331700434887846,0,0,0
124.17501918945474,7,4,135.724054592125,0,0,0
5.336501590154145,22,4,37.453302145597675,0,0,0
196.43130889624513,21,2,5.262086276657944,0,0,0
61.29567572093029,17,4,29.880698259269217,0,0,0
30.437540971091547,5,4,19.74563867728475,0,0,0
27.67612654414295,13,3,16.578504827019287,0,0,0
65.97397024167971,17,3,38.987085927443964,0,0,0
217.88777692509962,16,1,33.042973293627135,0,0,0
47.53741554317399,8,8,32.88583201577189,0,0,0
138.51979495329775,12,6,4.613535394801079,0,0,0
10.183200483296392,15,0,81.05482578706031,0,0,0
64.63718107281922,20,4,32.83491096550708,0,0,0
478.9831324598767,9,1,85.99217574220629,0,0,0
147.1581274400505,9,9,87.03278248150677,0,0,0
23.639153009279372,3,5,19.072928602776294,0,0,0
69.60342916530159,11,6,0.217788822163616,0,0,0
26.60833644975274,7,1,121.09415735576951,1,0,0
52.68888277747552,14,5,71.50075537453226,0,1,0
151.45097316501335,20,2,5.672544220764887,0,0,0
147.50154837956146,22,8,60.487310923219084,0,0,0
25.890076060072666,18,3,1.0113225569537916,0,0,0
255.3913611936712,14,2,1.4075817032280296,0,0,0
89.78816799690036,7,2,37.308755728035514,0,0,0
47.79136970463945,7,1,5.048366173481904,0,0,0
69.70258544615065,18,8,166.6814076325578,0,0,0
92.90499188029526,8,7,112.13626248331299,0,0,0
82.07317917536649,23,4,52.464260754143275,0,1,0
66.63203310473193,16,8,3.291446112063819,0,0,0
70.30617763122079,7,1,19.63992776899822,0,0,0
19.408476535595273,11,5,23.238706181347986,0,0,0
167.52193619788795,14,6,32.78099462100219,1,0,0
78.03629128454571,3,5,9.250430625226011,0,0,0
14.050405863573356,5,2,43.079669474052366,0,0,0
145.31057633824503,15,9,28.61472287508172,0,0,0
269.47980753565093,4,9,147.15411022329772,0,0,0
294.32707473173514,22,9,137.59636603309977,0,0,0
46.04775189137229,12,8,41.67496971964827,0,0,0
14.562349233817612,14,7,51.69031553868331,0,0,0
73.06406097242572,16,7,7.41319599588716,0,0,0
11.946984053002081,21,7,12.636551198673379,0,0,0
271.7909926526325,19,8,115.48824239395432,0,0,0
20.28258941137351,21,0,60.05982025387595,0,0,0
29.13767024677728,4,7,10.50089092417076,0,0,0
52.194812826937806,18,1,42.22296369131412,0,0,0
48.315285229478825,6,3,136.48508344699152,0,0,0
158.3102223106547,2,0,21.16906541275607,0,0,0
60.93885925002235,12,5,10.27871342139618,0,0,0
18.72556212989386,13,9,142.387408610276,0,0,0
31.089596937888597,15,0,30.926607447682002,0,0,0
15.952801548030724,1,8,15.569184131535796,0,0,0
94.58628989934952,13,0,111.08957718539065,1,0,0
83.41286713496942,19,8,93.41586205662989,0,0,0
125.42221399062552,6,3,25.791104218668394,0,0,0
277.58679390689383,4,2,1.5545827376951724,0,0,0
243.33153963478318,13,7,29.58835757244385,0,0,0
292.01725484106424,8,5,9.974892411269673,0,0,0
28.066090798014937,9,6,7.700355265413378,0,0,0
35.99326738639208,13,4,5.216770803967143,0,0,0
225.46064272033712,13,1,157.87082102799985,0,0,0
357.74624027971737,1,2,2.4353154277879074,0,0,0
196.13026658432423,16,2,25.655547272834863,0,0,0
11.655372783344815,19,3,8.878803842705228,0,0,0
294.5571583456669,3,9,58.36779337867347,0,0,0
55.05337030708925,12,6,4.104526985003918,0,0,0
0.9353902421948292,17,9,39.571702478496704,0,0,0
58.4102194254841,2,5,74.16262384568397,0,0,0
4.716411506336734,18,2,149.84648455758992,0,0,0
78.49947885455506,4,6,59.95383432306416,0,0,0
41.33269728927252,0,3,5.239798065463719,0,1,0
64.13803721265602,8,9,4.6343115029510304,0,0,0
94.97708915111677,23,7,65.76348015942428,0,0,0
203.10407547770004,7,6,12.124563673742227,0,0,0
108.44182320177909,2,6,29.641505864684465,0,0,0
56.924754457392936,1,8,187.79607153035852,0,0,0
171.1624878411772,0,7,85.71403877260202,0,0,0
236.00250031070468,11,0,93.73315439293839,0,0,0
12.756064328565051,21,6,98.58136763919643,0,0,0
33.47903953488741,9,3,68.11598789475066,0,0,0
4.820459342024752,16,5,22.233242415543383,0,1,0
110.42683393502854,10,4,323.35344187208824,0,0,0
198.61025940902906,4,7,16.398972012207913,0,0,0
167.35160468933532,12,4,16.56858082890456,0,0,0
192.00183872036877,19,4,5.943177554153172,0,0,0
245.7374474523459,22,2,41.91856940603783,0,0,0
30.82727313203271,10,9,21.797401685419096,0,0,0
234.2918302717068,22,4,43.759750843744946,0,0,0
38.66375954000039,3,3,40.89907956631409,0,0,0
80.37168256615597,20,4,39.07233980065197,0,0,0
5.182761693587673,10,9,6.579585012036835,0,0,0
127.42994675327361,6,6,83.56671353103118,0,0,0
58.78506273076939,15,0,18.92729726056794,0,0,0
29.61072990317938,22,2,29.334199130274087,0,0,0
21.123165057912463,22,8,34.044291980738045,0,0,0
110.85216976620191,4,3,99.29075259404397,0,0,0
0.04016246657298496,5,3,53.29754181766736,0,0,0
163.93362936898717,18,9,5.279278984548126,0,0,0
8.256629588613757,0,5,100.18739324146657,0,0,0
21.25617551595538,15,2,89.20920439565165,0,0,0
48.81454336002854,17,2,70.04928371555404,0,0,0
66.33141241161319,23,8,31.373404723088562,0,0,0
43.84973898335494,12,4,70.84703672570625,0,0,0
38.67103310628451,0,6,32.575513922059635,0,0,0
332.19060597734466,9,4,66.7085420953792,0,0,0
102.60489065290672,6,5,106.059099964801,0,0,0
56.242757708962266,12,7,30.309826237873814,0,0,0
207.95111420536477,21,1,98.0714348356366,0,0,0
35.87573769991073,15,8,5.34905699176527,0,0,0
9.933022863546512,23,9,5.369206839196614,0,0,0
142.04087834091942,19,5,39.73319320159497,1,0,0
93.1439476737203,21,6,52.75532000848292,0,0,0
84.46970969015555,13,2,8.302361802175362,0,0,0
5.506519866970182,10,3,31.95000236891385,0,0,0
15.140330208952712,18,5,4.95581743406968,1,0,0
97.43155697504487,22,6,46.07766343228087,0,0,0
23.29714894994462,1,5,96.583513813883,0,0,0
70.13206520549275,7,4,66.9016884802318,0,0,0
78.7197863128681,12,1,23.764201497105404,0,0,0
33.33870670342424,6,6,254.11029723701387,0,0,0
296.4721235860544,11,4,54.37397095350893,0,0,0
184.81019535726796,7,8,84.4371622632697,0,0,0
128.1478621303555,15,3,55.38730182549521,0,0,0
8.120340296329898,17,9,227.42196775553327,0,0,0
11.219494985408803,18,1,86.11906841854974,0,0,0
67.88130978780174,3,6,36.63841335372308,0,0,0
17.520297316816425,11,6,22.854730542811918,0,0,0
382.88527411766177,15,0,57.30954494421875,0,0,0
17.259331083039562,20,4,44.60696313828879,0,0,0
45.27470747049149,16,8,21.004458488279678,0,0,0
101.99483134978466,3,8,27.994528084037064,0,0,0
13.815510425410576,19,6,40.83319580028566,0,0,0
32.11768555685195,23,1,71.96554492198636,0,0,0
218.7040335273295,21,9,6.31535584729858,0,0,0
4.1432297524226716,23,7,14.088595265340324,0,0,0
245.02443180537972,8,9,1.3509742858736922,1,0,0
178.97263686962918,4,9,0.3996211226294939,0,0,0
35.321054681388496,16,9,12.704336402920479,0,0,0
155.72756054636326,16,0,80.30242016811708,0,0,0
3.1711083887815654,1,2,117.56128395909431,1,0,0
340.7181761196985,1,7,24.859974621443513,0,0,0
74.780389879453,20,7,41.41383208299025,1,0,0
36.13731433072074,22,9,61.21772229334048,0,0,0
45.033154002955804,6,7,152.81308794976113,0,0,0
6.8712932238418025,3,6,122.05342909298639,0,0,0
454.21497580122383,12,1,2.9446472189183024,0,0,0
4.008470924715581,19,2,14.261975776826565,0,0,0
106.39416899137456,10,8,2.519660976465071,0,0,0
58.47160539286126,2,1,47.926313982461096,0,0,0
297.4288213532466,1,6,61.97884478926391,1,0,0
28.236256655354424,15,0,18.428948134184143,0,0,0
65.84679346268399,23,0,30.148210706793794,0,0,0
121.35735579236946,14,5,321.3132406210934,0,0,0
7.043344284653149,16,3,0.019988624384923884,0,0,0
21.54099454122371,15,0,5.798030961864523,0,0,0
24.151734549715517,19,4,17.96200032613276,0,0,0
133.99863409863624,6,3,1.2919278418149982,0,0,0
20.96582583906932,15,9,76.24092876962779,0,0,0
85.21236013130037,4,9,2.710761526584354,0,0,0
24.23822088099738,1,1,69.11106004432698,0,0,0
197.77875272233447,0,6,2.700029832824562,0,0,0
285.05148825345674,21,7,14.566252646267763,0,1,0
73.08344579069632,12,3,92.02967865057772,0,0,0
43.434136943694206,15,8,150.89408273869844,0,1,0
26.664853639093085,4,2,26.76670443454797,1,0,0
5.10627962417038,2,5,175.22627206219462,0,0,0
106.19981811422068,15,6,26.87860056994279,0,0,0
76.27479467257419,10,5,81.17718260449772,0,0,0
288.3140972207147,18,8,17.501178539478065,1,0,0
50.4640230300641,17,0,15.448435790258985,0,0,0
118.37236830249842,20,8,53.43534871825687,0,0,0
67.20174880772028,8,8,24.754779759736067,0,1,0
71.862134112402,7,3,7.3043819228728495,0,0,0
31.166649915727636,21,4,3.465587292343949,0,0,0
60.68791706761913,18,2,77.52133575046668,0,0,0
63.636049682707515,21,6,56.33681410048334,0,0,0
122.6363351345916,4,1,26.534261725846115,0,0,0
282.4134666411992,16,7,113.27777892428605,0,0,0
4.311678030041138,13,5,61.9446871260782,0,0,0
68.57647488912941,6,8,119.90816680021614,1,0,0
78.62746748844336,8,5,91.85315541296144,0,0,0
18.44524869721133,16,2,35.78035395043633,1,0,0
142.90540913214883,2,9,57.07124948632432,0,0,0
419.4990106945152,7,2,26.693265255473346,0,0,0
291.4608003443922,21,1,52.092296992113084,0,0,0
21.95326270847633,12,4,14.890151741674003,0,0,0
208.23516912665548,15,3,28.523660808236606,0,0,0
121.90649073820201,20,5,11.757374154268584,0,0,0
60.4855324046922,9,4,1.9466552651557167,0,0,0
77.78579209349947,17,5,44.40215528895003,0,0,0
189.4458030914269,2,3,99.91311690188437,0,0,0
65.41860003869984,11,2,1.295554305829746,0,0,0
46.713952527826336,15,0,10.909650072209436,1,0,0
67.97325465009146,17,4,30.82644502561587,0,0,0
86.54308159647343,16,5,54.81527010524804,0,0,0
20.958298010258865,6,4,9.390581605992262,0,0,0
231.1703845401038,18,4,2.9182715745533914,0,0,0
112.1431524775562,22,5,36.599464913072964,0,0,0
100.31264443050402,22,3,85.38278685795136,0,0,0
10.480092357050804,7,3,1.793531830827072,0,0,0
92.67804020304152,16,7,21.49066549708662,0,0,0
12.892562944110644,20,7,54.46004715107895,0,0,0
8.196703947457973,6,2,7.005765591031235,0,0,0
74.93173912526872,0,6,13.455891424454347,0,1,0
51.54789906474706,7,4,38.33889420051499,0,0,0
88.87005412139428,18,4,153.1274789125513,0,1,0
9.345628419419755,19,2,16.93772522778856,0,0,0
56.38450787737912,19,1,33.4254037110953,0,0,0
19.21133988418684,9,2,25.535520108914163,0,0,0
435.0534628420925,11,6,113.84424552087596,0,0,0
82.35980940165314,23,2,3.7302436118508164,0,0,0
116.29487852247962,0,1,41.75254374665715,0,0,0
39.366245527291255,23,3,93.57901231323265,0,0,0
9.953188493148787,20,4,221.63475174412582,0,0,0
372.43351556221006,3,6,59.9866730728836,1,0,0
33.72351771227728,3,0,23.896586742622883,0,0,0
55.13146618709518,8,7,26.536482775556617,0,0,0
104.94334049244219,14,9,21.668715060295344,0,0,0
2.500739225655671,23,2,46.26822620061042,0,1,0
166.20959825323166,14,5,67.23953792526517,0,0,0
76.91176029826711,6,3,85.59224071227275,0,0,0
32.60309984573633,11,4,26.94352054981704,1,0,0
6.358749115528052,2,9,63.06394420499326,0,0,0
17.733212331388913,19,5,123.97959512343337,1,0,0
225.41174460985465,8,1,126.80460452109689,0,0,0
115.84394423424584,13,2,60.87469058013516,0,0,0
28.75510432190056,12,7,50.65415198611459,1,0,0
6.7851485556871625,23,7,37.913741816163004,0,0,0
117.31698326516984,11,0,10.117907865732999,0,0,0
84.95851682072131,0,9,6.598325319492168,0,0,0
51.83866773879795,18,7,33.24849639631287,0,0,0
45.19459732366915,15,1,8.684594359174245,0,0,0
24.438541562489988,11,9,43.01914621066323,0,0,0
110.74853073391695,9,9,51.8809486662522,0,0,0
352.9077156312417,1,7,37.2868655127027,0,0,0
19.323923332935973,17,9,1.855336510186282,0,0,0
90.91081386049116,12,4,2.973062750878228,0,0,0
55.19689472436302,23,0,6.014751040881892,0,0,0
59.183454566872754,5,7,8.340866838364448,0,0,0
29.32271247143336,11,4,229.67499630421568,0,0,0
174.3740320279735,21,0,21.117468688390016,0,0,0
66.40848202578184,3,3,17.263678907214203,0,0,0
78.39603618723551,0,0,2.68410387688327,0,0,0
36.34994822117831,10,8,50.43680467883688,0,0,0
20.06588202367116,22,9,52.80505913391303,0,0,0
8.982666879216907,7,1,9.64579533761282,0,0,0
125.21801316149912,1,7,125.81462830071968,0,0,0
21.844744740113093,1,3,80.5954347640651,0,0,0
117.14260890795774,15,8,13.088977364882965,0,0,0
49.49136369817238,0,1,33.26198519755613,0,0,0
53.74687557404199,3,2,30.660533729251245,1,0,0
63.33275812147372,5,1,21.425463166380165,0,0,0
45.84047698479597,20,9,85.08717654986889,0,0,0
10.604961661401749,19,4,5.785386845154057,0,0,0
37.0530215017796,13,0,26.834036908615865,0,1,0
108.98538382002938,19,2,27.93353565602368,0,0,0
109.59689896696901,14,0,31.623831953579234,0,0,0
33.71865217981344,6,9,98.7901221360027,0,0,0
61.63762066663546,6,7,12.305697510598817,0,0,0
21.498595021834387,17,3,5.4306886166303885,0,0,0
23.619343374963208,22,2,48.091669490509744,0,0,0
2.3316825037002555,1,7,9.548006602410258,0,0,0
227.0568632762163,19,8,3.8944061733585493,0,0,0
23.661724658939093,14,7,27.812878453458662,1,0,0
25.81671248112702,0,5,12.400408411673542,0,0,0
32.79506543623965,20,2,22.409493937023566,0,0,0
13.62872685020726,16,7,15.035736834440014,0,1,0
7.8116097388631855,12,4,41.08849805630951,0,0,0
14.41041463879206,11,8,1.369506305058736,0,0,0
103.49524469909284,23,0,169.62478951947548,1,0,0
41.50013647312861,21,6,20.876671036527075,0,0,0
123.08228169935941,14,7,59.398003180246505,1,0,0
81.51447604521161,23,9,83.13214442170064,0,0,0
29.574270297000577,4,2,16.363074987506934,0,0,0
105.21904997131024,6,7,69.06309408765861,1,0,0
12.36078573698223,7,0,89.31497671926051,0,0,0
76.87555644024447,22,7,13.808577590924035,0,0,0
57.47387494730084,13,6,244.60713815004974,0,0,0
31.180207886286844,3,3,1.045284597364609,1,0,0
92.63536883615896,20,6,12.231159815958035,0,0,0
205.0532211194819,13,9,75.71110418971553,0,0,0
681.6726764325567,9,6,10.791705589703573,0,0,0
93.58884404633397,21,9,59.909455327592,0,0,0
51.869966671823,15,0,96.73431043383071,0,0,0
25.5159511425464,10,2,159.97115391201427,1,0,0
29.71885688661107,21,6,32.14623692953752,0,0,0
65.28788973570614,13,4,177.21147039105114,0,0,0
45.77236597024535,13,8,26.519309236072242,0,0,0
245.12535914335803,1,6,12.30321427207969,0,0,0
45.93335062666051,21,2,36.06929359429948,0,0,0
46.75180666500419,12,0,52.46586178617952,0,0,0
48.37529391839626,2,4,30.621079863408646,0,0,0
181.16777906666115,17,9,41.847695660250785,0,0,0
105.20770101203692,21,4,26.927760282500497,1,0,0
95.2355441279677,3,6,37.19697255259921,0,0,0
40.66803798275884,20,0,152.4520872652631,0,0,0
170.3222229537659,20,9,34.6404771319354,1,0,0
3.911913412253491,18,1,14.596529753448648,0,0,0
71.89777349381096,3,7,20.593110634615634,0,0,0
50.79135926196764,18,3,84.69730420419089,0,0,0
68.74977302338833,22,2,2.9260724166244154,0,0,0
110.0861407642541,14,2,20.186678687122843,0,0,0
1.284760468362241,0,2,4.955665079977084,0,0,0
205.22300083002293,15,1,4.458931147438341,0,0,0
59.19263672187146,14,0,53.70421265256545,0,0,0
42.00203024352991,15,4,24.33387759279388,0,0,0
14.878492782997363,21,9,102.58312562353827,0,0,0
57.88642620326716,19,4,36.32538922597306,0,0,0
68.58196352817866,0,4,17.502221662823636,0,0,0
51.69219930759947,16,3,63.807266270505245,0,0,0
113.52558183533512,4,2,48.910539753103365,0,0,0
54.62741105691282,4,2,80.37065339810141,0,0,0
325.49584908566726,6,1,51.583434463143895,0,0,0
91.44861556606642,12,4,9.13688719532509,0,0,0
164.7544511832584,11,3,55.480128710898455,0,0,0
11.581037363231031,3,5,24.841961023269825,0,0,0
50.63212718510272,3,1,31.101178526181922,0,0,0
41.0750603934765,22,1,127.27398067949393,0,0,0
84.27670456993339,20,7,22.311546327327743,0,0,0
197.40983706146906,20,5,47.33223216663408,0,0,0
8.157695326880186,5,2,22.587108145411815,1,0,0
7.534313254465394,23,4,4.975962972923717,0,0,0
189.9240285519407,14,2,30.21336719919152,0,0,0
23.933656082514148,20,1,45.44856726038659,0,0,0
110.48917264841229,18,2,26.17049810849438,0,0,0
78.28052548429984,5,0,24.769451231346,0,0,0
178.9124513099422,11,6,85.84517485824065,0,0,0
13.36330090288986,13,5,1.5067347747194921,0,0,0
13.901263375799491,17,4,17.51940855436798,1,0,0
81.37755710278992,11,5,83.5011503674085,0,0,0
292.58080319497947,23,7,126.61887785301418,1,0,0
53.61395999127575,23,2,26.576898032595043,0,0,0
39.59239207269732,14,2,109.81865643431044,0,0,0
93.3155453200115,18,4,11.090354871148866,0,1,0
266.568923924835,7,4,12.514630459662811,0,0,0
181.3562432872746,8,0,93.60230772314596,0,0,0
540.0042439159688,4,3,116.7852482065022,0,0,0
11.975038241641473,5,7,3.0578357597330528,0,0,0
94.02447609114905,22,2,4.733346874492208,0,0,0
171.80060076229353,2,4,15.14864148354476,0,0,0
33.58145321856739,4,4,71.6586239216529,0,0,0
154.63495017981055,10,7,30.40252564509711,1,0,0
5.803370087179582,20,8,43.8703224151077,0,0,0
46.10560149370293,19,6,110.46526385930562,0,0,0
70.48336472616728,0,1,4.739186796122425,0,0,0
82.17733079230123,6,7,59.32697058178786,0,0,0
130.4217379834946,14,7,130.72174032408756,0,0,0
43.82658023077688,16,1,11.998595468977134,1,0,0
94.8515271575828,7,5,90.93772367271676,0,0,0
88.03818014102401,1,9,59.870504433098525,0,0,0
79.32241247937975,12,0,0.7287113016297666,0,0,0
102.29946304174327,11,6,13.173002454549776,0,0,0
30.036100626345323,4,9,46.550521970322464,0,0,0
8.844741150431103,12,1,34.897970990732915,0,0,0
12.70060684101033,5,4,37.532062215516376,0,0,0
25.435353367055207,14,6,13.193747848894647,0,0,0
183.5352490411513,21,8,15.490820026231066,0,0,0
120.82932643813793,20,0,24.66852330449733,0,0,0
155.6089601000968,21,8,23.015808498901,0,0,0
43.228500354747034,10,4,55.74089802294505,0,0,0
51.86120958927265,3,5,4.729423907258391,0,0,0
50.03504900363956,0,7,11.504751663807088,0,0,0
21.303628278197465,14,1,11.18825413906083,0,0,0
6.317055924404737,11,6,5.738267591395312,1,0,0
89.38349919684612,8,3,11.634131376259578,0,0,0
452.97551003910456,10,8,46.704951618363275,0,0,0
18.251722187543365,4,5,65.86979993478745,1,0,0
4.78097058700319,23,6,53.98512754824405,0,0,0
151.2001276159639,6,5,32.23577193374651,0,0,0
29.113603944710164,7,7,2.692964507875759,0,0,0
176.9863771303441,0,5,159.71771096295285,0,0,0
121.71818848236033,0,6,9.200737121452939,0,0,0
291.2743823626621,2,7,55.19451520678608,0,0,0
52.5816148607665,7,0,122.02953283749187,0,0,0
62.521713118648236,0,3,12.298200947708263,0,0,0
99.58446142528844,13,5,18.97497984356523,0,0,0
59.71080047336873,0,0,1.5335732020797346,0,0,0
20.903387071022873,5,3,47.43530401651089,0,0,0
70.90680801656102,20,5,47.46562244299498,0,0,0
75.20147749081377,5,6,64.64030679907657,0,0,0
166.3914416600045,2,5,0.5528597685062644,0,0,0
132.9992313521503,9,3,85.14384662424052,0,0,0
109.00241444019781,11,6,67.10640207556445,0,0,0
12.034680179467095,9,9,7.592718141358875,0,0,0
127.5169139742147,21,1,21.356909790338868,0,0,0
69.37576795855878,1,5,50.87810498968031,0,0,0
224.5255645894845,23,4,34.23880330959245,0,0,0
252.41166209481509,21,1,6.113707626494493,1,0,0
5.673606955938906,12,8,4.569887798786796,0,0,0
171.83690192639185,15,6,76.03846401813406,1,0,0
3.8426314810791937,12,2,8.478191272527551,0,0,0
45.755286383081106,3,6,9.442702794885966,0,0,0
78.15412780585682,3,5,88.8700893969794,0,0,0
16.028706739959624,10,6,47.35549435135715,0,0,0
137.1657258356797,22,3,46.40748968923912,0,0,0
0.8389800328416323,13,9,32.633456309896935,0,1,0
18.464310762977917,2,7,42.08178107166032,0,0,0
86.93995836314653,18,7,46.03623868268058,0,0,0
125.31194991754016,21,6,171.8301952606647,0,0,0
248.46239220862375,0,6,12.614028794048634,1,0,0
122.24649073120753,4,9,12.075714468567424,0,0,0
111.40689403916669,16,7,2.9460358736588823,0,0,0
50.14383992007869,0,0,53.67629969991135,0,1,0
0.12852511082760287,18,5,39.819073558774996,0,1,0
12.801436372392159,18,1,5.89635751839397,0,0,0
76.4760363686965,3,0,22.67022285673079,0,0,0
112.43298252853063,18,9,9.84110143587047,0,0,0
54.033731447289476,5,6,20.1345784264371,0,0,0
131.18513450622387,14,5,151.0670389017413,0,0,0
73.78565029000956,3,4,57.49299060734698,0,0,0
7.707133846051177,23,4,0.37989459059901487,0,0,0
21.32133332473975,0,8,14.55158874123111,0,0,0
183.25703590846103,23,8,0.520780081169247,0,0,0
129.06669466377693,16,5,62.74023986500779,0,0,0
12.50613638040742,16,6,255.95579874042676,0,0,0
462.76749916194626,22,3,66.13467541454227,0,0,0
23.497162037662495,0,4,36.48152822260792,0,1,0
1.1849808769170842,8,6,81.66231178451255,0,0,0
596.1105697437969,13,6,61.005727750571594,0,0,0
32.999668793933665,14,9,13.970894264602574,0,0,0
110.26789036875222,23,7,37.77861281147969,0,0,0
19.4413143281258,0,0,40.59639222793503,0,0,0
86.80448400777337,1,4,30.00394820462477,0,0,0
234.3771596174504,17,8,9.87334084283531,0,0,0
38.59289389976945,17,6,12.639500570356043,0,0,0
110.94325452113407,5,1,16.497992482978947,0,0,0
20.813621286178844,19,0,0.5154047857665192,0,0,0
98.0283798382421,7,7,124.41194508057605,0,0,0
41.01516003039929,0,8,57.93340227456299,0,0,0
23.72529455608322,14,9,58.49746388086254,0,0,0
37.56860156230283,9,4,42.470242203690916,0,0,0
19.70386054481221,3,5,58.44811248368727,0,0,0
232.1932124036366,9,1,200.4888205264068,0,0,0
50.61480578498503,10,4,24.319687838379938,0,0,0
28.14075385413299,4,3,62.33107102684,1,0,0
59.49463482037872,8,7,22.277572131624517,0,0,0
38.64512724240954,4,7,96.30643449267751,0,0,0
136.42168872242078,10,4,97.60648493240677,0,0,0
57.631331824412655,3,5,0.2739151388869986,0,0,0
197.35216622952035,9,9,17.704731290955586,0,0,0
83.43952959304305,6,5,7.189150998209487,0,0,0
17.10679153350665,0,3,30.255551248363687,0,0,0
117.31938473628784,5,9,34.20438139375183,0,0,0
72.0383745362475,7,2,14.77926388871212,0,0,0
105.15565513251069,16,8,64.26754789588807,0,0,0
220.44372393033558,23,4,15.719766933996576,0,0,0
58.05948155402273,6,9,96.17024644998733,0,0,0
231.44312142180232,0,9,9.780028788766955,0,0,0
138.89740052882308,8,3,22.882831981492533,0,1,0
67.0612848314547,10,5,48.67451359002886,0,0,0
92.43786905558201,18,3,46.4859076863802,0,0,0
39.39038959939744,1,5,4.062081538346395,0,0,0
411.03093076305754,22,9,93.62416940572182,0,0,0
110.06678891189938,10,7,45.57323646772753,0,0,0
4.48371826275338,2,7,101.95705085862453,0,0,0
39.54483028526002,16,5,101.10981946617272,0,0,0
97.63444813417176,9,0,39.473950044316965,0,1,0
5.798222368907986,2,0,120.833319166264,0,0,0
2.4174043172858024,21,2,94.32806252288242,0,0,0
59.78810735955457,2,1,158.65086024747526,0,0,0
57.678490131466084,6,0,86.07544772562093,0,0,0
30.47513402178592,1,5,31.683617980448332,0,0,0
17.99855836365473,0,6,11.914830331218797,0,0,0
116.84234279959816,6,7,120.79257953400908,0,0,0
72.27224824492772,19,2,64.10558049801692,1,0,0
38.50588781049893,22,4,20.851262699666105,0,0,0
89.60174008256985,5,7,57.93061810501927,0,0,0
7.497071927568316,22,3,32.48688841664061,0,0,0
15.952695024818638,3,1,4.249719451889584,0,0,0
7.606669362010112,18,8,7.625398326157015,0,0,0
167.30026822966664,20,8,68.45194159182466,0,0,0
139.96346762745924,13,6,35.428213616520594,0,0,0
125.9927273114059,2,0,72.75467933648343,0,0,0
110.6802004034411,3,7,69.55039134457238,0,0,0
64.81583568687648,7,7,9.13698382292643,0,0,0
102.7999587633613,17,2,5.178875552175925,0,0,0
3.911673553863447,3,4,44.72062733591677,0,1,0
97.14452148991833,10,3,67.66868681315543,0,0,0
150.4527172826306,15,6,8.069503168607785,0,0,0
69.38641582958456,2,6,23.25719582624926,0,0,0
44.24092070617669,6,7,102.11807743771242,0,0,0
32.49364590169493,1,4,144.3198109459805,0,0,0
102.94651695317695,0,4,30.263203935364192,0,0,0
118.02601795062995,0,7,4.142779432492331,0,0,0
204.76917423005668,5,4,14.899851539633696,1,0,0
41.90582006971966,18,0,13.261463053191234,0,0,0
146.86864918652321,6,2,13.653712442738206,0,0,0
214.41848042284414,4,9,43.76051674012429,0,0,0
75.03782969627993,20,4,6.5344625486200405,1,0,0
72.90434688100399,17,7,110.07187489961296,0,0,0
86.24587311524272,23,8,48.375757126595744,0,0,0
138.35595247660254,12,8,45.47217765341866,0,1,0
334.3602629837865,0,0,218.2250490398184,0,0,0
7.640961575208148,9,0,49.46242679493509,0,0,0
277.33944452648336,16,0,16.861614334490575,0,0,0
75.4757992728456,0,8,13.730362112664668,1,0,0
95.42600662026531,0,0,36.337130695191895,0,0,0
65.8598134970175,6,6,35.525751375982914,0,0,0
9.83379567665557,3,5,12.840423541967679,0,0,0
146.14032333489658,22,8,60.141282611153734,0,0,0
137.52541099450798,20,8,1.5040886390297687,0,0,0
37.35353152364357,11,3,58.660941743218565,0,0,0
181.91802925722246,13,5,58.39932588608989,0,0,0
7.510859633258702,22,4,32.41639981446015,0,0,0
212.9515776109881,9,8,189.34398479095634,0,1,0
29.660400801120506,13,6,20.37472963871883,0,0,0
89.89046194394787,6,8,202.486546818358,0,0,0
274.87812466612246,3,4,3.3590440537670068,0,0,0
113.35842453780182,1,3,57.56281549502206,0,0,0
53.516922689843646,23,9,30.27689307394981,0,0,0
116.96815572865837,17,2,86.33726024393988,0,0,0
42.1563448319192,15,4,77.94105890086912,0,0,0
32.470354305031705,8,8,80.52446897057466,0,0,0
570.8778313507593,4,2,4.976576821945486,0,0,0
138.9460292114004,8,0,86.40141678299543,0,1,0
103.48490043353155,7,1,12.042478937674245,0,0,0
43.89541222984246,23,9,1.3007879008422392,0,0,0
5.0410346569196465,19,4,12.278323809560353,0,0,0
3.1549364412740686,15,2,32.627630646145114,0,0,0
80.78428119174565,19,5,67.76137074010998,0,0,0
143.5622098119723,17,7,12.335483235510713,0,0,0
77.08475462878866,3,5,5.995940319670013,0,0,0
183.7500240741246,15,9,51.918293509692546,0,0,0
45.68932691044495,5,5,45.92344287412327,0,0,0
27.05895077519065,2,4,58.729983186540835,1,0,0
59.28910126309725,17,3,41.181867975053194,0,0,0
7.512922458664466,14,1,76.24299314833333,0,0,0
308.19797584795987,7,5,186.0792657892741,0,0,0
25.264368415363936,17,1,39.27729537243477,0,0,0
255.5000097189736,23,4,26.960441455871802,0,0,0
55.49397589335895,22,0,98.42831502324863,0,0,0
423.5272378574325,2,2,174.87717209425313,1,0,0
80.7567240150137,5,9,6.91609333909703,0,0,0
267.12294450021244,21,4,43.157758924436585,0,0,0
0.5363345754302759,20,6,78.62155754445125,0,0,0
137.92742843437588,23,7,38.1076531590475,0,0,0
233.35666338042057,14,6,26.31362983201473,0,0,0
15.04980203928479,11,6,53.24386160723484,0,1,0
10.106514479934617,4,1,15.744311608639757,0,0,0
55.26422224388531,6,5,21.472555009068547,0,0,0
78.17304691346432,14,8,50.594031016157906,0,0,0
74.96253960215273,6,9,103.14979510347322,0,0,0
15.213318768305816,12,3,82.45274859576787,0,0,0
0.07898229212405355,2,6,52.81681541762413,0,0,0
9.164890972579917,12,5,16.92480885072397,1,0,0
100.47116984193948,2,2,50.68366459046882,1,0,0
246.06018725738977,1,4,44.65355646493993,0,0,0
23.401734879397857,22,0,48.698587746939204,0,0,0
109.44395155187756,3,7,9.234132728448147,0,0,0
8.196801799436331,16,1,16.23411341217618,0,0,0
92.57229351685649,5,9,16.88973785377716,0,0,0
17.904499573158056,10,6,46.05840064640847,0,0,0
133.16302841661906,5,8,179.76377361514437,0,0,0
35.84354853454127,21,0,154.029173288075,0,0,0
62.24855852693554,1,3,12.88607388935638,0,0,0
91.48680993648819,16,6,18.18103931793352,0,0,0
18.786498604544335,2,8,1.8364095020912945,0,0,0
135.33928746642414,11,1,25.442677633802756,0,0,0
36.045399074517206,13,1,89.99183663752956,1,1,0
108.58101663950312,1,5,123.69936753738675,0,0,0
17.2311485981935,21,2,13.491877171055261,1,0,0
116.51292751384503,21,3,15.44831403459988,0,0,0
13.718155816390768,4,2,12.477573079435853,0,0,0
55.40054239732568,9,0,21.5471131758851,0,0,0
28.3963758940748,9,5,81.6761313804047,0,1,0
137.98163862921515,20,1,52.04417677542631,0,1,0
30.385888708770842,8,1,77.07516086578006,1,0,0
213.46778111374167,20,6,43.73718277470163,0,0,0
222.39607267523834,12,4,14.902318371462972,0,0,0
21.870506003449513,9,7,12.938159520049425,0,0,0
95.15188829413948,5,1,0.45207284633102407,0,0,0
9.18057334478092,10,9,75.93009928534842,1,0,0
49.681933735593056,3,7,93.90549997606529,0,0,0
124.93947007379911,13,6,73.1118375825758,0,0,0
107.71147657250167,16,9,3.8657663117226453,0,0,0
98.00313565001146,19,7,71.82081228744761,0,1,0
33.20392858098781,1,2,2.342393871894367,0,0,0
47.4855298678322,9,7,5.579721179985949,0,0,0
10.863937937254956,2,5,29.033386799635323,0,0,0
126.94818244537012,6,1,32.32720927031395,0,0,0
70.0955177368684,6,5,84.67322467775223,0,0,0
123.36269488324905,0,4,56.897845633283175,0,0,0
28.627443004121677,7,2,8.321633535430932,0,0,0
39.221068036685395,22,0,12.818653289563919,0,0,0
40.67889899433012,0,6,16.820875084067925,0,0,0
2.6079543926041944,7,1,6.600777815961166,0,0,0
41.71043917779007,13,0,16.958936839685602,0,0,0
162.60988050929922,13,0,65.20773677545762,1,0,0
227.592851512216,1,6,13.814129382537994,0,0,0
73.02642045424847,7,0,90.19959315967799,0,0,0
60.78904499642351,18,8,31.698367874627582,0,0,0
3.1309691414143166,9,5,19.49945615961715,0,0,0
211.36549012898635,6,3,26.586982308302883,0,0,0
1.3095587551408345,12,3,61.80702413825667,0,0,0
289.58883903538674,21,4,36.365476578867515,0,0,0
67.18089656039677,20,1,0.3652641347074272,1,0,0
41.84507987741728,14,4,127.76034872852988,0,0,0
257.9900219641659,10,1,3.413728066058948,0,0,0
2.469338052851552,13,3,139.53466024254618,0,0,0
87.08989424757011,10,9,1.4278356414775553,0,0,0
79.61383375868712,1,4,73.69715195694133,1,0,0
24.759045814479716,1,5,38.250928283671435,1,0,0
56.0168945761876,11,5,35.233281254061865,0,0,0
105.63117248883727,14,8,3.7781400937968437,0,0,0
129.8764173969264,16,3,13.639345270759886,0,1,0
0.07171157726430868,13,4,75.15204304792734,0,0,0
276.2296748224814,15,5,110.9397001595337,0,0,0
17.975529932259953,7,3,37.65745967375574,0,0,0
26.602552319201394,23,5,21.796993854970463,0,0,0
30.580998900279337,16,1,3.090749429507543,0,0,0
3.85538775516863,4,6,57.313272828590755,0,0,0
13.130772234466576,11,2,16.317445292154677,0,0,0
429.4010112250766,5,9,2.829243240645752,0,0,0
37.86528957168575,17,3,54.808522982824925,0,0,0
12.250790693285698,4,8,33.249350664978614,0,0,0
11.31589122348449,5,4,0.6017135974790606,0,0,0
127.10388464484849,8,8,5.878630089689117,0,0,0
192.80512215089257,14,9,60.0658050321795,1,0,0
29.699503647108937,9,9,3.2894362126374554,0,0,0
2.113121205612556,16,9,100.48199407558191,0,0,0
25.243078918109262,18,9,18.649383613156502,0,1,0
5.8175544727036135,11,5,4.642316752211837,0,0,0
10.91397999758756,8,7,71.30529709901359,0,0,0
56.47682488269562,14,4,37.16176895815163,0,0,0
26.12587578852589,13,4,18.31029904275813,0,0,0
72.55585572885688,0,2,26.052076584578103,0,0,0
282.24060723135887,0,1,54.338910056903536,0,0,0
236.38645884099563,22,2,22.767471538408227,1,0,0
83.65698567765499,20,1,62.59474197384429,1,0,0
43.76123250270115,21,7,49.4660800169234,1,0,0
47.98873236872913,12,3,52.67059742635806,1,0,0
53.077714349174286,7,9,78.72591578318237,0,0,0
130.04077976573376,12,7,49.86935617066459,0,0,0
60.08214416246606,15,7,27.126645544053368,0,0,0
194.3023943697275,1,7,24.708878880522825,0,0,0
288.4097628222166,12,7,6.36793027763897,0,0,0
40.93920384848344,17,7,75.58004936710456,0,0,0
82.25601657658099,2,8,71.58727806043284,0,0,0
22.373003296890793,18,8,99.2727619627817,0,0,0
53.35242438113672,12,7,44.45849955075981,1,0,0
23.09271600320445,18,9,32.570217376959896,0,0,0
209.20040468644743,3,0,0.8825585498473176,0,0,0
60.81827366230905,17,1,51.175811531570545,0,0,0
93.06413118003238,5,9,4.701680820770895,1,0,0
117.72137369778181,18,4,30.76925902196243,1,0,0
48.29986920726028,3,7,251.3073847954563,0,1,0
203.33144916892104,3,8,63.033972577695494,0,0,0
84.00687394105782,23,8,39.57890887779275,0,0,0
57.89399178286263,6,0,38.07482206105464,0,0,0
62.49082676593252,22,7,157.69472642592726,0,1,0
171.88948113569498,15,9,131.67798566150267,0,0,0
95.33204942892431,15,2,57.348869091034246,0,0,0
178.4758753894771,4,5,5.2131475590819765,0,0,0
68.12416743861647,14,2,11.649209141536792,0,0,0
12.608683520011501,22,8,10.16150336326499,0,0,0
1.373372315865824,3,2,36.654570219725194,0,0,0
36.128490595928575,23,1,11.647314230959433,0,0,0
119.72967107731871,12,8,59.50358725645284,0,0,0
156.1886152588445,18,7,39.398161579932754,0,1,0
35.06258972537476,6,7,0.8907971322584239,0,0,0
68.44925816430612,11,1,68.1400720835654,0,0,0
54.66581842156406,8,5,10.463803582097988,0,0,0
52.851921005093736,16,4,87.11565307329995,1,0,0
26.31178755211772,1,1,21.92877049098231,1,0,0
14.661212215811547,15,4,20.671311695719176,0,0,0
21.901279244708267,6,3,0.5943857753707181,0,0,0
5.692214580874584,17,8,220.0257566167485,0,0,0
22.0809704134929,6,0,47.338056142701866,1,0,0
0.9243487327556362,0,5,27.472273609851218,0,0,0
98.68698625086961,2,6,5.080677463469832,0,0,0
38.03463532381174,20,5,60.05685213689485,0,0,0
361.72925100823215,10,4,16.615179774023765,0,0,0
21.53205444529941,21,3,222.32641622674345,0,0,0
42.43858369647921,14,4,150.33699089383782,0,1,0
44.29195894483672,2,8,66.45728114019755,0,0,0
0.8487412463357722,23,4,177.1471442378114,0,0,0
182.7643382661033,12,9,5.582001891162845,0,0,0
3.2517468730536208,3,7,16.41932595353537,0,0,0
281.6412462983105,22,6,14.600791735162078,1,0,0
222.63127249908754,21,3,3.7368593435057487,0,0,0
76.68409039424598,7,9,179.18382389185982,1,0,0
78.43759654042603,21,4,3.092391835056987,0,0,0
106.06748686491814,3,6,97.13687575726112,0,0,0
48.94719319123584,17,5,73.08569725418734,0,0,0
104.19171184028232,6,2,23.56959662235745,0,0,0
4.580144297230278,10,9,0.9493235162651206,0,0,0
5.556305723331473,3,2,0.30572804328065406,0,0,0
61.107039463226485,12,1,11.407417767299318,0,0,0
79.76687173834807,8,2,34.048736322995595,1,1,0
218.76295204986297,8,9,30.616159971245498,1,0,0
11.055245258666984,22,0,44.009100557718575,0,0,0
172.96184101730074,20,8,73.91155997753818,0,0,0
23.5782255939255,18,1,23.688906374327846,1,0,0
50.10133362853077,2,2,8.739322587407177,1,0,0
38.06785021217684,11,4,80.48412632458997,0,0,0
51.108444536640995,10,9,20.225079721669914,0,0,0
70.03129422221012,10,4,72.26232727819658,0,0,0
161.76847736642597,16,5,136.01077350402028,0,0,0
58.25615582606809,20,4,123.23243102236366,0,0,0
67.45483675539894,13,9,7.392668983756084,0,0,0
122.43732000193543,23,5,4.873491112759869,0,0,0
67.42359475352347,9,8,162.1788692237545,0,0,0
29.79959422719944,3,2,12.118095191255994,0,0,0
216.2186369450245,9,1,10.996783526359875,0,0,0
24.993373772953255,11,2,171.86800475358413,1,0,0
31.350565295060505,8,3,59.80556589654472,0,0,0
162.52273569066162,14,5,6.448805396681791,0,0,0
4.514963912146639,8,5,33.26255698153727,0,0,0
483.9904024537674,6,1,84.80567476179196,1,0,0
13.966637861353098,23,2,42.48738102934128,0,0,0
158.99712503764385,11,8,7.112455788289296,1,0,0
50.215551265786495,19,1,9.430328277630158,0,0,0
67.76994796315043,23,2,99.80713351538041,0,0,0
212.56997646218883,13,8,37.43607746178196,0,0,0
53.25791751793214,21,3,61.18102372177114,0,0,0
77.10952165494717,15,0,23.34542330908119,0,0,0
5.055636852009737,18,1,38.016254602631136,0,0,0
0.23502335038611544,22,2,188.83777563297426,0,0,0
28.077249598577275,2,8,20.00172181940282,0,0,0
114.12581107222964,10,8,56.163981183295306,0,0,0
12.927178434698874,22,5,9.467644369862565,0,0,0
12.076969494142405,20,5,6.490623548859745,0,0,0
52.92622181711275,19,2,76.5406053105046,1,0,0
104.36612520169055,18,4,92.9296583092782,0,0,0
124.50448031777618,7,3,55.1779796233592,0,0,0
19.65632996048391,19,9,8.610393897474959,0,0,0
282.00499401347605,2,8,121.05475544532788,0,0,0
30.200601546873013,9,8,17.03333446857788,1,0,0
191.96826011894058,12,0,85.42439578764865,0,0,0
199.13680323465206,8,7,16.83922449208691,0,0,0
148.07043499728903,5,8,140.22467081927726,0,0,0
18.492527150218663,14,4,122.93441637906571,0,0,0
172.48569528353002,15,3,2.2113461957699463,1,0,0
146.64228291842866,4,9,73.57387674021929,0,0,0
41.128506399713615,12,1,12.120882067072971,1,0,0
30.450085763831353,18,8,30.794976833385522,1,0,0
71.28542289017165,5,2,19.71140296741131,0,0,0
88.01055720994962,0,5,42.828427686784536,0,0,0
44.525480830850675,14,8,9.356155571951694,0,1,0
64.50411888228547,14,8,1.1295459219070592,0,0,0
45.17935750985179,13,4,42.34107733433505,1,0,0
102.44497633958183,6,7,36.42993733013077,0,0,0
231.5257123057854,4,3,58.50336795623519,0,0,0
17.90312901192286,19,4,52.465692965483555,0,0,0
48.031066051238014,15,6,113.88798067322942,0,0,0
15.183340472694711,16,6,30.76012932663502,0,0,0
98.06793186733262,10,6,0.420234770158361,0,0,0
130.51587474590082,14,7,49.80089176737083,0,0,0
268.6965052433213,19,4,56.21688276976964,0,0,0
32.69385239922088,15,0,36.85442983310884,0,0,0
299.99653376498543,2,8,58.44715688831138,0,0,0
6.535236883050113,5,8,19.547336574366252,0,0,0
92.38539192184992,20,6,8.055895756555111,1,0,0
5.882974786911833,22,5,54.614664377208214,0,0,0
224.21881466178837,12,4,14.064224316883381,0,0,0
75.46164052268371,0,4,30.46934582013839,0,0,0
110.66898770099887,20,2,33.82657253800434,0,0,0
16.288443450302573,1,0,45.621054390670416,0,0,0
3.9355946712586096,1,5,1.4948089670216382,0,0,0
211.09829503091225,14,7,228.6956652474043,0,0,0
37.823896730845675,17,1,62.993742845663014,0,0,0
13.808908649535548,8,7,27.702993441257746,0,0,0
63.19791526968982,2,7,10.618219680003623,0,0,0
91.20648626902552,3,9,4.178718465119654,0,0,0
3.1460330526255715,14,7,55.7661194936096,0,0,0
32.14397148375047,4,9,19.059771805171017,0,0,0
3.3349849694895926,19,2,13.03438332342773,0,0,0
54.53055999304858,19,9,23.898111723771148,0,0,0
225.4748040665189,4,7,44.93765689736723,0,0,0
405.43017732332254,9,3,55.692167229585145,0,0,0
101.34834546861211,15,2,51.805833645052914,0,0,0
17.630492561569117,11,8,99.48574001195763,1,0,0
236.2859544869755,13,7,12.343479487325524,0,0,0
72.61825348034336,21,9,50.63267070785336,0,0,0
16.693964187907646,10,1,5.329973930894268,0,0,0
254.75483400285586,18,7,39.69643091071393,0,0,0
141.6625950863978,5,2,43.84850148523643,0,0,0
131.56691740848967,9,9,12.182449082983895,0,0,0
123.50531799341273,19,5,24.853790196766205,0,0,0
22.356841792780145,2,4,87.77896376084317,0,0,0
23.699743942384615,21,7,8.032448874061902,0,0,0
116.56916299242461,14,8,28.5027971509446,0,0,0
24.810597387896504,10,6,134.95432814904626,0,0,0
57.74493339386873,21,5,35.0699494336552,0,0,0
152.32685905122474,1,5,64.57352622047573,0,0,0
153.22570718345372,23,0,87.68448231500176,0,0,0
60.37851514830622,5,4,11.393634230758813,0,0,0
157.11307812546076,16,7,12.308918591404737,1,0,0
182.4004576863257,17,5,71.06322889074426,0,0,0
106.35610768293557,3,0,69.9804784530108,0,0,0
25.93225033180049,22,4,3.1035222347191858,0,0,0
32.02214907153648,8,4,19.467156473572622,0,0,0
12.420825443700604,20,7,88.31640140032576,0,0,0
31.90483858993221,1,8,27.39715631481758,0,0,0
23.51139418092652,10,5,130.1364853344507,0,0,0
60.757287698162266,10,5,284.3134930874244,0,0,0
239.07340026079106,10,1,75.87169726442832,0,0,0
11.035107754867992,0,9,54.88863549573898,0,0,0
127.39230051471193,13,1,24.870563821403106,0,0,0
116.24566649020171,0,5,3.4696178877643833,0,0,0
10.06540514157361,20,7,42.56481374972568,0,0,0
255.8412036161807,22,1,22.44772860381462,0,0,0
84.04233491125812,8,8,21.608276329233654,0,0,0
45.21252382004189,23,8,58.19103213819447,0,0,0
141.27968027941125,0,3,31.147425286326126,0,0,0
29.755122391428547,20,3,69.73525053836957,0,0,0
118.25696188886855,21,3,25.389281020224757,0,0,0
4.052121431358122,21,4,8.176759667512343,0,0,0
182.88885261021613,3,7,30.934233852089086,0,0,0
59.451678608514904,0,1,150.80952039426907,0,0,0
101.25068363887226,18,4,80.85451313534604,0,0,0
25.00495683051111,9,1,11.517803396675374,0,0,0
113.03311943687848,14,7,24.82152838038443,0,0,0
147.94640473464068,19,0,131.4102877298129,0,0,0
64.09593414771889,3,6,6.602285338785749,1,1,0
96.16200672882003,19,2,14.648149054488101,0,0,0
60.9405336346626,13,3,15.205659403599883,0,0,0
224.51785307140088,4,7,42.30709526527095,0,0,0
68.88945966547783,14,2,26.443821495325654,0,0,0
184.39502759149994,14,6,4.16205235375902,0,0,0
161.62211580651578,15,0,49.602121595811134,0,0,0
52.84887377461411,15,8,5.21682226096933,0,0,0
26.147449984018234,3,5,46.62290257311887,0,0,0
52.10142394823565,8,2,35.363155175699724,0,0,0
174.99500468404634,0,6,34.02820016476179,0,0,0
25.82948523333513,4,4,3.4941050491755568,0,0,0
74.32545381491408,8,7,50.974408168138254,0,0,0
164.03959451400206,19,7,28.221892396663407,0,0,0
43.61472401217594,4,8,26.475464261184168,0,0,0
102.78080423191489,3,5,45.372917177680186,0,0,0
28.187440173177897,15,3,46.60170808672764,0,0,0
11.572453186903008,1,1,0.7573720592712547,1,0,0
158.1746022142371,15,2,6.689479938026138,0,0,0
10.421519779447202,17,4,13.493300974990003,0,0,0
31.66048595697933,1,7,56.656667128987735,0,0,0
193.1776455906584,15,9,42.98856471446496,0,0,0
42.53657494379234,0,1,70.86431075574828,0,0,0
361.35994367424684,15,4,67.47070491576392,0,0,0
389.88271930828654,2,8,95.92837374145192,0,0,0
31.23519132546257,14,1,23.645581571216788,0,0,0
4.184149554516401,10,7,21.16087768621152,0,0,0
122.09944683857081,9,2,88.89738552704813,0,0,0
10.619735900198163,3,3,30.917978097745202,0,0,0
122.93686289535914,16,3,10.803782644330328,0,0,0
3.1671188143780205,3,6,122.57789298358614,0,0,0
204.1734978059086,18,4,26.19579756494631,0,0,0
14.925728931430957,0,3,11.943763562677146,0,0,0
13.617703639482334,13,6,58.88494864133783,0,0,0
19.318713149294613,23,2,14.028350777774373,0,0,0
322.5557056976925,10,8,143.67892078938146,0,0,0
118.14593456810876,6,4,22.913003957349577,0,0,0
161.6319211677688,16,2,54.62764103435184,0,0,0
50.68916814286077,3,1,21.17470269892418,1,0,0
40.99442156074044,9,6,82.31691755367483,0,0,0
26.720517159208878,16,6,113.61382423848809,0,0,0
65.51734528630516,3,4,77.53919906704583,0,0,0
80.25798284034477,18,3,94.35815885038082,0,0,0
99.90606900095817,17,1,5.372625558746201,1,0,0
29.721874092660457,16,1,128.89366573032126,0,0,0
296.9169818073171,5,6,48.94831332250454,0,0,0
18.603865449839617,6,9,101.71099434554087,0,0,0
337.1245688643728,5,6,57.6698093305127,0,0,0
1.4967579956715034,11,3,11.272790410028332,0,0,0
65.60936059113806,8,3,47.02342125126722,0,0,0
59.62444766414683,1,1,59.49084537765367,0,0,0
84.55167983753846,16,8,26.297059617014657,0,0,0
57.19728494302032,20,0,8.228001916028749,0,0,0
131.9471259424838,22,5,115.67442812337127,0,0,0
115.79683422956273,8,9,112.00104162914025,0,0,0
179.13872307324883,5,6,77.75229396368476,0,0,0
28.762738226664382,1,4,58.87971079423308,0,0,0
94.04003207007038,5,5,53.222063307523406,0,0,0
87.99462313288645,8,5,5.607723659613718,0,0,0
46.16193729546584,2,8,115.41317690372313,0,0,0
66.56439690207601,15,9,106.48556644552552,1,0,0
37.656012631655095,23,3,68.88707735155096,0,0,0
15.296984117820255,14,4,131.08098400298363,0,0,0
24.054560588710793,11,3,40.2691696981625,0,0,0
11.15056320482276,22,0,29.67797490890484,0,0,0
114.90730092891661,7,9,172.018852162298,0,0,0
108.09513446366658,5,5,31.19329506110806,0,0,0
300.7933842456464,2,4,51.26685173360804,0,0,0
5.344913101444707,3,5,50.5749019262178,0,0,0
215.62808929666386,9,4,63.66596470672522,0,0,0
198.54060863241608,13,2,48.995553771763305,0,0,0
58.57652866552295,20,1,36.13528208534576,0,0,0
88.15585640314227,23,5,17.841661939423116,0,0,0
373.29706396421835,14,3,51.619557403105645,0,0,0
75.99375447367723,6,9,119.53197537592857,1,0,0
235.7271805634875,6,2,0.34682969027838384,0,0,0
8.66900734969655,7,7,7.189420965430311,0,0,0
21.202047857571532,9,8,6.378781514801162,1,0,0
58.11675180632463,18,6,128.3309844648238,0,0,0
87.88909263782433,18,1,54.34619656617882,0,0,0
169.40586140728408,1,7,151.60747673164806,1,0,0
444.4933646332414,14,4,43.711068567413605,1,0,0
49.24152993818688,0,9,30.970018417047513,0,0,0
4.8576604921920685,9,6,78.59335871166367,0,0,0
161.53126514474883,5,4,8.773788188407636,0,0,0
92.73029420057071,21,1,24.009819272517305,0,0,0
22.13237816850504,12,3,31.393656549570633,0,0,0
68.28572175297411,9,4,17.723753593924478,0,0,0
135.5998919714965,11,5,23.203909959288943,0,0,0
147.14679532615204,23,4,4.066207376756088,0,0,0
69.23842956281919,5,9,11.031310464599848,0,0,0
36.415215751212614,5,0,20.43577326484455,0,0,0
363.9806740855487,0,0,79.45491686628814,0,0,0
108.87489248335707,11,2,10.075057027487091,0,0,0
52.46499397184403,22,8,21.281378616687547,0,0,0
32.91476409722695,22,1,3.3561750030996587,0,0,0
131.34268091253472,9,9,40.72105390252701,0,0,0
27.731393528623975,13,4,47.24105500490955,0,0,0
18.839193105909718,14,8,100.31567461777557,0,0,0
75.46692189786287,22,6,85.49496644331926,0,0,0
34.24725522651899,23,7,16.800074200002495,0,1,0
99.12975749934077,3,1,7.364346337716113,1,0,0
12.549369577136735,0,4,8.485067318229179,0,0,0
106.40401651212422,7,8,173.63028113391945,0,0,0
33.3093091564951,2,0,55.92429546733868,0,0,0
0.024296394786243698,13,0,2.1751745240447673,0,0,0
13.574648146529475,16,9,7.354241635504698,0,0,0
271.2289843223777,1,7,33.25715553783244,0,0,0
202.00761716097014,14,1,11.64888771652699,0,0,0
26.606283741089676,5,8,81.39511295637358,0,0,0
150.67545476034817,4,9,42.573993356433505,0,0,0
93.79526491728754,13,8,47.4190334898043,0,0,0
353.7179023406595,18,3,31.071618663109874,0,0,0
46.77751693624183,8,1,14.789931164093439,0,0,0
114.40091460496934,7,2,44.507228712369376,0,0,0
6.5643902431944525,2,9,63.11012714924822,0,0,0
50.45906795180224,17,0,23.177073910037098,0,0,0
331.91841573282,7,2,35.154182267863746,0,0,0
77.43157497530402,15,4,91.53041136553442,0,0,0
33.95081449998449,14,2,8.048463120407064,0,0,0
12.814133157086122,20,2,39.39756054412771,0,0,0
121.58036475124109,14,9,21.417191717397085,0,1,0
103.52320602387167,15,5,60.66661645353755,0,0,0
46.83070110826722,0,2,0.9494703037925758,0,0,0
301.4738795888855,9,2,55.50489479293803,0,0,0
36.20089324412933,4,1,3.348019400880633,1,0,0
253.91873869792093,17,0,64.48076519799363,0,0,0
38.70390724670644,2,9,51.13010621027426,0,0,0
29.069037132235092,3,7,112.65924664676315,0,0,0
76.40427394331647,3,2,36.662529562071526,1,0,0
173.61454969739717,10,6,37.75372774176087,0,0,0
10.886304332876568,8,1,61.38217720463891,0,0,0
286.5067404285054,0,7,19.533572027253246,0,0,0
158.51008810121178,15,8,1.8805481567577176,0,0,0
19.9976804156757,8,7,13.071213991314275,0,0,0
124.48224422774432,10,7,13.591316218212782,0,0,0
48.606589576539996,5,7,20.44797408718944,0,0,0
51.46574191867484,16,6,143.6427633030438,0,0,0
152.91956513135995,11,1,81.69749422447944,0,0,0
329.1038213455835,21,7,137.40943802742768,0,0,0
13.542561163620604,7,4,328.9078346287702,0,0,0
54.58143815444117,15,5,28.43854124212626,0,0,0
65.57388936367703,4,3,12.878554091369368,0,0,0
45.128256500646316,0,4,106.48809766225105,0,0,0
5.36842214946285,16,2,31.34287165584974,0,0,0
115.68940102633196,23,8,35.20022569057054,0,0,0
57.30812719665113,20,3,7.218877486918235,0,0,0
21.665688857936217,7,9,27.27564079948921,0,0,0
169.3001615679946,9,1,24.469093810579345,0,0,0
162.23243275329696,17,3,21.669199633858145,0,0,0
66.62942262892633,14,2,109.15070280456143,0,0,0
35.446404855261186,19,2,3.056626178239881,1,0,0
101.63672485770086,12,4,179.04105825129693,0,0,0
33.98910642463369,9,0,0.4140509228291611,0,0,0
26.919786987434787,8,4,145.5640546743304,0,0,0
131.12412649772278,12,7,39.708909972414375,0,0,0
4.116084329900907,2,9,60.60785092477193,1,0,0
9.956453489097497,21,8,10.359379477286733,0,0,0
0.6811318475385713,22,0,53.09640376685763,0,0,0
16.598751039945462,2,1,106.83559887791712,0,0,0
7.148526998011966,0,1,7.510929189934027,0,0,0
547.3234669787087,1,5,6.795660618082255,0,0,0
34.08156133763288,10,0,18.118693971182147,0,0,0
16.165813851906297,13,0,8.820506734999014,0,0,0
27.574857142200422,9,1,5.862987584916696,0,0,0
275.0836178289058,6,3,56.70975097924561,0,0,0
73.43030287706334,22,1,12.028895894666647,0,0,0
45.384385860468335,0,3,54.982876647579815,0,0,0
206.66552984773296,6,2,98.99944391495829,1,0,0
50.25107393434689,14,2,52.78120207189302,0,0,0
40.79811255637528,10,8,6.355719565280409,0,0,0
23.228839138124226,5,7,42.61624069080703,0,0,0
47.448858991801835,21,9,25.01313741162266,0,0,0
38.07983827069014,6,8,21.031800580113437,0,0,0
113.1044449284091,6,0,19.175260222533907,0,0,0
34.190274169784075,0,4,132.55908333591148,0,0,0
86.08554252288111,9,3,67.83822586346973,0,1,0
6.816339241982185,20,8,7.1847888893467315,0,0,0
21.231385065630832,14,2,32.31370261102384,0,0,0
52.32445396151938,7,4,19.15263822296738,0,0,0
276.3815383313632,23,7,190.69563871226973,0,0,0
47.361331346909054,18,9,190.90153229922805,0,0,0
109.08647421634592,2,4,19.248905923612696,0,0,0
29.448814453233553,22,8,21.70195799102178,0,1,0
13.58581843325942,14,1,45.741366051185096,0,0,0
6.031980586259154,3,5,32.62973449306916,0,0,0
17.157276475250228,9,8,54.00113262986391,0,0,0
19.117315447108982,17,6,20.33293930355871,0,0,0
143.02851559344788,15,7,53.0248735220875,0,0,0
1.5964833420840077,17,6,24.19957199218566,0,0,0
81.60159093633331,5,9,60.233634769006095,0,0,0
47.71674371017537,18,9,55.10082445289124,0,0,0
70.63337421787874,16,4,35.546493569047364,0,0,0
82.74336861295934,17,4,60.99494617076074,0,0,0
37.59563475904505,12,3,30.898801482028563,0,0,0
34.97118997014835,6,1,6.172733807585163,0,0,0
132.20128080016696,19,8,10.05114224358996,0,1,0
205.00923778859024,11,9,14.11769025672446,0,0,0
21.391332182344808,1,9,3.2658173503219063,0,0,0
10.271818805457007,11,9,62.13242820897831,0,0,0
228.0782568708252,11,9,22.895075951143674,0,0,0
43.06221038655853,23,2,4.90949741599427,0,0,0
80.14395246358926,3,2,85.72828962590076,0,0,0
44.55735206011498,3,2,57.545981345467936,0,0,0
13.444876910974438,17,7,30.094463380740866,0,0,0
88.99693122366489,15,5,14.212753240660126,0,0,0
74.47370489625473,13,0,8.228751726560986,0,0,0
22.689251890863744,16,2,30.658995333194344,0,0,0
60.12410509701797,16,3,108.24811663912126,0,0,0
159.42907324636525,2,1,10.437095434560117,0,0,0
89.26379355783232,5,5,42.0428424643556,0,0,0
10.194117612026533,22,9,163.09698948197712,0,0,0
79.41206605223793,12,0,50.6836819448427,0,0,0
121.31423809886033,8,0,28.987775768584783,0,0,0
157.36046889119848,20,7,63.004759446579385,0,0,0
99.1870190148079,8,3,87.02801588392146,0,0,0
16.565108197099516,7,0,44.64290879802506,0,0,0
123.8472005559095,16,6,102.72080882990728,0,0,0
113.11618632057319,15,8,36.13825044287563,0,0,0
2.4730168309727754,15,9,88.6063728849596,0,0,0
40.48906435880678,23,0,34.78186060820679,0,1,0
110.68825862563538,15,0,46.443692867221756,0,0,0
24.351950362619597,13,0,47.01220982553222,0,0,0
89.3727025197345,19,7,76.03356008849703,1,0,0
244.42173441697938,13,6,86.57062858406172,1,0,0
254.41184069287166,13,2,66.09271050797305,1,0,0
383.9979914120606,11,2,76.58109439831615,0,0,0
1.0727461016831106,5,1,60.27026473556673,0,0,0
97.48240573536343,19,3,62.53499528522383,0,0,0
53.24568982088197,12,6,2.1142187463861934,0,0,0
196.5074041378884,15,8,29.173280282402086,0,0,0
29.010460709960643,8,2,85.23680828895596,0,0,0
396.4869564194697,1,9,135.9104372125437,1,0,0
157.76360075809131,2,3,43.279279687724284,0,0,0
8.948667746268846,9,0,81.56634682254928,0,0,0
20.267678769223473,19,4,69.79858032077122,0,0,0
2.2231827896392957,23,2,0.9434038076204592,0,0,0
169.7602604565759,9,9,64.34704379995642,1,0,0
1.4047220535551224,7,3,74.19370644592428,1,0,0
107.03713614170391,16,2,64.15973114735037,0,0,0
94.54488601481731,0,7,28.186264127071997,0,0,0
119.08308953772053,5,9,253.7758611126911,0,0,0
41.927282618995896,6,7,73.65516048502383,0,0,0
11.424704875779252,14,3,43.218132577290184,0,0,0
7.21899779484894,17,1,136.05013854145793,0,0,0
88.9006413735262,8,2,119.40624464133398,0,0,0
73.53354282585661,7,2,84.25310002477214,0,0,0
135.55751028413152,9,3,41.470677661325894,0,0,0
71.28102580016906,3,1,37.44367422172337,0,0,0
54.89529709153086,19,1,19.92754819744601,0,0,0
50.764265850582426,7,2,14.442669849493376,0,0,0
2.680291287112042,0,0,35.90884298749042,0,0,0
40.88064868466333,7,7,43.11164731410087,0,0,0
373.05416983991,22,5,14.020524163348922,0,0,0
206.79524051152208,11,2,127.93922831949737,0,0,0
39.95497390044152,22,0,40.74021015375135,0,0,0
88.62354632477158,14,2,37.38073066332224,0,0,0
187.92587541850182,12,0,28.60300387785955,0,0,0
1.8121062943484756,22,3,107.02387955148455,0,0,0
348.8042885438253,16,6,46.75247397879308,0,0,0
118.15903123810303,15,8,43.91204786650882,0,0,0
7.355633050057403,22,7,37.29704863937486,0,0,0
20.993230021355412,4,3,10.01041882709299,0,0,0
147.54453777256532,19,5,16.46728640402299,0,0,0
184.16206945030478,20,0,37.136630526852464,0,0,0
96.15354772201921,9,7,77.87607286684607,0,0,0
103.40139339044647,5,5,28.280722129026444,0,0,0
2.8746705975884024,11,1,11.402940135122229,0,0,0
176.334846865214,9,7,4.602717652554198,0,0,0
155.2467999388228,21,3,54.385250024021026,0,0,0
29.980208275053023,16,8,27.5251194986172,0,0,0
123.33217004808783,1,3,6.697767988445591,0,0,0
24.188636360463658,18,0,56.11455356588762,0,0,0
4.11659714355243,19,6,11.633106154619464,0,0,0
22.45652396723264,5,9,35.567191832899326,0,0,0
19.67802336100322,12,4,18.27771063116462,0,0,0
41.210912589659,8,9,134.18500267487516,0,0,0
54.20574615692421,11,4,12.957197071538515,0,0,0
71.03724707000953,17,3,27.229335260406316,0,0,0
64.77033242927797,7,5,160.3147607177203,1,0,0
31.563528986043444,17,0,19.1894750275142,0,0,0
92.91268186674587,21,6,19.04304280324369,0,0,0
50.37587031212968,1,7,5.8646253745951356,0,0,0
35.47798227979359,7,8,49.382252417733945,0,0,0
201.6962961994405,9,0,123.8656985345077,0,0,0
137.33517109237485,8,3,30.1255468968512,0,0,0
195.02785150951846,23,1,49.198581614894614,0,0,0
68.31627804108274,17,1,46.939397004966175,0,0,0
14.033304536922712,7,0,26.814839066657786,1,0,0
119.14562512877922,18,4,47.71217549926069,1,0,0
23.076474388773583,2,1,15.009200478470323,0,0,0
58.20167473032931,8,3,23.74380639880784,0,0,0
174.47331592951977,8,2,99.75821225043434,0,0,0
13.460698921119329,19,7,21.411071117043054,0,0,0
233.40500333710438,11,9,50.41167350988509,0,0,0
199.67974372754708,22,5,12.00201487423151,0,0,0
62.47089564813596,12,9,14.55571305418566,0,0,0
136.40171679085705,7,4,52.2671621212625,0,0,0
96.61247594521222,14,1,71.83938348782804,0,0,0
162.49355952375757,12,2,31.005727138849608,0,0,0
56.5290786698282,20,7,20.40590847659853,0,0,0
154.08847307368387,12,8,120.54837289896723,0,0,0
62.074618186352104,16,6,7.298004931376696,0,0,0
282.96381360630727,14,0,63.77598917592372,1,0,0
66.62562072583974,21,5,58.586696944395534,0,0,0
62.10484448761042,18,6,58.598707094841174,0,0,0
153.74515465553478,2,5,136.99286977136902,0,0,0
172.36020204702066,13,9,65.13265467521934,0,0,0
80.85335976249497,9,1,17.94567161781814,0,0,0
19.820440020851102,16,8,21.80208397700118,0,0,0
63.065743978576535,7,2,24.805962493989846,0,0,0
344.4287662727786,17,5,1.5646619915117301,0,1,0
139.8311045289649,11,5,122.3865062715094,0,0,0
166.68689722104511,16,7,3.8199005920430644,0,1,0
3.3376343572544265,22,3,60.164365649352845,0,0,0
63.08476565458076,10,5,65.49649060421481,0,1,0
104.02145218398546,8,0,92.80371697064093,1,0,0
177.2149117051285,21,8,40.300371406750365,0,0,0
5.052901135022188,23,8,64.59730925947223,0,0,0
191.35128543837843,23,6,18.02862106701374,1,0,0
79.49605209822795,22,0,68.43922996527931,0,0,0
21.979163847602067,14,2,21.03521210042937,0,0,0
38.16341590085905,8,4,116.56902572399031,0,0,0
33.11875974094449,11,3,8.91937373861224,0,0,0
75.68519891478418,10,4,18.972130766659554,0,0,0
5.306927040623063,16,6,34.534455360467895,0,0,0
17.261223537717648,5,8,74.77211469938024,0,0,0
167.50065286082787,7,0,69.07511409532545,0,0,0
14.225964840631669,9,4,11.831509067201436,0,0,0
26.578525970018013,14,2,7.788014363215642,0,0,0
60.39842301396461,3,2,18.118097380503645,0,0,0
72.7988942605244,17,1,33.0586088363226,0,0,0
144.22743244419289,10,5,38.71840896341262,0,0,0
156.0003294234254,8,2,54.396989642042485,0,0,0
96.32416444984972,7,0,27.892275355137837,0,0,0
12.002274879418378,2,6,146.24413228819472,0,0,0
16.999556103040913,20,1,15.120760231745011,0,0,0
57.45355557446506,17,7,49.35874999310238,0,0,0
50.56546713627221,13,2,47.25739861587887,0,0,0
136.07992204454206,2,0,16.534678796185666,0,0,0
86.92572044436054,16,9,26.524861066039417,0,0,0
49.1240472734114,3,8,22.74382078826156,0,0,0
18.724600213676386,20,4,9.467251790233156,0,0,0
25.726551821768307,17,0,32.436921719167195,0,0,0
55.06737955565839,18,5,9.820052064093796,0,0,0
72.34569329469679,21,9,29.880946264768426,0,0,0
18.714609856466698,5,2,27.39557478152782,1,0,0
108.73942043616682,14,3,7.041652255466,0,0,0
191.4189787571744,6,7,7.031399524615176,0,0,0
29.832451189654762,11,4,52.1362796340722,0,1,0
371.0198254272311,8,9,141.6640242380742,0,0,0
40.532772837128405,19,3,4.551226790834239,0,0,0
90.39826503339499,4,5,6.270309859232327,0,0,0
9.452575776402291,10,2,2.660447375991269,1,0,0
93.14424477681571,1,9,37.988760106599834,0,0,0
9.390611659763758,21,0,48.741910333828784,1,0,0
319.9942087786592,15,5,25.83576770566905,0,0,0
125.75939009346033,3,0,79.95018220248666,0,1,0
155.19230061193147,4,9,58.02961404231155,0,0,0
121.77484570000021,6,2,212.86819595220186,0,0,0
89.0937449955458,5,7,7.418909331015304,0,0,0
59.767843348353914,23,6,3.0042580357825597,0,0,0
195.45611193538636,21,7,16.065645491755387,0,0,0
314.27407623293976,9,9,0.9616994112603229,1,0,0
69.1221381909271,13,9,134.8639914177607,0,0,0
268.14333311601047,7,1,18.116808257593668,0,0,0
87.54677213268582,13,9,40.19613509907812,0,1,0
77.30223072182363,13,6,19.141386367327957,0,0,0
60.60208205992647,19,3,14.10545630946568,1,0,0
23.482117200571416,22,0,8.26524173681654,0,0,0
0.372659595928331,2,2,19.3100371890295,0,0,0
47.79712098996148,8,7,40.83268273566818,0,1,0
59.5086655520611,21,1,38.04016152445037,0,0,0
394.4970851545388,1,1,1.7949886207822108,0,0,0
43.120203570977736,15,7,91.66002516184015,0,0,0
60.181387871717895,7,8,2.293892640770852,0,0,0
14.331111730757701,5,9,118.34672778873593,0,0,0
4.914584647572164,22,0,38.68226984506801,1,0,0
149.34765999637727,12,1,9.224190953995262,0,0,0
84.5560112979825,0,3,30.047308917270538,0,0,0
143.00573680300215,18,2,264.76091551136113,0,0,0
16.235752944881845,14,0,18.198132604892198,0,0,0
84.82320960757755,0,3,15.698548772621065,0,0,0
29.255053667024544,9,1,6.2784953359671976,1,0,0
25.885080586812016,0,9,45.45860011196876,0,0,0
1.1592953412733242,11,4,4.6730794209044815,1,0,0
13.965378032931635,10,0,72.62343124597018,0,0,0
37.00035355725912,16,7,125.80346873759336,0,0,0
12.429278382948347,3,9,134.31769722763335,0,0,0
425.86373283397074,22,1,5.70976319502628,0,0,0
36.90839735004288,6,2,40.85198425585014,0,0,0
13.963448920533642,11,2,5.10771942249536,0,0,0
22.199709977593372,12,3,42.43348989299398,0,0,0
88.60118693787071,4,6,84.36472572985294,0,1,0
6.618630344124009,5,8,38.586814843330224,0,0,0
198.36524230661558,1,2,102.80728099814036,1,0,0
325.7088706220438,20,0,80.89224634012001,0,0,0
28.335467670594088,6,9,16.18607814902414,0,1,0
59.80102313789227,13,0,49.72643758916619,0,0,0
2.2383093888224397,21,5,0.37198663922372655,0,0,0
102.36260426213855,13,4,25.212524034100888,0,0,0
53.43093165676217,9,9,13.587822570636648,0,0,0
31.47908385971959,3,6,138.32345104819092,0,0,0
23.172666938233995,2,6,25.992394423655984,1,0,0
106.13832045845761,22,2,53.07513652885236,0,0,0
53.82259937048771,13,6,65.8349839356132,0,0,0
19.803552383751725,5,8,74.18709969243274,0,0,0
116.83131726587064,22,7,66.54774964033756,0,1,0
83.25754296013133,14,2,17.065751470929765,0,0,0
195.66722376461985,7,9,57.92889554984043,0,0,0
12.496918049263243,4,4,39.81544823361449,0,0,0
154.02225414427951,2,7,45.48719357017619,0,0,0
111.93767460353796,2,1,0.04074746448693077,0,0,0
12.217999204841886,12,6,14.937663359404347,0,0,0
118.68559041320002,1,9,133.4537571913217,0,0,0
58.258533528388824,23,9,17.129873713715188,0,0,0
290.0145505746256,0,6,28.814052456558077,0,0,0
15.26983107468978,11,7,10.331162195320514,1,0,0
102.95529136766316,7,0,7.459963443685039,0,0,0
48.12345331508119,18,7,11.701945073192578,0,0,0
314.2254438419255,8,0,40.33229484917195,1,0,0
40.04400975830923,13,2,125.68299538746062,0,0,0
327.50734810489286,17,8,19.74103654390137,1,0,0
231.75550974726372,9,3,19.53433879470161,0,0,0
31.523586256749542,8,9,41.52177673092704,0,0,0
542.7106149660531,0,0,120.6289541003486,0,0,0
29.123906060190595,4,7,23.728545582338185,0,0,0
57.40799375368406,9,2,33.71060456344698,0,0,0
73.43457805012031,12,6,38.112997672854625,0,0,0
34.945980122939,21,1,76.1785625698253,0,0,0
1.5382546699889068,22,6,41.494866180682465,0,0,0
24.86270707170151,3,6,13.666287643080882,0,0,0
33.11978089808225,0,8,6.618729192229381,0,0,0
58.62672821216833,20,1,138.8495572862153,0,0,0
18.765874839202425,1,7,80.86417912838752,0,0,0
206.55730094224748,23,4,1.1616509430940936,0,0,0
122.04787230289536,3,9,86.16645340548868,0,0,0
8.905033887088159,16,8,44.65286085818128,0,0,0
105.0086305505497,9,7,36.58340737327145,0,0,0
106.03241537084772,22,2,0.6152285358100325,1,0,0
312.86049950043537,11,2,75.90314973231494,0,0,0
0.3025443398058438,1,9,11.036386977014716,0,0,0
28.49291316806406,2,7,65.09420729659439,0,0,0
262.8197225854177,13,8,0.799774796978755,0,0,0
269.0218859606185,14,1,79.56851831580485,0,0,0
127.50622269362243,12,2,1.1654512626418927,0,0,0
145.14232262790463,8,7,13.452366086203577,0,0,0
9.594163285145516,1,1,15.617745450253729,0,0,0
72.12912037167176,18,7,8.569593487704438,0,0,0
26.342271310236647,15,4,32.79817667505359,0,0,0
19.99374620934279,10,5,16.681969818407808,0,0,0
14.506986167022246,0,3,43.371313447704196,0,0,0
63.23374219932191,1,2,41.79061653962048,0,0,0
278.9991102479082,15,7,12.478844583316178,0,0,0
20.558861431633275,1,8,26.2706957593344,0,0,0
381.6413949302463,18,7,6.6182033883827565,0,0,0
516.5183561136166,9,8,71.8855415231606,0,1,0
81.10688238573306,18,0,20.110464164642526,0,0,0
18.650156909813926,9,4,69.70943868653043,0,0,0
37.99507180609543,15,6,23.236557654788527,0,0,0
55.25035968170129,12,7,224.40154616365487,0,0,0
37.00847756873162,15,1,9.384092210259496,0,0,0
32.93872066536054,17,3,0.07625280952935719,0,0,0
358.3788506575202,23,6,45.171877129912424,1,0,0
16.648540606465005,7,4,152.83062149415744,0,0,0
132.1735497877455,23,0,52.0720181909855,0,0,0
0.04103736309162629,17,1,4.481113087327288,0,0,0
90.67926552586009,12,4,38.87868224397497,0,0,0
247.62601858758785,6,5,120.11305433123516,1,0,0
33.958480737817204,20,0,0.32636622940974463,0,0,0
20.521274249549098,22,2,9.130812780937326,0,0,0
105.46330926077721,23,5,84.25161454167277,0,0,0
124.6885202003318,17,5,112.17201078002927,0,0,0
116.48499131108507,5,6,61.4065507184024,0,0,0
38.46583968691644,8,9,238.73961795832966,0,0,0
29.06229287461431,5,2,4.727399644390455,1,0,0
312.17218904164906,17,0,39.447290723949656,0,1,0
256.78471595464197,16,6,57.758294339855794,0,0,0
61.12292044117772,11,2,60.641381368811324,0,0,0
187.20623407446965,2,4,78.8690183695483,0,0,0
60.20704539762938,4,3,124.82429866670644,1,0,0
55.23232250552198,6,0,22.44275780167214,0,1,0
17.050715956002996,9,6,2.1956818115567196,0,0,0
55.58335484902193,9,3,22.505494578028006,0,0,0
77.09291459377752,18,0,55.6783928958772,0,0,0
58.71902521073249,9,3,83.02944283682957,0,0,0
152.0311441478238,17,3,12.407971380301944,0,0,0
113.95782197163231,2,1,0.5057190356292771,0,0,0
100.8288124398501,20,0,35.47203756096191,0,0,0
240.30180848313276,2,2,64.8156580119659,0,0,0
1.8196567722321362,4,9,21.51264056474428,0,0,0
81.4292932747893,15,4,69.0943642354977,0,0,0
154.8102241871374,19,8,28.848657187612652,0,0,0
77.94360172656329,12,6,9.419875944588032,0,0,0
39.140770685711665,10,3,4.746224368603243,0,0,0
14.647255813141538,12,7,61.9950557533983,0,0,0
218.53628529202598,18,3,24.36479716920355,0,0,0
210.46789179097294,23,0,38.85417092189777,0,0,0
88.15321767443515,12,5,21.418707760591452,0,0,0
112.1447386099571,3,9,21.46158499174659,0,0,0
163.097392851105,21,4,7.04580761699136,0,0,0
107.63290482856556,4,1,45.04414640242352,0,0,0
50.75889352962613,18,0,43.633688594806955,0,0,0
72.07925854073832,4,5,80.47031863069766,0,0,0
162.47826666747721,20,1,11.23204374138109,0,0,0
46.78464318667654,13,8,17.180155018535963,1,0,0
49.122147493741295,3,8,5.114814598151709,0,0,0
10.058318535846738,11,0,17.502149365027748,0,0,0
246.0226937437883,5,4,27.939741379290428,0,0,0
9.54501360377275,18,7,166.2512853135267,0,0,0
53.30618237643874,0,2,76.3638562689612,0,0,0
52.02354076709824,22,4,19.689912953441894,0,0,0
113.80347522784197,22,4,7.804208137201984,1,0,0
6.945054687922772,15,7,14.83411882499867,1,0,0
90.06777092953475,3,5,14.817152937304105,0,0,0
147.85490719059254,8,1,43.74728310429246,1,0,0
176.1498532297632,17,0,20.887346021129343,0,1,0
18.696880581994254,16,2,97.38519035157009,0,0,0
227.7103036761431,14,1,223.46434971030044,0,0,0
106.7538397416239,18,3,21.02627786893043,0,0,0
213.58409094433543,6,2,61.049213055054274,0,0,0
66.41336086968487,17,8,53.57222225862076,0,0,0
78.09589034075168,5,4,10.812275364234953,1,1,0
251.37787919089502,18,3,125.05704260485643,0,0,0
230.16809354144473,20,9,11.122351396422685,1,0,0
59.44987124438186,11,8,66.77191313166986,0,0,0
32.0773788871442,2,3,21.355609402074162,0,0,0
49.95073091684502,0,5,22.870686148746138,0,0,0
49.06379864939483,4,9,30.389688710372546,0,1,0
33.80871648921141,0,0,99.94212595157563,0,0,0
31.276688786534667,7,1,7.555794394997484,0,0,0
197.37342288170922,6,3,2.8057490997042667,0,0,0
7.242223147368448,14,8,25.71163932072033,0,0,0
113.1996952882909,10,5,2.859484788689353,0,0,0
18.973301567705533,17,5,58.17368438544756,0,0,0
42.23659665038688,13,8,71.42358765282096,0,0,0
6.351827817295681,8,3,96.4520008304648,1,0,0
31.467463159516395,4,2,68.09808978568702,0,0,0
216.29564164310645,3,6,68.97609187059443,0,0,0
25.042116551909142,11,8,137.502738384264,0,0,0
62.277789005573084,0,5,10.72844557994701,0,0,0
63.54898706262965,23,1,34.64367418768969,0,0,0
206.810845052591,12,5,255.22477384821806,0,0,0
143.88476189314855,0,7,57.21891525973037,0,0,0
71.96497277487082,2,5,105.45015780784077,0,0,0
111.09294356516098,21,8,1.5432631468814362,0,0,0
187.9640668173544,7,3,102.69176920530481,0,0,0
0.9584741254990228,23,2,59.81895788759148,0,0,0
51.565397995651665,17,4,9.362007703544053,0,0,0
237.77739120363003,15,2,1.3008234417833833,0,0,0
134.82783380988928,19,1,15.050293947832921,0,0,0
78.27248462003128,19,1,123.71220031336081,0,0,0
75.4266544690837,15,3,55.15104040130991,0,0,0
42.73581681720071,1,2,125.95571852332232,0,0,0
73.5054208602718,16,8,29.54313999236196,0,0,0
106.53222023432826,9,6,137.93594392642072,0,1,0
54.1908803249804,6,5,31.08411778497343,0,0,0
125.22990884769511,9,9,11.423807495056378,0,0,0
197.49534427416106,18,7,8.207982218167714,0,0,0
16.80457604295525,19,8,254.25565663054002,0,0,0
60.065373278220115,8,2,20.312970784939345,0,0,0
52.42825826555936,21,9,8.720825725767444,0,0,0
116.30381891067599,16,6,0.42219905837019706,0,0,0
28.750537507425456,8,8,16.8134825142341,0,0,0
102.23484765181756,8,0,109.96359821129849,0,0,0
209.95564302534362,4,9,38.179482325498,1,0,0
54.15109733027735,23,8,50.042762269995414,0,0,0
241.92953290719586,6,6,127.80366088888888,0,0,0
498.55143245045906,10,9,35.95812498302097,0,0,0
11.215247325739204,7,3,91.09439405177444,0,0,0
26.533782550160463,13,5,19.565780164140108,0,0,0
300.335629230888,1,5,188.8349859254467,0,0,0
317.79183150838367,9,5,4.104658570501731,0,0,0
10.281628317140825,20,1,64.51822330770935,0,0,0
17.56637968524088,15,6,10.63933754580752,0,0,0
552.4661881045076,15,5,24.620151568132233,0,0,0
19.84504711760047,18,2,18.758613968708847,0,0,0
69.8255418865816,10,4,4.963006287272463,0,0,0
188.66267415717445,5,7,43.94830505444988,0,0,0
2.0612598135984843,5,4,253.12153229177125,0,0,0
92.75766344088694,6,9,41.002247341223445,0,0,0
32.438125643266986,15,2,39.401462357620325,0,0,0
198.29314743175496,12,8,2.0574413209151454,0,0,0
33.33228102447433,2,2,7.495829176759132,0,0,0
116.0771946448222,23,1,35.9970566038476,0,0,0
112.15318438299641,23,5,210.5840390070607,0,0,0
25.037800111382452,8,7,104.6193427776178,0,0,0
3.541911625144456,23,5,20.79161723674087,0,0,0
34.13545484850642,5,7,40.226536835355525,0,0,0
165.5365363551361,16,0,57.81640491814842,1,0,0
161.12605146416126,2,8,58.202687464906056,0,0,0
61.069007087309444,1,7,77.98300428105242,0,0,0
93.27052797730452,11,5,1.2644045156358992,0,1,0
92.69966259603335,23,1,143.83544760179547,0,0,0
175.53782553376416,5,8,3.631870558896202,0,0,0
55.33894366687263,9,7,32.32845988033103,0,0,0
32.21999240571301,10,3,126.0241689641225,0,0,0
30.793228857203992,15,1,33.43920225655625,0,0,0
76.82852076459699,15,5,3.2875940070981784,0,0,0
59.62894764841534,23,0,13.018913181442826,0,0,0
58.003418098453764,17,6,43.21656017348929,0,0,0
9.556128432710482,21,0,4.598178282922883,0,0,0
126.79914275323338,22,5,27.5544313505784,0,0,0
24.046354008621805,23,4,19.956257374279147,0,0,0
21.934282100984323,8,9,84.42611983658136,0,0,0
53.231882374679415,20,2,5.834103628305232,0,0,0
25.84836479123338,18,5,57.410895161351604,0,0,0
87.67293731606597,1,3,26.093407674618703,0,0,0
46.436092223846316,23,5,44.30634840870303,0,0,0
59.58602695817318,0,3,11.504114181787422,0,0,0
77.03939971907032,15,0,47.04245228423384,0,0,0
22.75727488460302,21,4,56.039478956985974,0,0,0
16.930854197537567,17,7,3.640985904913808,0,0,0
212.37855886314452,2,5,86.96146326756428,0,0,0
56.867316234742646,23,9,98.75555846163573,0,0,0
53.11875438125227,0,8,3.283173986396105,0,0,0
3.6261731544243307,5,3,46.214568602782705,0,0,0
68.91079544033674,18,9,45.07152187234704,0,0,0
80.78169411151505,21,8,0.6268334265025877,0,0,0
81.83496317837553,18,7,20.953847563340734,1,0,0
122.76890555654019,10,2,173.56884148973512,0,0,0
19.538471146917182,7,5,40.53472183095972,0,0,0
29.065065330522554,4,3,135.3114450898869,0,0,0
166.4583169959441,19,0,56.29577806955114,0,1,0
294.0687743880021,8,8,1.4400661485696145,0,0,0
14.610467451212472,14,3,4.044951938640049,1,0,0
68.84573042527045,20,4,64.03890484571109,0,0,0
24.10227518252077,13,2,40.43551052918307,0,0,0
6.195324542318763,3,3,6.799673314950361,0,0,0
39.37885523845795,23,8,47.604015092833734,0,1,0
15.512004555868996,23,6,83.11223878662638,0,0,0
123.76436013662963,7,7,69.91479059088242,0,0,0
15.529154652361338,16,2,14.933441431916062,0,0,0
0.9284556819462377,1,6,171.84817938439326,0,0,0
19.38207067194615,15,4,19.161016971564347,0,0,0
93.19543742611924,9,0,86.87904661360871,0,0,0
41.08625175667901,1,2,8.821260507082048,0,0,0
88.06483805311484,10,4,10.960135166216322,0,0,0
37.92910962327091,9,2,9.995530288502842,0,0,0
9.095320199359158,18,0,4.590458400962385,0,0,0
25.225059163364737,13,6,96.44020541656748,0,0,0
20.832706762743708,10,0,43.23319381800847,0,0,0
55.86501211111261,8,9,14.984770052368873,0,0,0
107.37746624741551,6,5,94.40967481571741,0,1,0
30.626170983213914,14,5,81.13800281995651,0,0,0
1.2143368456850208,19,6,5.320915864846751,0,0,0
73.17577975304509,16,0,51.66080620207435,0,0,0
93.07941228236449,2,2,63.97678943458979,0,0,0
329.3343315535835,14,8,62.90866285997696,0,0,0
89.03082273893276,13,1,64.21265481798102,0,0,0
63.70930995409068,7,4,9.283826058864397,0,0,0
85.19122842454078,3,2,18.923132964824166,0,0,0
262.97099706798366,9,4,92.95221061059446,0,0,0
176.24617434036796,1,6,114.33152742932194,0,0,0
39.005259351125936,13,0,16.368907730581352,0,0,0
27.083067635503284,7,2,1.1644301377905857,0,0,0
30.467037649123434,22,5,98.22247886447441,0,1,0
70.20285831452799,9,6,23.667809165011693,0,1,0
136.27710220237142,17,9,19.98386121050949,0,0,0
69.96064109117083,14,2,21.308882959152392,1,0,0
7.020402874343211,4,3,26.866730462066617,0,0,0
128.58363647794434,21,5,23.762196515944733,0,0,0
163.97431558489663,12,4,41.785204661766905,0,0,0
34.17833266918882,17,8,4.111520031803116,0,0,0
109.101841311582,1,0,177.9631256884362,0,0,0
55.61576012070729,12,4,137.79722797809762,0,0,0
219.93009330184896,13,0,136.2140454261784,0,0,0
186.5786435855286,9,7,105.71308917431044,0,0,0
74.53503588919361,3,6,53.988491724492135,1,0,0
117.60514125036079,14,4,12.494180225138038,0,0,0
214.85747174841546,7,5,2.537487219847728,0,0,0
68.46176805462105,14,3,5.230321379450617,0,0,0
37.578603225825894,13,8,19.577555450746008,0,0,0
140.10675001938532,20,2,35.04717721840472,0,0,0
24.854630493793444,8,1,249.93339339885316,0,0,0
49.18912622021917,19,6,28.585739864637315,1,0,0
128.88858036119387,14,5,59.397959993745516,0,0,0
51.719755689461245,23,7,9.967321273219083,0,0,0
24.17461395160737,16,2,135.02419605810118,0,0,0
44.000747152365385,15,2,37.6485330395913,0,0,0
33.422058241664686,3,2,16.165900890210285,0,1,0
19.369311409910527,10,0,136.7523064624042,0,0,0
135.9975417345374,7,8,49.10158125309546,0,0,0
60.5443072205002,18,8,43.393592540704326,0,0,0
48.75314630840894,13,4,68.97630962770232,0,0,0
402.1691600639632,8,6,8.393602992085068,0,0,0
49.608849096838895,2,0,100.0612609936629,0,0,0
8.33625686820079,3,8,160.33107372603988,0,1,0
9.411921711131123,3,0,41.85083733538127,0,0,0
89.3438155876853,10,3,57.32779893051957,1,0,0
91.47008757111595,18,6,98.24620703242762,0,0,0
54.25897896972347,15,8,23.4850342702128,0,0,0
56.5358708527199,22,0,246.90499939910472,1,0,0
5.544144697361578,21,5,57.05011454771595,0,0,0
72.68001639366562,16,9,27.58226792468146,0,0,0
70.26713425042948,9,4,56.55749329063805,0,0,0
16.19888565488487,23,2,36.873769119186306,0,0,0
10.963562549912078,16,9,5.918999088696506,0,0,0
13.190128266113256,15,1,79.44876161410538,0,0,0
10.650366490542089,19,0,41.548741473461384,0,0,0
94.08606030605078,21,1,79.44392511623207,1,0,0
21.87565039977043,5,3,8.415722223591825,0,0,0
28.95907624254021,6,5,38.64818767694366,1,0,0
19.064265428041615,13,4,72.75527792972385,0,0,0
316.61720063895933,10,3,222.4278452888647,0,0,0
192.83868253037525,11,7,107.87978811701275,0,1,0
26.200761663086936,13,6,99.88372453022251,0,0,0
39.6851750688169,4,3,14.215065559958834,0,0,0
23.558670006780027,4,9,91.00319485440552,1,1,0
67.70296869196282,19,4,9.273201111101669,0,0,0
1.980537042368075,21,9,11.039046260007932,0,0,0
111.28167223563088,22,4,5.833249880266135,0,0,0
74.05703940493547,14,2,97.4545458668028,0,0,0
228.90661698316137,0,8,5.7287248516875,1,0,0
17.959649434572714,23,4,7.431467176612092,0,0,0
163.01981530073218,22,9,14.11066269238096,0,0,0
50.842720916997365,3,3,27.08384637249161,0,0,0
18.651350009748416,15,4,39.51440617053194,0,0,0
29.399596378910868,6,7,9.105442968218016,0,1,0
30.55014654274132,21,4,15.458624364068072,1,0,0
81.24632773121898,13,0,7.189232474078867,0,0,0
53.00270158330903,15,1,26.374760023446203,0,0,0
295.13863323548384,17,2,44.62085671439676,0,0,0
13.509849640134119,15,2,16.705119448827034,0,0,0
363.78873293809676,15,9,93.53878825393147,0,0,0
26.21945111549431,1,5,198.79702199169256,0,0,0
148.22500693129942,9,8,6.4004677766730715,0,0,0
41.39559426961726,6,9,0.9010735815885472,0,0,0
15.441234204469687,14,0,77.97929832077249,0,1,0
36.94141719081349,6,8,21.781779152217112,0,0,0
107.54488570504637,23,3,25.062845701540876,0,0,0
83.57335836708263,15,9,124.2049821158738,0,0,0
63.81975665059504,2,2,53.76992368207608,0,0,0
68.48208858557952,16,5,2.072854093886165,0,1,0
131.76564318953655,22,5,0.7460503671662523,0,0,0
9.18663222309149,7,1,11.13019094544016,0,0,0
110.31646206996184,1,4,19.1488882820507,0,0,0
226.155929266996,19,0,33.13321057427738,0,0,0
5.952518575142425,2,8,90.95840763506233,0,0,0
15.158287523375193,7,8,18.903521326026688,0,0,0
126.10086493319794,1,2,23.62331048721496,0,0,0
57.49760393278173,18,4,19.974494517262226,1,0,0
51.6757550931746,16,2,0.45028832439065436,0,1,0
14.730192647253268,4,6,155.27907477332644,0,0,0
70.67797648445936,19,0,7.4827997118266625,0,0,0
13.5299023903315,16,4,16.960522579847606,0,0,0
64.7448373162559,9,5,6.923079280825202,0,0,0
144.22947119642592,8,6,33.72050664320565,0,0,0
29.87623767726167,21,2,134.53467146374314,0,0,0
65.54394733071418,5,6,5.306969702214499,0,0,0
483.03119069186556,10,3,29.071071426475253,0,0,0
116.04358533704067,1,9,1.131448015105566,0,0,0
184.1097442640326,22,5,73.67944630351373,0,0,0
53.58829640690277,11,4,51.25315076581285,0,0,0
146.04186176406557,11,3,60.14844270715566,0,0,0
4.135252370652352,15,5,31.96481227138197,0,0,0
13.114701755567697,21,2,119.09929134855975,0,0,0
22.698917741472087,23,2,26.344146999373457,0,0,0
51.408413464286504,11,4,36.086086070353716,0,0,0
186.91474130251044,20,4,59.419611100333945,0,0,0
42.505481577887004,17,8,36.75689300043405,0,0,0
106.31134744904607,12,3,10.495058986410456,0,0,0
123.55126463569674,14,4,19.068190933664113,0,0,0
88.23298710041239,15,8,4.841762854821159,0,0,0
44.19869368739738,3,3,28.335727236241276,1,0,0
86.05092112292661,11,2,47.00255088749466,1,0,0
41.89540655985232,16,6,6.308212369845362,0,0,0
8.760108379834746,0,6,49.79201742260113,0,1,0
493.4226931494109,21,7,111.68661011618192,0,0,0
13.602874112789626,17,3,20.603624416275093,0,0,0
7.509903029771062,21,3,12.553564791781005,0,0,0
210.8094128125942,15,8,111.74915587728856,0,0,0
35.929932875872744,0,9,58.87388531433262,0,0,0
105.06709820291897,9,6,5.568642571049283,0,0,0
39.89946810368274,18,2,26.22188850968649,0,0,0
49.66832186707033,15,8,56.05663906326637,0,0,0
30.396454471293676,13,4,42.710872696339145,0,0,0
42.013824263881695,1,3,48.1883973316212,0,0,0
52.88205669052459,23,0,41.86648898981714,0,0,0
127.44527419920088,5,8,79.98957081860593,0,0,0
71.64899028436609,21,5,19.314527782615784,1,0,0
287.4669593495071,22,1,61.6293057403433,0,0,0
87.76105225352997,3,5,78.28261119299418,0,0,0
252.81940067467775,21,7,14.12538991541335,0,0,0
85.21419388626377,3,4,136.56379778135374,0,0,0
192.16171281893253,4,5,1.3140344034945006,0,0,0
27.697655239572384,6,0,12.258425543000767,0,0,0
208.9834146395086,5,9,32.97795135457791,0,0,0
131.84661163133177,3,3,49.60054088242886,0,0,0
270.47539572178715,12,9,10.704362333352059,0,0,0
107.06012709284003,3,6,3.6579521309493774,0,0,0
57.80865031255621,9,6,23.04889601329222,0,0,0
4.59193561811828,19,4,37.15420052010155,0,0,0
252.71523237919885,0,7,41.27702814361376,0,0,0
63.543733942361904,20,7,46.00157643973819,0,0,0
2.9425457798336296,7,4,39.77693825532577,0,0,0
117.06059587505402,6,4,14.101700705004665,0,0,0
65.74659037823571,4,6,72.31277904521899,0,0,0
13.27834637558187,2,5,4.593718842711205,0,0,0
24.11443597319946,14,3,11.054400740892287,0,0,0
6.666417121803772,16,1,67.23421159464002,0,0,0
85.40052305727257,22,7,16.406188499791863,0,1,0
97.29390738429056,12,2,34.0089260771751,0,0,0
169.882738577806,18,9,35.36039976766298,0,0,0
197.33448105128642,19,6,21.282559141519066,0,0,0
95.61350708177127,13,9,257.5637940580163,0,0,0
54.12834857539267,11,5,109.61627780097456,0,0,0
83.36916404427743,23,6,50.796575484986676,0,0,0
104.71987172679495,22,1,41.719094684090805,1,1,0
43.114700440621775,8,9,42.10898541331433,0,0,0
249.01021853001305,2,1,34.304676896906585,0,0,0
14.384134861194859,10,5,82.40384410680436,0,0,0
0.43691106352031034,0,2,108.19767116522682,1,0,0
258.56260242917057,16,9,44.129770019368266,1,0,0
11.93514148130914,12,7,94.48181000482919,1,0,0
9.969242097472698,13,4,0.5223541892064189,0,0,0
40.49766769884329,0,5,101.73350693876368,0,0,0
46.771231397719234,1,5,6.399482775469812,0,0,0
24.118033084933906,1,9,63.86625937600411,0,0,0
87.97699605914391,6,2,26.937374548724698,0,0,0
3.4773230485313373,23,0,49.46858011736346,0,0,0
38.51509385180867,3,1,8.920254632120999,0,0,0
166.3012299025739,1,9,36.14051715043917,0,0,0
117.02206539205339,18,2,16.233244053942848,1,0,0
129.05146682082076,4,3,41.09869349506269,0,0,0
119.77155024147936,8,8,66.97116530177982,0,0,0
37.24748525420771,23,0,4.237519361278155,0,0,0
10.498716544699718,12,2,36.25898161125052,0,0,0
31.8096173095531,11,2,48.06830420053189,0,0,0
178.25141404056316,18,5,17.50394114118054,0,0,0
393.5844384035481,8,4,152.88408910302374,0,0,0
68.09163129829454,9,2,36.73001303226867,0,0,0
0.9747709854461797,18,3,10.076264071977832,0,0,0
15.087499822503188,9,6,5.702589995327796,0,0,0
38.87268407534482,11,2,39.007151428820116,0,0,0
86.41380098086475,13,8,23.519255590202057,0,0,0
7.806278530314334,7,7,10.693527549804127,0,0,0
287.0992138464874,15,1,1.55897781717656,0,0,0
45.42620577235486,16,4,41.804718727714196,0,0,0
243.70794396794503,19,3,45.639871631958066,0,0,0
151.65023805895467,3,4,7.646056870140934,0,0,0
140.82834488430905,5,2,46.03226618939747,0,0,0
93.32323841098996,11,9,151.79934094228258,0,0,0
98.5597448279855,17,0,191.512036713812,0,0,0
101.61200042577607,6,7,109.68336704119572,0,0,0
99.08025198501565,4,8,82.2736163788258,0,0,0
80.68271658979084,9,7,11.746122341188126,0,0,0
429.871678865035,5,3,8.505926821720639,0,0,0
150.03431256201935,5,3,48.330771001735876,0,0,0
205.93473105016454,13,8,95.08274058718986,0,0,0
24.288687784417235,11,9,13.195871173628735,0,0,0
8.752513704543171,21,8,32.66247910806016,0,0,0
65.95082407877089,11,4,52.126757236711306,0,0,0
72.17127092367463,7,4,29.492887313662706,0,0,0
176.7155328550726,9,9,30.274554304532774,0,0,0
58.65978145730056,15,2,12.752171828866043,0,0,0
84.59558209285406,19,5,215.8528037604503,0,0,0
74.8809877453243,7,6,32.23626215244747,0,0,0
3.895164446319488,8,9,38.043679724877,0,0,0
95.50702735098793,12,8,12.330800028398512,0,0,0
176.05124953189585,19,6,36.091400404882364,0,0,0
17.13822672909106,16,2,14.742018840025786,0,0,0
90.22195320080327,18,6,11.3034068990538,0,0,0
90.0443329034818,16,0,16.12901644349008,0,0,0
17.934793924782017,6,1,0.13817316776318928,0,0,0
13.17770167059941,0,3,42.21607776589416,0,0,0
391.4623532694205,19,6,24.508684652586133,0,0,0
50.041198384291754,13,8,114.47802373634575,0,0,0
25.8021953302229,16,4,2.077945257596076,0,1,0
18.79266895872117,12,7,2.2080605112678677,0,0,0
110.1421371198353,1,6,108.52239741834026,0,0,0
94.0187235844257,13,4,6.770637618155155,0,0,0
103.15672573554883,0,2,0.10812202570426611,0,0,0
9.212189804308043,4,2,9.856362936366578,1,0,0
223.99350742529626,6,5,86.82839903689403,0,0,0
49.309441621089356,18,9,81.15506229482017,0,0,0
37.59588408830034,13,3,20.785789174403146,0,0,0
62.05687796356122,23,2,55.13567193393229,0,1,0
49.440463218444506,13,3,35.387636950450116,1,0,0
199.19949490973227,14,2,117.55463452356099,0,0,0
264.87578809641184,4,9,2.9038905163395317,0,0,0
36.162031852717185,4,5,83.8802514448418,0,0,0
199.4628500633999,20,6,9.35255634559959,0,0,0
152.107512603621,23,3,24.847853368267277,0,0,0
267.08652945394016,1,2,10.657009573229315,0,0,0
28.20318148454557,17,2,60.63628490134083,0,0,0
86.02865327806006,23,2,56.710861372475144,0,0,0
32.095566235803496,8,8,39.69232899468363,0,0,0
173.78083058665754,9,2,59.893413217412615,0,0,0
0.5338414583716407,17,2,51.02215174750252,0,0,0
83.19936167774955,3,7,74.9042319923437,0,0,0
41.430924939163184,7,3,13.68282141602596,0,0,0
38.961691735567726,17,6,28.010652120131507,0,0,0
103.5373647879131,19,2,8.221716332321057,0,0,0
190.7065607797691,16,7,28.070306351088952,0,0,0
93.95475661331105,15,2,60.48139679418868,1,0,0
191.85001105763558,17,4,58.78403482545678,0,0,0
30.73367828464057,6,0,61.795005528628124,0,0,0
73.29319106520414,0,4,18.4639542180648,0,0,0
59.88130024668771,0,5,54.267132125916106,0,0,0
1.1713232349409703,17,6,22.90109050682084,0,1,0
81.37615427076749,3,1,144.56144775378056,0,0,0
108.33030478415257,22,1,21.03145252772719,0,0,0
89.62783334909538,19,8,46.19324644662918,0,0,0
133.2866960933917,20,9,69.34386939078165,0,0,0
84.70901150249458,19,0,118.4402134294047,0,0,0
6.908243426624557,3,1,28.806319851988103,0,0,0
12.380232990955454,5,1,22.352268580855885,0,0,0
90.75157884091539,2,9,28.10841748776217,0,0,0
32.15549238133067,5,6,19.55565598470963,0,0,0
8.299595400343925,12,5,53.054914546746424,0,0,0
56.142221958602065,22,8,134.94220835493502,0,0,0
80.81599027688323,6,6,6.737807487492406,0,0,0
127.45158131758747,3,2,113.96722566092217,0,0,0
103.21803963742357,0,0,5.274389779879684,0,0,0
40.469294793808224,5,7,34.04763292174698,0,0,0
140.597691357227,23,0,100.20913292351419,1,0,0
104.61006080337671,4,1,115.35587329082493,1,0,0
80.61539674448376,18,0,1.2634229969022603,0,0,0
1.14550271104334,3,3,5.582299084316431,0,0,0
119.23973375498082,23,8,44.181103711653144,0,0,0
47.16718857868368,5,7,6.611389646359831,1,0,0
285.7880156493988,12,7,8.091709782091842,0,0,0
170.36649200059622,4,2,73.94616843611048,0,0,0
88.59906256588144,12,4,69.45332170341429,1,0,0
29.059562180999727,9,3,92.50315639509128,0,0,0
22.780112257648838,2,7,5.5876639898512925,0,0,0
41.609870141345446,22,6,11.041366859070447,0,0,0
64.73480442579874,12,6,89.4765267151027,0,0,0
35.106998118648505,11,9,63.84287780708182,0,0,0
72.34610282851179,3,9,81.9835500134748,1,0,0
18.076727593032494,9,6,229.00278510975838,1,1,0
380.37433318083737,2,0,99.91395071940977,0,0,0
11.420457034312628,16,6,36.74673735158978,0,0,0
268.74264353615007,8,3,18.608880644129215,0,0,0
244.85131378971673,0,2,42.16091143766722,0,0,0
74.51996721584612,17,4,50.886634289224475,0,0,0
129.06579503022692,8,1,20.421886693744266,0,0,0
57.27866658541085,20,7,73.6879183868363,1,0,0
99.4345730528254,19,8,4.867070664332913,1,0,0
41.63884573832527,8,4,75.56858820867093,0,0,0
35.83320587460106,1,2,1.6260830709743805,0,0,0
86.32946302387083,18,9,34.454377672560625,0,0,0
68.94135077670325,15,6,98.82131555669645,0,0,0
86.63972935592894,2,0,4.523336484619897,0,0,0
33.7797928764695,15,9,36.46348430134672,0,0,0
45.72182426538838,20,2,8.68145860124309,0,0,0
8.762752381882724,12,8,112.6020852647564,0,0,0
29.23022352164982,9,8,135.8423716463005,1,0,0
7.71476666265713,21,0,103.96501419489674,0,0,0
10.956345635739147,17,3,66.69521229754967,0,0,0
167.62638765433496,5,9,10.22156093246868,0,0,0
3.964944994512319,5,5,18.012825767829398,0,1,0
107.57050560465468,17,6,34.34385973417921,0,0,0
31.822066290221724,5,2,44.445547807469374,0,0,0
205.21819297411187,5,8,76.20509165789518,0,0,0
66.35733970277074,21,3,12.871200215808361,0,0,0
36.46732154730355,12,4,6.864200911777296,0,0,0
72.90623492839555,13,7,32.94793332714626,0,0,0
48.11988934841464,20,2,8.589346717158476,0,0,0
83.0803789446372,6,7,59.165521180884454,0,0,0
12.163994082912218,12,0,42.857583010789405,0,0,0
580.5982261534481,14,7,67.56717543129683,0,0,0
55.43524496033615,11,9,3.276900871653457,0,0,0
42.806452151936995,20,7,167.1901604100733,1,0,0
123.85982328209073,0,5,0.0002768345532719729,0,0,0
45.23985622610782,2,4,19.684911632360112,0,0,0
179.14053621039295,17,8,56.91468316061133,0,0,0
60.563225836459786,21,5,2.3096359005269207,0,0,0
127.13898226413866,7,0,4.351455113205546,0,0,0
11.367634814963916,1,5,3.9890482797444213,0,0,0
187.15769083846757,3,0,43.55508155944214,0,0,0
133.07385140884176,17,5,113.13232564697175,0,0,0
15.69883803303308,14,5,46.262960470462936,0,0,0
38.022486314303336,1,5,21.232522615549204,0,0,0
373.2646866785225,9,0,0.9459499819377808,0,0,0
29.68325770016072,1,8,1.0925868697634364,0,1,0
60.90398994464532,20,7,109.60139011606063,0,0,0
3.0480058957084872,11,1,5.411143677120469,0,0,0
50.62154827587983,4,1,423.27080619467444,0,0,0
84.7044595138794,11,4,8.981615493781181,0,0,0
306.02625282289847,22,9,56.14029704610518,0,0,0
72.71922837939643,0,1,148.75284663455278,1,0,0
170.98513858956548,1,0,22.493525584611234,1,0,0
79.21449648794774,15,1,66.2944413411608,0,0,0
4.164005136619715,21,4,21.60508491458824,0,0,0
37.83485213618956,1,9,18.187931329917912,1,0,0
85.69599062537819,15,6,11.27006005540096,1,0,0
300.7682715104383,19,4,86.00029453179084,0,0,0
195.99203534949197,15,0,14.879015849422528,0,0,0
25.92314752126579,5,6,16.645002627144486,0,0,0
24.860217692971318,12,5,343.8973107804714,0,0,0
22.46108361426704,11,6,19.823566342412303,0,0,0
255.74631014662174,22,1,27.47611274582285,0,0,0
191.50541998436964,9,4,230.53656991938573,1,0,0
149.11369320584606,4,7,23.046275649289242,0,0,0
49.87901979778712,7,6,22.797305616940758,1,0,0
70.19471959632003,5,5,87.93010492133371,0,0,0
62.4240236382258,4,5,18.693261878828334,0,1,0
29.222317775985218,19,0,13.314695507824764,0,0,0
70.32541769050201,21,0,27.513873629981205,0,0,0
3.0971243555645684,5,6,60.30555453761999,0,0,0
14.134512446890419,21,2,2.2102932187752633,0,0,0
217.67421473548393,16,5,23.41353875274363,1,0,0
139.3036103808854,5,4,21.251123273130563,0,0,0
54.96849779197179,16,2,14.039847950981502,0,0,0
72.80499828726443,4,5,53.1073649765061,0,0,0
46.2033691280626,22,2,17.123816889801557,0,0,0
135.0077644529175,16,7,46.663142216507104,0,0,0
153.33438175061477,16,6,35.0929349398383,0,0,0
144.0899196625477,12,8,12.243255193669462,0,0,0
128.23370388816608,21,4,15.500887138586267,0,0,0
22.878988526416673,6,0,9.352639772054756,0,0,0
41.244437549400736,21,9,2.914793811481359,0,0,0
63.45866828460727,20,7,48.27253400278306,0,0,0
40.16618368634251,5,1,55.85745603994886,0,0,0
140.62530172339154,13,5,9.076093447996248,0,0,0
39.951314262429285,15,0,47.77658227076267,0,0,0
14.876928678100304,2,5,201.10512092832465,0,0,0
50.92276546128802,8,3,3.865768321738573,1,1,0
390.77537707123173,14,4,33.703600939040875,0,0,0
25.60302038642495,20,9,66.03248765432403,0,0,0
94.71589377894568,17,6,2.3550624455639544,0,0,0
56.73484452370516,9,5,75.31553057671962,0,0,0
7.367298578098028,9,0,194.39393469999354,0,0,0
66.91896790693663,22,8,4.632518506119401,0,0,0
121.12133829919702,2,5,86.36320836351246,0,0,0
71.99429536898081,0,5,23.78752913062132,0,0,0
205.6553981580506,2,8,7.781033128117606,0,0,0
34.09942689356914,4,9,33.98127156245651,1,0,0
9.01973610008746,6,4,3.7102538470158755,0,0,0
275.7749161715658,2,5,36.9178359987628,0,0,0
47.51309105613025,3,5,0.9773291921116636,0,0,0
85.89787707553832,16,6,65.21018452194163,0,0,0
39.20263104363458,22,4,30.711223694381,0,0,0
125.936056849498,3,4,10.919710723388661,0,0,0
14.551010876492626,1,3,22.41313669162578,0,1,0
34.43141502974196,13,9,10.036666852528777,0,0,0
15.631543003512235,4,3,66.47493075299279,0,0,0
166.7228894310218,20,7,11.096295861142986,0,0,0
25.18635957659223,1,1,47.953822121022284,0,0,0
126.37353898625517,14,9,16.39795390497768,0,0,0
286.99528013755014,10,7,53.498646311711994,0,0,0
75.02938019094005,21,1,38.87591600281323,0,0,0
77.6592252949036,9,0,27.533674753661085,0,0,0
61.81019884871295,19,9,55.889882837200375,0,0,0
39.43621893540198,0,8,26.86892522901224,0,1,0
64.56054733408992,18,7,86.12210124203853,0,0,0
92.33343104017013,13,5,65.39236165184637,0,1,0
426.80961426788093,22,3,38.89594368626218,0,0,0
277.6830655622704,21,1,104.8032199853361,0,0,0
198.16106019756253,13,7,88.26419935975768,0,1,0
219.94017670383434,0,2,37.94719340236793,1,0,0
63.08283397636541,8,9,3.545146887674945,0,0,0
107.13210861024507,16,3,41.735116992309415,0,0,0
225.4430587348065,13,4,21.945173750442578,1,0,0
49.9145379171438,12,3,38.838717374004716,0,0,0
326.393800318867,12,7,52.08284334197466,0,0,0
53.74880311638045,5,8,51.759143706468045,0,0,0
91.9001064993943,6,0,55.969948657743416,0,0,0
300.764318923211,7,3,5.78633736598953,0,0,0
28.052941255812208,23,0,10.64186285808648,1,0,0
137.09368073200167,5,5,49.785775890143135,0,0,0
73.56697580522665,2,4,26.22699418425341,0,0,0
31.27361758869717,17,6,71.95346822549973,0,0,0
149.8822009630381,17,5,6.671386029237407,0,0,0
80.34583307981372,21,2,10.630152060557736,0,0,0
108.16779493612054,22,4,40.874858853157995,0,0,0
38.99378846602969,5,2,34.73221696393785,0,0,0
65.63793807009905,10,8,15.489373925863411,0,0,0
96.0645655125606,2,1,26.241430773359493,0,0,0
51.90439926857328,15,5,1.780388842689304,0,0,0
22.111129256126393,4,8,1.8870720065734683,1,1,0
326.07528631291325,23,9,4.98698393365112,0,0,0
71.63493614829697,21,6,42.994628294757945,0,0,0
132.3959655178974,1,4,99.65086887812014,0,0,0
52.940922342367124,14,1,15.070344027997045,1,0,0
43.87092683666391,15,1,1.7264579319223432,0,0,0
52.28379815558416,6,3,61.65756979514947,0,0,0
52.627204754492375,15,9,96.67268632283034,0,0,0
78.56575385980592,23,1,7.435023767578515,0,0,0
78.41005788937593,3,7,24.3674758287552,0,0,0
68.747095263167,15,9,8.642537772965499,0,0,0
14.477815521554549,16,6,5.622469713958864,0,0,0
68.53287810553819,1,6,52.23015102652848,1,0,0
18.52505225340997,15,2,171.38190819442812,0,0,0
13.483027729097902,3,6,56.68591155254001,0,0,0
269.77887900429886,6,7,209.3712487554097,0,0,0
92.87429730945097,17,4,28.49299061832839,0,0,0
107.73109559468203,5,0,114.07533498547764,0,0,0
51.381955165431215,17,0,11.475955645832123,0,0,0
239.66858155502467,6,3,6.272740071388476,1,0,0
101.59190678536811,1,1,60.62042271463988,0,1,0
146.6073204877451,18,6,23.213670387459178,0,0,0
45.97562637437489,8,2,19.113383276411692,0,0,0
321.91728894656563,3,3,55.627535636838275,0,0,0
171.73644405896007,13,8,20.284559815920495,0,0,0
192.3795726510119,4,1,42.496853764978084,0,0,0
33.63494837126674,14,2,18.726552440205612,0,0,0
31.595703243063504,18,3,38.28526404964092,0,0,0
193.38404169383583,10,5,1.1724436072855056,0,0,0
3.2404185572806417,19,0,78.44618627009976,0,1,0
7.9151426378577945,22,7,48.423665133062194,0,0,0
32.00880129460009,3,1,10.674333162742501,0,0,0
22.298478223049234,17,4,12.127365634201869,0,0,0
26.37827681159553,13,5,15.22397943934507,0,0,0
82.81118143945304,15,2,39.738659806816756,0,0,0
0.5787375892727675,17,8,16.000878389075996,0,0,0
56.093149307830224,0,4,59.21868831524729,0,0,0
52.405428266719845,7,7,109.92980053624058,0,0,0
12.097655764895144,0,3,2.224533589187974,0,0,0
112.74494781133089,0,8,26.995271783533052,0,0,0
121.09879811721291,18,7,45.01104216671002,0,0,0
127.6160842970389,20,4,44.14705371725587,0,0,0
130.36861308166354,9,2,0.98643419796783,0,0,0
0.005282832768833213,17,0,11.821956470336884,0,0,0
307.7393707336985,11,4,3.1912439286970287,0,0,0
168.3131639155188,16,4,42.0783076997299,0,0,0
234.3216445159431,0,3,51.83681840890265,1,0,0
1.5766942849995038,7,9,8.702324296919365,0,0,0
271.5963364544636,9,9,20.249095194162035,1,0,0
165.96188188499153,9,7,20.00923445778068,0,0,0
181.5350418068834,17,2,85.68504363958135,0,0,0
9.792973102884549,8,9,10.82449955406575,0,0,0
134.23847691855457,1,8,39.73841497153586,0,0,0
321.6795231856,2,2,76.37803960874298,0,0,0
113.49049978365152,1,3,88.47393484094268,1,0,0
84.52765154727598,5,5,54.91553085148867,1,0,0
291.1936820841633,22,8,17.800026588993173,0,0,0
58.50771580553018,11,9,86.59343578303023,0,0,0
91.4526205343353,21,1,67.77197085488534,0,0,0
64.69094014210881,18,1,60.949099677223096,0,0,0
270.07700859698565,14,1,3.4854813550130515,0,0,0
7.9134907178420395,18,4,2.2114354065245334,0,0,0
69.53890934202902,11,5,59.43209587848342,0,0,0
116.14001555289049,17,2,144.8349074794531,0,0,0
156.97679656928628,15,2,74.29997339802881,0,0,0
87.47137762746733,1,1,89.0337266864948,0,0,0
239.59922699933443,10,5,39.37094588010895,0,0,0
284.716481178853,11,0,18.162406725531852,0,0,0
6.648091109596139,4,8,56.619348814430126,0,0,0
51.478434842243296,23,9,62.23468385988365,0,0,0
2.373856510262382,5,3,56.25160775309621,0,0,0
39.96072847670785,10,1,146.59944409676936,0,0,0
76.97436389809297,20,5,22.87838649020654,0,0,0
241.68174081629914,9,4,2.0232663939486057,0,0,0
13.63923116356735,8,2,8.747387642854457,0,0,0
9.76463186680154,11,4,59.75368254035786,0,0,0
88.98127353882724,9,3,103.25896257860879,0,0,0
75.95390927448472,13,4,18.56343135248252,0,0,0
30.976088062812867,4,1,88.72012115968548,0,0,0
229.7130840049884,0,0,20.177706230398112,0,1,0
262.23277845616576,4,4,79.05659867574471,0,0,0
51.51875202534726,15,0,3.6193883263933984,0,0,0
221.00292220320733,4,2,53.24577270456171,0,1,0
48.44253550311172,4,7,56.52652706065565,1,0,0
133.49050322966548,17,7,33.80721069578237,0,0,0
64.61533288851008,5,8,58.092121523400806,0,0,0
13.077309338297718,20,0,128.31690192163572,0,0,0
263.0175705584561,17,3,66.18566741415084,0,0,0
60.53132298356888,9,5,162.59065369974803,0,0,0
132.60916271464316,14,6,29.765855630935977,0,0,0
45.75594829033183,23,4,37.56962200879691,0,0,0
1.9061398222096193,21,6,15.308509616739938,0,0,0
10.594997679128236,10,9,212.0321449306266,0,0,0
68.5614580936042,18,7,2.8357527624915164,0,0,0
117.1068011100561,12,9,22.206691256078752,0,0,0
40.75703123653795,19,5,17.669528937970163,0,0,0
118.904629165599,2,3,24.429705365835005,0,0,0
119.94350801597771,15,0,124.880060605154,0,0,0
121.7179318799293,6,4,22.946290697729644,0,1,0
67.83016311027701,11,9,124.43167089849274,0,0,0
246.3765508366424,14,9,27.52502334517851,0,0,0
67.17703380510113,7,9,96.47140558522288,0,0,0
59.831928703083925,22,3,36.881093831121035,0,0,0
22.23698744426433,16,4,18.65131243081894,0,0,0
36.7671018862966,0,3,29.83277576448892,0,0,0
4.325671909804202,20,8,27.61547163426804,0,0,0
100.3853061381627,7,2,15.049448360496697,0,0,0
28.573163436285633,13,2,17.099080368002827,0,0,0
36.26287103202755,9,9,10.31763557042461,1,0,0
147.3223654195535,18,6,20.473698433707007,0,0,0
39.63386558985141,7,1,48.962299118876885,1,0,0
27.73303594742752,18,8,24.43349169244891,0,0,0
18.519498008384247,3,7,62.295884460620464,0,0,0
149.10257510830428,9,5,217.05640375598028,0,0,0
13.892448982498498,22,8,23.668550986079417,0,0,0
60.46854163495379,2,2,31.054277774240234,1,0,0
70.71043626064501,3,3,8.962922063187746,0,0,0
116.27985924357884,15,6,24.896727408645553,0,0,0
100.31661608314886,23,0,64.88349693435016,1,0,0
4.578369375673922,19,0,10.04795093565149,0,0,0
35.16031483785829,19,7,23.61029250969637,0,0,0
32.86903604004956,12,5,85.36617887012218,0,0,0
15.784388116480851,20,2,48.86274107371932,0,0,0
34.133358927041684,16,9,158.00603286565646,1,0,0
37.0723614789459,22,6,117.45262617695317,0,0,0
108.97649785709771,16,4,2.174233826479556,0,0,0
47.98124001156825,5,2,25.46589922416855,0,1,0
127.1075432425459,2,3,36.91554169974221,0,0,0
40.97221643972274,19,0,36.23918034595599,0,0,0
34.28899343000988,23,8,7.199712193906997,0,1,0
77.91148606242518,3,4,6.666138271126563,0,0,0
2.400212034845318,7,1,2.399713727089352,0,0,0
8.315242176313443,19,8,95.14346605299946,0,0,0
54.12325020125559,8,6,147.58016021736756,0,0,0
286.317380342084,21,7,6.147098391895433,0,0,0
127.83795179722827,0,2,11.984126500503459,0,0,0
9.22540808860695,12,6,4.708000735313195,0,0,0
187.28698297157572,1,0,104.98309863765365,0,0,0
131.78912070859766,22,5,159.35521335728674,0,1,0
94.40384787512663,9,9,15.176792553207058,0,0,0
171.6427312944715,22,5,18.090392592537153,0,0,0
51.76989371972003,18,9,22.52336045038256,0,0,0
25.038763755337882,16,5,34.90434397853625,0,0,0
71.74878027791533,23,2,57.357728314773446,0,1,0
79.59371265059471,12,5,35.09835643553882,0,0,0
77.28970704635992,13,2,150.7983630249727,0,1,0
83.25788978696454,10,9,5.262107162177998,0,0,0
297.0160403510225,9,8,80.12448344295211,0,0,0
232.52973046099578,6,6,20.359561661276697,0,0,0
208.51943498666103,9,3,23.70441304728583,0,0,0
161.6547178026475,23,2,61.69230397069951,0,0,0
287.2243011910058,0,5,132.5200482144634,0,0,0
10.368929257318277,13,8,62.97441287888527,1,0,0
30.80524964802263,2,2,74.77434947075811,0,0,0
68.3307639318145,12,7,69.47080988098877,0,0,0
187.42794481078255,1,5,19.355132189784744,0,0,0
70.35323432146794,16,3,70.72037967060892,0,0,0
137.84640555036367,20,4,76.74453546027755,0,0,0
14.961420798349625,2,2,38.114180330072884,0,0,0
29.090567999806606,14,1,38.47509405390143,0,0,0
131.59331810016243,7,8,71.29768556001086,0,0,0
18.000505262800015,5,2,84.92188931990356,0,0,0
43.2871148247588,8,5,20.56375583068551,0,0,0
30.77028341639997,10,4,80.86398333267547,0,0,0
43.05701606072438,21,9,84.15664644436053,0,0,0
123.2111850066578,1,7,13.336857239077876,0,0,0
45.862411207543005,8,4,63.10671758328418,0,0,0
81.02729081584755,17,7,10.322552591162989,0,0,0
10.528482636056637,18,4,4.883348958117533,0,0,0
163.48464590715702,21,9,42.72957109888547,0,0,0
46.18586905356137,17,5,119.65405331631418,0,0,0
104.56427532029686,4,4,1.8051481429205567,0,0,0
129.24019191468307,17,1,87.5793559113606,0,0,0
23.529321308957872,11,9,35.30870424182459,0,1,0
216.00009190665506,3,9,98.62647305572327,0,0,0
95.76968855419199,14,5,92.72759503812095,0,0,0
55.98848221869843,10,6,104.08693082337443,0,0,0
20.130278622948218,18,2,73.23960335428575,0,1,0
285.25143603871385,4,2,92.57303888332991,0,0,0
140.6775491404202,5,6,9.680767040209211,1,0,0
23.322490120072324,12,9,18.109732395391774,0,0,0
41.205292226950704,22,3,13.88567427026267,1,0,0
165.9018243665701,9,1,67.82285827546697,0,0,0
118.9667820945796,23,8,8.340708180384256,1,0,0
145.1512762243915,13,8,10.058572675224893,0,0,0
58.196562406536366,3,5,105.5836605800267,0,0,0
126.04594296622027,19,1,61.18874437629568,0,0,0
48.8564783202852,22,2,104.12429973400627,1,0,0
23.732224172762,11,4,7.503673546107632,0,0,0
100.15138038566779,14,4,25.456387012758064,0,0,0
373.0281850317758,9,8,16.644514876913497,0,0,0
37.193503394493916,10,9,0.48641258235132717,0,0,0
61.798329447432344,8,2,16.74028852808071,0,0,0
112.08621033600208,10,1,23.86819262608439,0,0,0
77.98086888461964,1,9,4.837641043885718,0,0,0
185.4238006128756,12,7,41.791739075259486,0,0,0
143.4404123986763,21,6,24.158306808638216,0,0,0
6.006555722592435,7,8,2.3787823692517116,0,0,0
645.1111701468772,20,2,60.86622123670302,0,0,0
139.59506482348039,20,5,65.33347943989288,0,0,0
199.43897362205087,7,4,89.93057745082194,0,1,0
105.3250027609153,0,4,33.231931906389114,0,0,0
193.99239981886066,5,9,173.14108340071118,0,0,0
11.921490708997402,12,7,122.70770638410123,1,0,0
42.73087051726544,8,0,40.07579137224285,0,0,0
209.08741949545407,5,0,29.435027915022832,0,0,0
22.521470876441153,14,2,0.1519520556969852,0,0,0
8.147266971045305,22,1,62.065483486559025,0,1,0
155.17301992279874,15,1,41.61523324854613,0,0,0
180.476055209486,3,1,138.66476497920303,0,0,0
17.751578486457294,16,3,45.09870099658767,0,0,0
192.65212146506,8,0,247.07477891868152,0,0,0
116.08104963876636,11,9,96.14557794228192,0,1,0
73.41414466193065,21,8,153.52056669963667,0,0,0
177.34296482222388,18,4,19.84976179439447,0,0,0
54.343361472628224,19,4,8.086902591768308,0,0,0
21.56640380214848,11,8,79.69597584952342,0,0,0
33.52667108143925,21,4,77.13503651459234,0,0,0
70.35289214095212,5,7,11.877905902810637,0,0,0
75.78580742555872,11,0,72.35418882937164,0,0,0
163.7738762401837,8,0,43.61050558727166,0,0,0
156.71101257193726,19,3,5.800020674310304,0,0,0
87.07595801513409,4,7,34.836037665612785,0,0,0
151.77045005786277,20,2,133.78253946173348,0,0,0
21.291288635939594,2,0,35.30731981710714,0,0,0
206.85714172116883,7,8,1.4668056639893563,1,0,0
7.856117392983462,9,8,65.11262847418723,0,0,0
28.327636484191594,14,8,146.71999383109898,0,0,0
118.8489786011996,8,1,34.610159801971804,0,0,0
52.6697480638971,9,3,20.60258105896105,0,0,0
209.0008939797165,10,1,52.014882035203826,0,1,0
35.379309283815545,8,6,124.00265144023714,0,0,0
1.1942373789925333,13,2,9.725961373551343,0,0,0
35.7612012222601,4,8,25.850083653036155,0,0,0
86.29278224320474,8,6,8.49733891789653,0,0,0
47.150615812238,3,7,34.3238966973766,0,1,0
76.5444267298784,1,8,38.87233151087994,0,0,0
209.23089231782498,18,7,144.30230958256257,0,0,0
243.59456914089415,0,6,26.59524134717551,0,1,0
30.921091673315882,20,8,41.84586781609642,0,0,0
62.01578556457632,0,0,108.25545069297667,0,0,0
79.66073147347305,11,3,19.38653975147808,0,0,0
297.81371179560927,10,3,56.068034476943076,0,0,0
658.3731029783405,0,4,70.76800510415825,1,0,0
26.841193833176348,13,7,20.06331437681689,1,0,0
129.8209755181189,10,9,8.976743293157837,0,0,0
47.48651267716293,6,0,34.94916306010383,0,1,0
0.8141247087515562,1,5,22.065112550243132,0,0,0
0.9295592901109092,14,8,15.493823248841219,0,0,0
61.72348512822455,7,9,181.38227691017553,1,0,0
67.00849949386036,21,7,34.873125782121996,0,0,0
2.282829050703869,19,1,97.06324061313657,0,1,0
116.13202200357719,14,6,10.865368906570826,1,0,0
34.814484120997896,7,4,140.2083163214525,0,0,0
82.0737630522998,9,1,79.09878244814774,0,0,0
35.79887682929845,18,0,82.69357003530318,0,0,0
18.288289215634272,2,1,24.69554727916311,1,0,0
52.28539053723183,19,9,33.24130118240067,0,0,0
26.43215529351045,13,5,44.99065261588427,1,0,0
76.52899583380443,8,7,77.97659384096262,1,0,0
22.16802852684392,8,2,94.54256771365839,0,0,0
71.01020589000171,20,4,4.06295995486054,0,0,0
17.123743114952024,5,1,117.2028584454332,0,0,0
111.16206603073032,7,7,138.62675818711193,0,0,0
140.21704598499082,10,3,44.933274201372754,0,0,0
11.69768742230251,7,9,10.335873385407814,1,0,0
63.074045264975666,11,5,85.30152470167076,0,0,0
7.350844491903557,9,2,39.76869885571166,0,0,0
91.17571380136084,22,7,84.96716101746371,0,0,0
30.70746290227721,3,7,84.318141890236,0,0,0
74.99809674612432,15,2,4.536148221867767,0,1,0
72.86935519017777,19,8,46.70000968578088,0,0,0
258.16952917372305,5,9,32.99957761344068,0,0,0
79.64724854842378,8,4,146.04930454026558,0,0,0
87.46654114305464,22,9,17.59441319998669,0,0,0
51.358463594948354,4,8,11.533597573836472,0,0,0
297.7491712369973,20,6,113.69349544100345,0,0,0
150.14175298390447,23,9,8.050448732097855,0,0,0
33.60397365868161,5,2,58.000899506603446,1,0,0
185.92436736015367,16,5,17.835162491382075,0,0,0
56.63319210760246,16,9,41.948635350238,0,1,0
176.41470854689584,23,1,47.88421647095406,0,0,0
173.09733637552898,21,5,27.01008550311432,1,0,0
20.932717203203307,12,4,184.37398218947735,1,0,0
120.7783828340169,16,2,7.068569006163916,0,0,0
34.33963098142224,13,6,24.82962723513509,0,0,0
35.309944365453404,1,3,28.140635734728153,0,0,0
35.14714724808077,18,5,49.85429380442019,0,0,0
129.30526739355724,2,8,26.149950837625504,0,0,0
26.113886990047806,1,5,5.103630303188021,0,0,0
0.0906245762762458,1,3,147.28048147729956,0,0,0
125.60975090906739,21,9,26.899485954402717,0,0,0
18.77580001114958,6,1,20.978738687389807,0,0,0
11.035339861021287,3,8,29.594745786665577,0,0,0
27.11739124867624,16,3,12.205317302941662,0,0,0
47.78753659467757,5,3,5.280343114858457,0,0,0
64.60848462734191,6,1,8.042397442244896,0,0,0
4.55938206705611,19,4,9.115367464957654,1,0,0
352.5853962270789,5,5,11.011978486159151,0,0,0
125.90030845537672,8,9,27.23292890922522,0,0,0
39.03707019997509,19,5,48.89491349965604,0,1,0
38.374851550299596,3,2,49.56254693435632,0,0,0
59.519059533831665,4,8,0.004878716107310139,0,0,0
98.41543022341386,18,6,126.888585399617,0,0,0
15.826102676154536,9,2,86.53712660446374,0,0,0
20.94006857814403,17,3,166.12583465953762,0,0,0
196.20822959594187,14,6,22.313288324848138,0,0,0
47.83503632757327,4,5,9.197388874082142,0,0,0
205.00524699591156,4,3,84.92248095212189,0,0,0
108.81111077779796,7,1,8.799147789158535,0,0,0
41.81125701544763,21,9,19.725197643805235,0,0,0
115.10627124547482,21,7,33.7491433506104,1,0,0
1.9879509940616467,21,0,45.1356253378509,0,0,0
133.04535305101163,19,8,41.00734319861862,0,0,0
66.75107023630686,14,7,5.384606683385413,0,0,0
167.76211864717115,16,2,27.381050934001266,0,0,0
309.3072857376495,18,9,128.13860819720088,0,0,0
260.08368212346176,12,3,102.93041453856159,0,0,0
239.9812587681156,21,9,44.67554899820923,0,0,0
71.7788204145521,20,3,42.46953624798227,0,0,0
44.65091806280038,9,1,5.920890878414691,0,0,0
62.55545618000119,16,9,11.173395965184886,0,0,0
117.08475645787844,4,4,14.560396891077387,0,0,0
215.41459231558542,17,2,33.49065046520914,0,0,0
23.191478511325137,16,0,65.71841874899178,0,0,0
250.33944014833534,3,1,30.876514675664968,0,0,0
168.83741556355133,21,6,6.73723738424407,0,0,0
385.6399819531079,6,0,28.93282255326787,0,0,0
212.23638509985597,4,1,8.874656844799226,0,0,0
32.84170286654053,7,9,69.54471657758499,0,0,0
11.905505031465067,10,0,32.94057181394001,0,0,0
34.42147789038218,8,6,59.11278398385045,0,0,0
163.12762735265346,18,1,3.9537895947202126,0,0,0
229.51161251234083,8,3,41.425380937705235,0,0,0
97.751045796079,22,6,2.786348245773026,0,0,0
0.5647228368367998,19,0,44.308527052345376,0,0,0
10.505634398201892,15,4,19.972858970872846,0,0,0
45.14951339875198,6,5,33.50566632606321,0,0,0
69.58528247838859,21,7,132.0863312081735,0,0,0
4.4366998313738595,2,0,31.84863303471731,0,0,0
42.844407760973944,20,2,283.5279478438165,0,0,0
19.745104198884817,18,8,8.539559071619163,0,0,0
104.14860130780652,7,7,61.710244918508565,0,0,0
68.38260514422018,5,9,102.90546053369354,0,0,0
55.80776006108993,1,8,4.8499569240991995,0,0,0
312.4013711034237,23,6,16.43955203932473,1,0,0
72.70437526146615,12,0,135.22417018861012,0,0,0
133.18719672626656,5,0,27.81166665102423,0,0,0
81.38343587115958,5,2,120.43387467352807,0,0,0
264.53696102412067,1,9,17.435834348937043,0,0,0
47.476431236227114,23,1,6.754808032450928,0,0,0
62.301646077789584,4,3,17.587019302156087,0,0,0
9.268816702237912,10,7,45.46257320382129,0,0,0
33.99751203886634,23,4,24.33842432919665,0,0,0
17.472135902332713,13,5,123.14277423712807,0,0,0
78.64282647617519,12,4,14.001045358477995,0,0,0
75.99501588569332,7,4,59.13351402769774,0,0,0
7.890430056425489,14,6,66.53604856278072,0,0,0
119.80419383810921,11,5,16.0077095079729,0,0,0
97.75604431323778,2,9,1.36701198609462,1,0,0
20.950853550871066,20,1,22.725205848340387,1,0,0
63.381254270513324,22,0,2.312467472307382,0,0,0
127.41196144818088,4,0,115.50756997275012,0,0,0
75.38227523245193,5,3,153.4423201464095,0,0,0
50.333553826107,1,1,66.47300633637673,0,0,0
38.91073163932547,7,5,64.85643927835298,0,0,0
94.26189646376042,4,8,13.78060505296519,0,0,0
279.8664943863772,21,9,3.8400338338963413,0,0,0
111.39640476515768,16,9,81.0008425958955,0,0,0
7.7686880420960485,1,7,40.95388313488371,0,0,0
61.74554140234761,10,3,57.22666473952175,0,0,0
221.47952246215675,3,1,75.62487766976564,0,0,0
449.86244653421574,8,6,7.806182324399404,0,0,0
297.72912325099475,5,9,79.24624125223541,0,0,0
8.150780118979592,23,2,30.235358157430454,1,0,0
270.9250728189885,1,5,87.7012904217522,0,0,0
45.119379304980775,14,4,28.785912313726,1,0,0
186.24555787465624,4,4,12.23217695475414,0,0,0
54.19437041244958,11,1,9.377058765862092,1,0,0
58.13466492545024,12,8,68.11361213798686,0,0,0
100.57863492467634,16,3,42.77026282697103,0,0,0
148.93349888042925,3,9,25.9263350933982,0,0,0
89.93254484040797,0,1,39.88524595831332,0,0,0
20.669580280810944,10,8,13.683465031847572,0,0,0
42.45707406923023,15,6,23.754071349181473,1,0,0
42.76626601660884,10,9,17.294625981986137,0,0,0
63.310689926523764,8,1,24.585789822108765,0,0,0
40.66704520576659,1,6,34.71361201190595,0,0,0
11.357316785517387,6,3,9.51915050170357,0,0,0
15.738944725652685,18,9,25.00376931357303,0,0,0
3.4009818461591763,17,1,24.346865369595452,0,0,0
63.53483552259777,19,3,16.843883118714793,0,0,0
308.8894049597021,6,4,324.99215179271,1,0,0
12.293088975395037,22,3,3.8239433557271196,0,0,0
292.3681285599671,8,2,51.49413209108923,0,0,0
132.18615258122207,11,5,9.58458235706844,0,0,0
101.47275024422757,2,0,91.48054067672534,0,1,0
103.64202051108234,22,7,122.78479502256052,0,0,0
175.2890635647988,21,4,25.664598351998496,0,1,0
11.307896459521567,15,7,86.71561552314783,0,0,0
70.27013235083012,6,9,14.37806727698242,0,0,0
119.43233050571888,22,3,7.545127629638637,0,0,0
88.38730228097174,4,3,18.98097020496606,1,0,0
178.84394128594062,22,4,20.90275253590664,0,0,0
7.501637895018451,6,4,25.321560068749648,0,0,0
117.34469601088071,18,5,23.33716285861461,0,0,0
76.36291538904614,16,4,26.478718821451547,0,0,0
47.668327083072434,15,4,61.89947085606712,0,0,0
41.59321705286529,20,7,14.090310649802158,0,0,0
96.97775691983458,23,5,0.9375144439478277,0,0,0
221.63649631970236,20,1,33.63591897554162,0,0,0
68.55281315707296,18,3,29.73674941283333,0,0,0
174.13886354149096,17,3,3.097227211977361,0,0,0
10.802457533030022,3,5,35.65942307444107,0,0,0
6.347853534360795,0,4,13.377684716109536,0,0,0
5.26988831581217,3,5,105.02234861240713,0,0,0
47.827799471739915,3,7,9.515215908549777,0,0,0
41.13389516538731,8,3,1.0163924843400711,0,0,0
126.56249124889894,7,2,29.670863598196156,1,0,0
5.219261321536187,22,2,50.23868587195547,0,0,0
24.990247783811956,5,7,21.85008922016681,0,0,0
32.05660043662664,22,9,0.8505948353492702,0,0,0
79.32150252387196,10,4,33.17441331621945,0,0,0
15.60869811407236,3,8,11.562944724365027,0,0,0
14.380249674164828,13,2,52.17128632079023,0,0,0
287.864084069673,20,9,43.73447130254872,0,0,0
163.0676397299238,21,9,15.408783647076763,0,0,0
19.924991891031006,8,7,3.568502641819711,0,0,0
52.18323223533796,1,6,70.32877154279845,0,0,0
43.94697673954752,0,6,44.029784236983154,0,0,0
156.54405203432398,3,9,92.29798064433832,0,0,0
71.37845057348635,11,8,15.041744007753497,0,0,0
13.67935499569162,4,7,52.90165350915792,0,0,0
134.32044627587487,8,2,6.316753165850537,0,0,0
50.565232542079244,21,5,17.252136484148597,0,0,0
47.080174288686564,15,4,87.31482889907893,0,0,0
68.86703437784514,1,2,19.351221991638415,0,0,0
42.0247100030987,15,8,80.18610309293706,1,0,0
27.694759050072008,15,6,56.621763593234995,0,0,0
50.83321164807897,20,3,21.437308929297103,0,0,0
1.93590946362298,23,5,104.53399793675142,0,0,0
148.05955729274402,23,4,35.588889482507,0,0,0
18.74686526756238,21,0,52.241277487752015,0,0,0
4.489759437109302,10,1,34.222390691165224,0,0,0
106.04460531225509,0,0,30.139732616870386,0,0,0
148.69377038137216,14,8,94.18640858836903,0,0,0
168.1090379616866,23,8,17.456914729499314,0,0,0
68.02490850936756,3,4,1.865845889027208,0,0,0
22.987639699970206,17,7,105.92269354203232,0,0,0
133.64673146980456,16,9,87.15530945024959,0,0,0
120.30168519085389,6,3,22.829537240942912,0,0,0
28.27220392503334,17,0,10.256043171356088,0,0,0
233.72568294216637,12,3,56.278671239371036,0,0,0
11.022952571982085,19,6,4.101783562269606,0,1,0
405.63692160236815,19,1,27.56109686336275,0,0,0
116.44272896926333,0,5,45.55392636824145,0,0,0
279.27896055562354,1,8,1.3792693016365685,0,0,0
128.1254102704289,16,2,49.60979724028717,0,0,0
21.128538439715413,21,6,55.92119851354165,0,0,0
58.36761731634938,2,9,33.38805502126482,0,0,0
7.418815541776734,16,8,9.619038834201216,0,0,0
49.373487664825014,11,8,5.345526850869988,0,0,0
135.32581934314828,23,3,18.792331023435363,0,0,0
48.84826815729373,11,1,31.293746186756948,1,0,0
90.47469250168892,9,5,0.06254547898790117,0,0,0
205.7324175842667,6,4,62.07748945785142,0,0,0
4.875251705151169,9,5,62.36349228977949,0,0,0
48.68982383583859,17,6,29.397736535544283,0,0,0
17.226122226697218,21,8,21.03450454096453,1,0,0
118.86056552222301,5,9,92.35575481912274,0,0,0
11.174145330929973,6,9,76.76002004794015,0,0,0
109.30510567645327,16,5,204.54578791789194,0,0,0
33.712566917884466,11,5,23.25524680011533,0,0,0
22.17904842939247,16,2,118.66787280102639,0,0,0
275.43961405675805,17,7,4.572983849825312,0,0,0
1.8698305564818125,13,8,26.506034625912612,0,0,0
57.58571942360881,10,0,31.309403204113305,0,0,0
2.186428336033926,1,5,29.069049712685963,0,0,0
66.08601578700728,20,6,49.054556155651916,0,0,0
38.81102851166278,10,9,100.6647800540152,0,1,0
14.174996132975389,1,7,40.121772045854364,0,0,0
47.2226157608328,15,6,117.27961325407752,0,0,0
111.55436382239546,21,7,0.13175564419115376,0,0,0
152.5077502441641,2,8,49.71100742177717,0,0,0
75.66208872417394,19,9,26.59036427517033,0,0,0
89.11942848352959,0,6,35.16988305937274,0,0,0
22.391431217988174,20,2,68.09072480774628,0,0,0
33.87372663841957,19,8,12.883628029022082,0,0,0
17.661261591504722,7,0,11.464333787107408,0,0,0
28.674298020977794,18,7,60.702473143657976,0,0,0
25.47461702673276,0,5,36.840928093173844,0,0,0
73.2821472258198,4,2,13.305103442149987,0,0,0
82.71101080896445,0,8,33.08423139265536,0,0,0
289.9466565348814,10,5,30.76843532669003,0,0,0
21.762213132364494,20,6,58.79266569108573,0,0,0
102.63168650669473,8,1,0.1332325324794956,0,0,0
169.96869011324955,4,0,44.1863692070924,0,0,0
82.15294840305341,1,0,46.52939131370661,0,0,0
29.43759633006034,12,2,68.42471377822558,1,0,0
30.455730158934667,17,2,110.01517533487,0,0,0
4.004422734186855,11,7,29.007873805709643,0,0,0
36.44828126666022,13,6,20.96706374042225,1,0,0
136.49387403558129,4,9,5.397102108333041,0,0,0
4.868381489218276,23,7,20.536636250660205,0,0,0
24.75582832263077,9,0,3.547131289249235,0,0,0
122.496663583228,19,3,81.18196516133348,0,0,0
152.6253511924586,1,7,82.25484723540549,1,0,0
60.755389369853354,3,9,26.99879105936125,0,0,0
119.75744458109227,11,1,15.031019559244987,0,0,0
49.09448437311557,10,6,6.279299225907127,0,0,0
17.42501127445807,3,7,95.27009797167366,0,0,0
50.77461926229873,10,8,104.98028529737692,0,0,0
86.74239520758297,8,6,15.482044925840462,0,0,0
295.7536736731557,9,8,48.61139071288807,0,0,0
7.122853166599357,5,1,14.964368696569894,0,0,0
70.80458036090714,14,0,12.752782642052507,0,0,0
39.88665935839622,9,0,1.0718086224445953,0,0,0
70.9910288204189,21,3,43.03800223482629,0,0,0
2.426753650895647,20,0,8.122507956981815,0,0,0
37.54578938478056,5,6,0.6224171492368096,0,0,0
171.40661825103095,0,7,5.538263885134754,0,0,0
80.7305693913411,20,2,18.82706262166655,0,0,0
59.8896639822335,21,0,55.30650233328308,0,0,0
33.620737210239206,23,2,11.321387753874463,0,0,0
35.38824505678515,19,1,109.2803690902954,0,0,0
48.305066663143336,20,5,17.018178629697978,0,0,0
180.52746489966404,3,6,20.115476316649875,0,0,0
341.7729491269493,22,8,12.293567860775704,0,0,0
57.74202685673614,21,4,14.638438527746791,0,1,0
49.980793987831035,13,3,3.8513483513292623,0,0,0
187.43855537770895,19,0,17.46160544234165,0,0,0
55.670434142549574,21,5,98.16920756265421,0,0,0
80.30026105497949,19,7,58.30568636899728,0,0,0
26.258845357435877,7,3,104.07947388843728,0,0,0
136.06365004984465,10,0,5.538702364002591,0,0,0
75.9262022416142,14,4,30.405077880501363,0,0,0
165.5662758609003,18,9,13.019876731164903,0,0,0
151.74638824335983,7,4,63.86582609375504,0,0,0
24.207763544751256,12,1,175.72584889001928,1,0,0
125.74985908276375,17,5,84.46722371158164,0,0,0
160.97099892004843,21,9,1.795773744866794,0,0,0
42.48119177020834,23,8,19.03811463050927,1,0,0
18.947803891718902,16,5,1.449802089247895,0,0,0
0.263562579184904,5,7,2.0497966766605735,0,1,0
59.948135759350386,14,9,4.142745218635355,0,0,0
43.45326012892836,12,2,16.17077739658259,0,0,0
80.94783967236229,17,9,18.13484969533862,0,0,0
20.83055467374538,10,1,25.579088248009175,0,0,0
196.3726760126558,12,3,25.95390362610108,0,0,0
29.80761921438378,0,8,73.79104751423354,0,0,0
25.673860481997412,17,8,7.622795047600758,0,0,0
65.53005966367758,4,2,8.583362747005014,1,0,0
69.08518643034796,5,0,49.253786383112036,0,0,0
24.21801387948176,0,0,42.40149083255009,0,0,0
31.726293964034546,6,3,8.362074071348792,1,0,0
18.597450768858838,3,3,95.61656355723659,0,0,0
126.74813789673544,8,9,19.95373457681125,0,0,0
147.00631374075996,14,5,22.861663804502484,0,0,0
62.05074953794022,5,4,27.2760366521745,0,0,0
14.88196970907267,17,6,24.604096405680018,1,1,0
338.66445349265933,21,6,15.017075026849058,0,0,0
172.05479644690672,3,9,117.41829503925842,0,0,0
22.876364096890356,8,9,18.433815088491126,0,0,0
20.599768015226445,13,8,59.947426602139316,0,0,0
13.42872731783572,2,5,21.326274234275704,0,0,0
14.893927246285346,0,7,28.565949048009642,0,0,0
137.89684573169563,10,1,13.455678514908273,0,0,0
63.422613974642715,0,7,69.78282636501616,0,0,0
152.7554620014236,11,8,66.81871823471174,0,0,0
92.78895222911896,4,4,3.1040925439637186,0,0,0
115.95305120508075,14,4,127.79422397898263,0,0,0
1.8526281039439214,17,1,109.83331791550559,0,0,0
37.364330547931715,8,4,35.2698140486536,0,0,0
101.56199702487534,12,8,33.9974719138058,0,0,0
0.9388891510842025,12,3,83.6786056017101,0,0,0
3.3532940672024267,23,9,7.451117844106856,0,0,0
190.9786416303497,12,2,53.022364515718614,0,0,0
115.20917447310961,9,6,32.31155709595511,0,0,0
30.838794459446362,9,7,67.99840380752146,0,0,0
116.46329960811318,21,9,1.5282591762351567,0,0,0
157.24151376867232,6,5,44.913399789594095,0,0,0
36.64284740744353,21,5,40.67860936928469,0,0,0
3.6702758462702865,4,4,91.89488147412226,0,0,0
269.9771435165294,19,5,56.47981327168116,0,0,0
42.33946433294148,6,8,106.08003749177514,0,0,0
11.258853416532181,19,1,109.13945829154643,0,0,0
67.69921218614267,9,9,26.22628555122241,0,0,0
146.30363035289562,9,2,7.392188316392151,1,0,0
25.057553440994862,20,0,49.75096023589148,0,0,0
31.401242725904126,23,3,103.4730153804605,0,0,0
27.801559283578914,12,1,3.8955552016666983,0,0,0
478.8258376371876,14,5,40.81359108316515,0,0,0
21.990347320417655,5,0,6.108354956334701,0,1,0
85.68908997267526,19,7,1.3683538667057698,0,0,0
259.38019609069124,11,9,56.91477065061845,0,0,0
15.887448312947264,18,5,57.261554467587125,0,0,0
353.54443857394944,10,8,45.89685995242778,0,0,0
294.6508572815588,5,5,98.02884039524326,0,0,0
215.91082079040967,0,9,4.216735747487512,0,0,0
24.15067797379193,1,6,5.56111990952736,0,0,0
100.52723831554526,22,4,99.9522603886134,0,0,0
143.08377420891114,14,7,34.98610942002813,0,0,0
427.0694812946098,3,7,15.945072173966723,0,0,0
145.25448514565028,14,8,112.40660801334828,1,0,0
41.37006824365807,10,5,58.495203886159764,0,0,0
19.313153330501446,9,0,78.49465986722912,0,0,0
54.71040345101342,16,8,16.598924246895407,0,1,0
157.9082884296661,1,2,17.038347444225295,0,0,0
62.52078307463486,19,8,99.80058466572096,0,0,0
77.11586696619891,23,6,47.707788543629945,0,0,0
533.0718706198774,9,2,13.339280068217835,0,0,0
50.93422238103143,19,8,37.13387154981579,0,0,0
95.55534081518995,2,6,57.895901670159674,0,0,0
45.451492352827565,18,6,12.330146749830645,1,0,0
49.88734140640178,4,6,53.19698090917036,0,0,0
118.95465431841998,2,1,2.152935633524912,0,0,0
277.8799587311786,7,3,18.098132318905087,0,0,0
78.16701368479448,4,9,56.038571712784304,0,0,0
146.27432264991464,11,7,8.087670863552093,0,0,0
9.343914597895948,13,1,12.564230549004382,0,0,0
23.718927912683682,6,3,105.63680127260484,0,0,0
69.74195760970959,10,9,56.092167529819,0,0,0
2.0214670275580238,7,7,34.54934680412441,0,0,0
29.149597448896948,4,2,11.842692477732616,0,0,0
72.85697984532234,7,5,20.882678571721303,0,0,0
1.5074245952720322,11,1,42.70460256954632,0,0,0
30.726767256747966,14,7,8.439432684113758,1,0,0
72.16100716518336,18,7,32.86430522383359,0,0,0
85.1320853740436,15,0,26.29479680914969,0,0,0
260.0340303650956,13,2,32.378808800045924,0,0,0
103.66115503714428,6,1,5.577918653437653,0,0,0
53.56919140928732,7,6,5.630284211285874,0,0,0
266.42894795892744,6,6,166.3661560232117,0,0,0
153.65731355994473,17,3,194.04495522761601,0,0,0
14.023076780777217,5,2,77.79377995298505,0,0,0
112.64305609561474,18,8,53.325374413029934,0,0,0
82.0715054537837,3,4,6.216796021554761,0,0,0
155.90947347801284,22,1,17.59706948343157,1,0,0
134.24882159118155,2,8,18.818481482855752,0,0,0
98.13935024572149,16,0,45.28911136362825,1,0,0
429.63754350917054,21,7,43.37225611857672,1,0,0
76.26896246994477,18,5,128.52890938903985,1,0,0
12.002953320791782,14,0,78.04103434571186,0,0,0
176.18525614618136,5,3,97.19229666181462,0,0,0
29.015628057614588,11,2,110.92534859485998,0,0,0
150.19393506742654,18,6,80.79208679940099,0,0,0
314.90488746561715,5,6,20.239361475272556,0,0,0
119.3347829691255,10,5,12.104404266462248,0,0,0
90.64150596242105,19,9,42.40443141721153,0,0,0
61.69015353974693,19,9,58.48957113001811,0,0,0
45.32013667739117,9,7,24.434290491236275,0,0,0
43.541632758676926,15,6,94.30526020123918,0,0,0
101.16258526908786,17,3,161.6570961959993,0,0,0
139.13998396749682,13,6,42.12828843675091,0,0,0
113.48108299780795,3,0,30.494748723546177,0,0,0
22.11581500203083,11,2,92.53953658123164,0,0,0
68.11932743308145,19,1,1.2284452953240088,0,0,0
156.8488272539565,22,6,6.90638932724031,0,0,0
64.569901778419,20,8,93.42910751484969,0,0,0
76.92149050508944,7,4,65.84374835129059,0,0,0
147.46275487891546,6,8,26.904419791039018,1,0,0
108.25380923554744,8,7,109.84456761907336,0,0,0
52.65230544243653,23,0,21.651447800358696,0,1,0
225.77332566689626,16,1,50.23497576638493,0,0,0
17.74141004758921,9,5,50.30181083744048,0,0,0
540.7339821222104,2,4,10.187386895023744,0,0,0
12.653033273858025,20,6,16.763269788817425,0,0,0
1.5062848342737136,7,8,123.85104482918025,0,0,0
220.74467565790837,13,3,10.131204503272496,0,0,0
28.097595330574247,6,7,9.53228261820672,0,0,0
130.82214474051648,15,3,32.659363354692125,0,0,0
166.6089616078419,17,2,4.836414495447049,0,0,0
195.88988757587657,10,1,112.51205730433746,0,0,0
477.88375780249817,5,7,5.276311931259885,0,0,0
34.8196289586369,19,7,47.928277191450434,0,0,0
123.8713818345554,20,2,20.75924890170745,0,0,0
12.261955334085615,13,0,81.55169313376763,0,0,0
52.22393319510235,20,5,44.55683150486852,0,0,0
188.36885472675382,12,4,24.576167607439814,0,1,0
45.83249647967353,3,7,206.3629717320867,0,1,0
89.42733543792284,19,5,3.4263091165316366,0,0,0
70.07226898591509,19,3,43.112185133493334,0,0,0
103.83214574581594,10,9,228.14535692559468,0,0,0
360.80145388605985,17,9,58.713037780846534,0,0,0
5.734898947040337,0,1,67.30940040579863,0,0,0
85.32256022894656,11,7,1.63086768810516,0,1,0
198.79844427416108,17,4,1.0797329192036735,0,0,0
65.6589070043761,6,7,1.8389107471786337,0,0,0
8.178200414311995,11,4,239.7191849496872,0,0,0
82.22071049255408,0,5,194.4147398151729,0,0,0
40.35777265695015,21,9,20.361502667725624,1,0,0
189.07040330833377,17,2,7.8887889502087845,0,0,0
73.73070583510861,14,9,19.959762676853305,0,0,0
270.7196751080308,2,7,23.113673645757434,0,0,0
163.99821988114672,6,2,68.97245552173067,0,0,0
118.0815658656631,5,3,100.6054287770592,0,0,0
0.5038173674963946,14,5,68.66596901942576,1,0,0
55.830769298173564,14,1,51.99006803763802,0,0,0
22.00063296094742,5,6,72.60036190277938,0,0,0
241.68508209357213,7,4,67.0655677784384,0,0,0
19.186775874595725,7,9,32.28930124975114,0,0,0
33.69564261450436,21,4,20.462468153471047,0,0,0
72.74007274224556,0,4,16.61868254694338,0,0,0
30.566088574565843,12,1,56.871105996239926,0,0,0
23.555105360692092,22,9,160.0814264694561,0,0,0
91.40415758797485,23,8,43.50074808533013,0,0,0
9.31350222062967,20,2,121.82097084474705,1,0,0
5.992810807943686,12,6,0.7165789601573216,0,0,0
46.56057862470344,10,4,79.1083208489325,0,0,0
127.53415477765948,3,9,96.07154165423815,0,0,0
54.969894261007965,11,4,135.9512598537813,0,0,0
83.41384759965581,12,3,44.56929646565164,0,0,0
275.1161304761535,11,5,12.149282346785064,1,0,0
5.646971201385296,15,6,40.57810079091403,0,0,0
111.89930088590883,5,6,118.48109955520698,0,0,0
221.90040203645043,13,7,3.7560059045366865,0,0,0
162.9052571947123,18,4,46.366384811613706,0,0,0
20.33912130538832,15,6,73.44109348055244,0,0,0
35.08723103704414,3,3,6.131102658290299,0,0,0
126.2477790412558,4,8,6.2084643233316905,0,0,0
8.803432822307949,8,4,22.795411620919893,0,0,0
167.05779474136853,23,2,16.00208023768693,0,0,0
126.90695064790259,2,4,11.051923358824581,0,0,0
10.562874081318993,9,7,7.001568297749665,0,0,0
126.49994364951897,16,0,47.19003590297227,0,0,0
113.88660859553967,18,4,58.25773739089924,0,0,0
177.7398035009344,9,5,60.69042194582109,0,1,0
2.338190711968444,22,1,152.7807700369411,0,0,0
46.68200619836008,6,5,106.23566173457111,0,0,0
16.10943962145225,17,8,158.06708417327084,0,0,0
81.73156342072623,18,3,24.616182140253184,0,0,0
249.31271638989975,14,2,105.0979217248582,0,0,0
49.67250562367382,6,8,71.95832915354863,1,0,0
186.40100666705268,11,1,20.773719439768477,0,0,0
0.02409035327925504,21,8,5.635666210260698,0,0,0
18.454159139921835,6,9,57.38297115132486,0,0,0
3.0895941657840478,9,1,7.3353085276729635,0,0,0
39.77159810706829,23,9,17.39112690378256,0,0,0
238.8029651138401,21,2,34.69382997043894,0,0,0
10.19797077003995,19,6,56.953363644193246,0,0,0
93.24449534006496,9,1,130.33856881931987,0,0,0
60.05605956834004,22,0,44.97660291591595,0,0,0
278.82013656014277,4,8,55.64769696371591,0,0,0
13.070013873715064,17,5,18.554187713743392,0,0,0
23.829253302578653,8,8,58.124370124015755,0,0,0
2.998712162703547,15,2,28.79400240727782,0,1,0
56.90468073775594,6,2,97.22147629526839,0,0,0
32.54987258214729,9,9,24.916082424330444,0,0,0
203.94975047292272,4,2,31.58116196559418,1,0,0
92.87196853002241,6,1,28.333458965577602,0,0,0
95.21530096270826,4,5,83.33291960901857,0,0,0
9.634608712320787,18,4,19.821029243739545,0,0,0
761.1336118382816,7,9,61.19623747632402,0,0,0
180.32004130197393,23,2,112.87180226098057,0,0,0
223.92258998071034,8,2,34.031363817862584,1,0,0
173.28852306544698,10,0,5.76456696334057,0,0,0
10.874589897460993,21,5,22.99643825795735,0,0,0
25.80562874242478,1,2,39.965610480941365,0,0,0
0.31265338736638576,2,0,27.02341682181363,0,0,0
36.17020226635025,12,9,10.323892858737942,0,0,0
11.497032268465576,10,8,1.8845479490505672,1,0,0
113.04977351417959,14,4,246.24942898461413,0,0,0
207.54917128388493,5,4,125.79302097533005,0,0,0
138.31679139168563,0,1,57.48542394422663,0,0,0
279.0110874901199,13,0,92.10943848506032,0,0,0
5.540520026965988,17,5,14.767410346903889,0,0,0
1.2254617454226489,23,6,48.70055230555805,0,0,0
108.27530552695546,10,8,3.125919636527446,0,0,0
34.15786263771253,7,7,61.410530267150165,1,0,0
29.23610231635948,21,9,175.11557799638368,0,0,0
40.18024553580402,2,2,98.59120932848178,0,0,0
31.443141110681417,13,8,38.22580879383065,0,0,0
71.62856343991807,1,0,77.7333357352754,1,0,0
58.00836147228112,15,5,144.02991268166434,0,0,0
111.69196855699496,0,1,78.81430605745847,0,0,0
48.96032677864408,13,9,15.725056009723623,0,0,0
28.94271771177698,9,8,104.75717755206179,0,0,0
18.176235734560876,5,8,5.176692900113217,0,0,0
42.99741963215764,8,7,9.814031781073979,0,1,0
141.34802107011535,1,5,9.605111836045634,0,0,0
109.9328705285853,10,1,8.601987919539637,0,0,0
26.660989230298803,13,3,40.53653551332132,0,0,0
84.55752219937166,8,6,15.630676405243953,0,0,0
66.21645344260197,6,5,91.98602641223647,0,1,0
79.8461000383293,13,8,82.50086050422874,0,0,0
67.68617758056344,15,4,43.26864176089692,0,0,0
83.34589160140736,21,5,52.002466522159395,0,0,0
125.704295576178,15,9,2.0640834771017946,0,0,0
11.611614439572929,6,5,22.874951595518596,0,0,0
138.4798489090627,9,7,15.28516967686387,0,0,0
14.605074817342079,20,7,8.126173577020522,1,1,0
6.895144207056305,5,5,24.686900045653605,0,0,0
373.3027232154121,16,7,21.917822021079512,0,0,0
314.6363759989714,0,6,65.2618413133726,0,0,0
6.233992110082188,1,0,45.577143600585735,0,0,0
20.609586526337292,3,9,7.856531451697575,0,0,0
66.425830584337,8,9,3.0803999164455242,0,0,0
177.29999917033874,22,9,38.24373805764003,0,0,0
300.8043238318593,5,4,0.05138332395707791,0,0,0
100.58124939312884,16,9,77.4922071198984,0,0,0
43.680975987239265,20,8,35.25824410478492,0,0,0
92.4639399327829,10,6,33.47793701917103,0,0,0
37.396833946404065,3,6,22.50973470429012,0,0,0
240.59879797478803,20,9,23.498088397997574,0,0,0
204.33060684178548,8,1,28.20549039358058,0,0,0
39.27447293337305,2,2,4.362158586208848,0,0,0
34.72759327613162,3,8,35.16472656214722,1,0,0
3.3989136240469224,23,5,8.133139063950496,0,0,0
169.18463593168963,2,8,75.42594917985,0,0,0
39.323953846641025,18,6,5.151474915622302,0,0,0
63.69754794678171,20,9,13.407694787970451,0,0,0
170.781172788188,0,7,22.088166746540807,0,0,0
13.309058431766296,22,1,1.797766164260663,0,0,0
194.9508533173683,22,4,7.638653713952573,0,0,0
227.79786802978415,5,2,19.566776703530994,0,0,0
293.1967458535225,21,0,18.588013140103516,1,0,0
50.66476842269191,2,5,80.56866334120059,0,0,0
24.48019145717773,2,8,92.65690151517218,0,0,0
82.43603206028806,22,8,104.3820864918417,0,0,1
29.044573699054165,2,4,33.05236990889673,0,0,1
180.1547870008433,14,4,7.599879100922198,0,0,1
0.9876161699253505,7,8,18.482480898162706,0,1,1
154.3080106811237,14,4,41.954706867452494,0,0,1
176.54098841221574,13,6,17.942465585956217,0,0,1
36.88462597889831,17,1,4.938231155170579,0,0,1
8.719399369795726,13,3,0.16611084305614982,0,0,1
82.43603206028806,22,8,104.3820864918417,0,0,1
90.05669785734462,6,1,55.57849901670052,0,0,1
62.412939878869224,4,3,52.866598100308536,0,0,1
291.8232300734288,9,2,31.24082205840224,1,0,1
46.62620455388791,14,3,82.35686678457765,0,0,1
187.44086668722915,3,2,119.5404162486662,0,0,1
261.9734692704209,2,8,13.061322488136074,1,0,1
39.94650606714626,4,8,26.454296010925994,1,0,1
94.91744805522319,1,4,13.04308586663246,0,0,1
85.32576598372877,19,9,9.468822453719547,0,0,1
72.12472435450759,4,2,23.4891106601453,0,0,1
158.23848901976177,14,2,118.93899447787265,1,0,1
135.43939412806242,0,5,90.92136883560278,0,1,1
126.29497426093292,10,3,3.2457719378637173,0,0,1
4.015750682000012,7,5,4.746778541553791,0,0,1
171.14608427343396,7,2,55.34410071430882,0,0,1
135.40458792968136,6,6,63.75848791377457,0,0,1
45.42781969054579,21,9,72.58094734078766,0,0,1
35.677078125303815,0,1,10.30511560686879,0,0,1
5.491521657386787,8,0,132.22501027214537,0,0,1
260.9977449209915,9,7,39.95697005943845,1,0,1
70.46982345650964,14,1,19.815190625218076,0,0,1
15.854396621277056,11,3,235.1822909526317,0,0,1
60.57691464212985,8,1,8.02041865969103,0,0,1
166.45314340477654,3,0,12.256985114851783,1,0,1
30.418323325927005,7,4,35.58109340480333,0,0,1
81.7360407561493,22,1,12.40304796253427,0,0,1
417.69315472305345,14,8,19.782104815885322,0,0,1
54.024547865953565,23,1,63.681676067027105,1,0,1
312.3112539233472,23,7,50.546342847293744,0,0,1
160.87144539299004,0,5,31.10990651742529,1,0,1
196.78845032231982,9,1,4.488704299180643,0,0,1
30.083969701011704,2,3,43.31571140157153,0,0,1
106.17002105589255,6,4,59.78172599849226,0,0,1
40.091673087853,19,0,51.39021762867748,0,0,1
12.629338260806694,21,4,192.49265433535533,0,0,1
11.200018885465623,7,6,9.106130453543008,0,0,1
0.9876161699253505,7,8,18.482480898162706,0,1,1
130.33175780816856,23,0,81.97949830048015,0,0,1
118.8196755663473,12,7,49.31546772180872,0,0,1
112.32727809391316,11,7,123.44213403411861,1,0,1
118.8196755663473,12,7,49.31546772180872,0,0,1
49.31422569251884,13,6,4.895097662460259,0,0,1
14.10628908770694,6,8,24.969036020069872,0,0,1
156.40973333379875,16,6,52.811839062516256,0,0,1
337.6475102731325,21,6,11.432832506589344,0,0,1
20.691014942823468,19,0,14.916706069510832,0,0,1
158.23848901976177,14,2,118.93899447787265,1,0,1
45.48415324234035,21,9,13.757177302436402,0,0,1
82.70338886506579,20,5,22.44674257703255,0,0,1
63.91928577607432,17,2,69.40096216047533,0,0,1
8.719399369795726,13,3,0.16611084305614982,0,0,1
9.296352899619693,15,4,19.035260244943508,0,0,1
7.118850626264504,8,5,53.08686896522589,0,0,1
11.935028499273859,18,2,5.198447477603523,0,0,1
3.3997969868477944,3,8,206.4407024606287,0,0,1
72.50082520454396,18,4,6.415021171062962,0,0,1
52.03953077789556,23,6,32.935962231166585,0,0,1
69.94394526077897,2,3,8.486359845437324,0,0,1
119.09903146114227,5,2,42.07570687795267,1,0,1
77.26669123908864,22,0,43.61739099778183,0,0,1
184.86759216512388,16,1,27.763464774689865,0,0,1
28.289625375853163,17,8,16.94495076073306,0,0,1
5.491521657386787,8,0,132.22501027214537,0,0,1
38.814551496387395,13,7,30.68817761402417,0,0,1
202.53829191556267,23,6,13.248169642927952,0,0,1
4.487298911432926,8,8,29.007067935383095,0,0,1
70.46982345650964,14,1,19.815190625218076,0,0,1
123.72011801262866,1,1,56.85756721715474,0,0,1
63.631778423913055,5,5,121.96250833720867,0,0,1
538.6386668497049,4,4,8.902415376242699,0,0,1
1.5112115351447397,23,4,54.02382996180876,0,1,1
29.827508353350463,5,4,80.47651619729994,0,0,1
21.846167430754427,16,6,16.129986777661173,0,0,1
110.13963171723069,22,5,4.5060190155917415,0,0,1
59.29985914247256,8,5,28.030353162912096,0,0,1
1.8561887410766007,18,9,35.69885771934009,0,0,1
85.32576598372877,19,9,9.468822453719547,0,0,1
3.3997969868477944,3,8,206.4407024606287,0,0,1
45.6277218220847,10,2,39.123228018931286,0,0,1
166.14687984884705,22,7,91.85743214090954,0,1,1
198.0810706735358,10,2,10.941605169866856,0,0,1
106.9894100615944,19,9,43.181359069670435,0,0,1
153.0171671923533,11,7,152.11546728486834,0,0,1
243.278001496574,16,6,24.07276706071405,0,0,1
69.52441332180219,0,7,9.329000889381454,0,0,1
108.38774297986396,6,8,101.31439896464151,0,0,1
37.810457768796724,9,2,25.419138158091346,0,0,1
50.41826810247863,20,2,147.31680072853374,0,0,1
292.0911709264685,21,2,20.005455775504004,0,0,1
99.49206573550218,5,1,58.69100813132518,0,0,1
14.038193897663728,9,9,94.07306075433968,1,0,1
118.8196755663473,12,7,49.31546772180872,0,0,1
80.92468400058256,6,9,49.84709678707323,0,0,1
27.662202201299042,7,4,34.54578915472505,0,0,1
109.9723477185524,7,3,24.963652150728503,0,0,1
51.46000942652068,21,7,118.14063659614911,0,0,1
0.9876161699253505,7,8,18.482480898162706,0,1,1
18.897677461991314,6,7,17.794841356172462,0,0,1
5.136121995053866,1,8,77.72357861622875,0,0,1
291.8232300734288,9,2,31.24082205840224,1,0,1
25.59115459033342,1,5,15.166679517164042,0,0,1
130.33175780816856,23,0,81.97949830048015,0,0,1
270.59461718602284,16,7,158.3295028684857,1,0,1
24.90867335410724,23,0,17.360793805487482,0,0,1
58.34562125363503,11,7,63.72697315013257,0,0,1
6.2116863612178825,4,6,98.12641121588777,0,0,1
32.18460196170109,6,6,5.0153298360278615,0,0,1
4.487298911432926,8,8,29.007067935383095,0,0,1
28.289625375853163,17,8,16.94495076073306,0,0,1
478.24257519575656,15,8,2.4584440072756517,1,1,1
53.05992863850641,18,6,151.8477595109053,0,0,1
201.30785624263493,6,6,51.5315207055267,0,0,1
25.59115459033342,1,5,15.166679517164042,0,0,1
12.629338260806694,21,4,192.49265433535533,0,0,1
225.15307037607616,10,2,31.689396378004016,0,0,1
88.69412861449368,4,9,90.08662304274728,0,0,1
29.00836992594099,20,2,98.12500162757219,1,0,1
1.5226013884891114,6,9,26.50763268043463,0,0,1
102.83941471088912,21,5,38.35746184743651,1,0,1
71.7314124236385,7,5,7.072728815792758,0,0,1
253.6383301814264,19,9,94.61850821010707,0,0,1
312.3112539233472,23,7,50.546342847293744,0,0,1
170.57321038928245,14,6,3.501080431941519,0,0,1
81.37369920602278,19,8,2.8935031797709567,0,1,1
171.14608427343396,7,2,55.34410071430882,0,0,1
76.22542630659325,7,2,38.788162882964606,0,0,1
135.40458792968136,6,6,63.75848791377457,0,0,1
72.53850879884061,21,1,1.6902670386502845,0,0,1
51.442606733099105,18,4,7.182053409558,0,0,1
54.425714269355005,5,8,39.63701218118999,0,0,1
15.175698737108501,15,6,51.748183747845246,0,0,1
110.13963171723069,22,5,4.5060190155917415,0,0,1
9.988280887183773,12,1,14.137935080198885,0,0,1
36.787432595670374,9,7,17.609865246165043,0,1,1
6.720959348940872,12,8,29.198395355013538,0,0,1
98.57289822107595,18,0,11.135308068286568,1,0,1
108.46201550855181,10,9,59.829522054279984,0,0,1
29.947454226575402,3,2,32.27109231080576,0,0,1
64.01626731526842,9,0,58.142929198173775,0,0,1
28.7645927596787,7,3,30.408062093304896,0,0,1
29.00836992594099,20,2,98.12500162757219,1,0,1
2.920502143209468,7,8,19.549491693078146,0,0,1
63.91928577607432,17,2,69.40096216047533,0,0,1
117.88065028200192,7,1,90.90737513383257,0,0,1
53.10584998237119,10,0,43.148984273605315,1,0,1
61.679567819699386,5,5,15.914869521472768,0,0,1
2.960459192117248,22,2,51.72460629993388,0,0,1
206.81346984880906,23,3,64.4211019007287,0,0,1
223.18630208218275,5,3,6.73592088121774,0,0,1
2.245300569573935,18,8,5.429270726064513,0,0,1
31.969116255840703,4,9,0.5632160150714738,0,0,1
49.94689052671303,21,4,92.55255299444528,0,0,1
36.39868779777241,9,9,24.65422145636541,0,0,1
46.548110941267964,11,1,5.039088191749021,0,0,1
27.89161829949456,23,6,50.516393786296774,0,0,1
85.32576598372877,19,9,9.468822453719547,0,0,1
83.47531994414878,11,8,66.50578222706646,0,0,1
196.78845032231982,9,1,4.488704299180643,0,0,1
29.827508353350463,5,4,80.47651619729994,0,0,1
131.78530934609608,13,1,29.434637969770773,0,0,1
55.768407917843135,11,0,40.72693314910434,0,0,1
29.067457241461543,16,0,78.47402086264539,0,0,1
1.5112115351447397,23,4,54.02382996180876,0,1,1
5.136121995053866,1,8,77.72357861622875,0,0,1
158.23848901976177,14,2,118.93899447787265,1,0,1
221.76934692017682,17,3,13.950336136706293,1,0,1
424.40369826152596,22,5,16.512730645106213,0,0,1
50.41826810247863,20,2,147.31680072853374,0,0,1
126.4700490305277,6,5,45.74630483563026,0,0,1
8.293404321158143,7,9,13.760539205909467,0,0,1
97.59675556567069,15,9,1.3343895713138445,0,0,1
131.62935503107585,1,4,7.737477804786633,0,0,1
17.23152941098696,18,4,24.12334355868058,0,0,1
68.94140444876165,18,8,22.243850415431986,0,0,1
102.83941471088912,21,5,38.35746184743651,1,0,1
184.86759216512388,16,1,27.763464774689865,0,0,1
133.3490303883392,20,6,52.53986846111053,0,0,1
225.15307037607616,10,2,31.689396378004016,0,0,1
73.79028642493967,15,5,8.192885193599125,0,0,1
24.680862366950556,7,0,20.59848937632275,0,0,1
54.425714269355005,5,8,39.63701218118999,0,0,1
242.56218872119706,20,7,17.693719229645357,0,0,1
28.7645927596787,7,3,30.408062093304896,0,0,1
21.901234315893586,9,6,22.65321621619728,0,0,1
5.279527809977468,0,7,57.966087619565855,0,0,1
59.74455297927822,22,2,5.164055987644153,0,0,1
3.3997969868477944,3,8,206.4407024606287,0,0,1
28.350019881455186,23,6,69.12281784719994,0,0,1
45.48415324234035,21,9,13.757177302436402,0,0,1
2.245300569573935,18,8,5.429270726064513,0,0,1
28.7645927596787,7,3,30.408062093304896,0,0,1
6.2116863612178825,4,6,98.12641121588777,0,0,1
59.361578701023376,6,0,22.479642167803654,1,0,1
219.93782101996536,2,9,24.66247992528514,0,0,1
14.661255122827866,9,3,81.14562811649765,0,0,1
110.45595986817835,1,6,59.25661665155136,1,0,1
146.96479404457352,20,9,12.100549499284654,0,1,1
173.1514053654731,21,4,74.38471880202704,0,0,1
170.57321038928245,14,6,3.501080431941519,0,0,1
64.88440167417792,4,4,9.134444775559396,0,0,1
241.7168729910249,7,7,239.9113550819812,1,0,1
105.23320404102641,17,4,16.125892513935405,0,0,1
9.822978531124464,21,0,29.744815523454527,0,0,1
22.37996748916361,5,7,43.76893266378124,0,0,1
106.17002105589255,6,4,59.78172599849226,0,0,1
103.28232650944571,13,9,29.38385845272718,1,0,1
31.969116255840703,4,9,0.5632160150714738,0,0,1
69.93027324199502,11,2,24.711443891440837,0,0,1
6.474080465882678,17,9,161.65216256153516,0,0,1
9.822978531124464,21,0,29.744815523454527,0,0,1
2.920502143209468,7,8,19.549491693078146,0,0,1
211.67850510798343,17,3,53.470203262213126,0,0,1
292.0911709264685,21,2,20.005455775504004,0,0,1
38.814551496387395,13,7,30.68817761402417,0,0,1
1.9847140688670828,1,8,8.182142007831459,0,0,1
118.8196755663473,12,7,49.31546772180872,0,0,1
46.62620455388791,14,3,82.35686678457765,0,0,1
22.478503258578506,5,6,25.112107673285024,0,1,1
175.98245865414893,10,2,34.378438709357454,0,0,1
135.79848888102285,1,8,214.02085544927704,0,0,1
28.7645927596787,7,3,30.408062093304896,0,0,1
130.33175780816856,23,0,81.97949830048015,0,0,1
269.93819649542957,18,4,110.18881019041467,0,0,1
82.40667280277229,23,1,34.04924265911898,0,0,1
27.339934203463027,0,6,35.66666050248854,0,0,1
131.62935503107585,1,4,7.737477804786633,0,0,1
118.8196755663473,12,7,49.31546772180872,0,0,1
92.11109078171103,17,4,34.839702702365756,0,0,1
102.96887677502349,4,7,44.29138601036244,0,1,1
73.79028642493967,15,5,8.192885193599125,0,0,1
54.24799494631557,1,9,0.163814325068087,0,0,1
55.92315127740618,21,9,6.579760873271215,0,0,1
97.59675556567069,15,9,1.3343895713138445,0,0,1
1.6333058503340645,18,4,40.925292977217126,0,0,1
18.897677461991314,6,7,17.794841356172462,0,0,1
159.85097044557224,13,2,1.3803452063470847,0,0,1
31.14184672257246,11,5,12.207385591516394,0,0,1
271.8600527545924,1,1,16.239583117547753,1,0,1
49.59909850233758,20,2,16.800113583679813,0,0,1
269.93819649542957,18,4,110.18881019041467,0,0,1
82.70338886506579,20,5,22.44674257703255,0,0,1
97.10918138763648,5,9,11.48665716766481,0,0,1
27.89161829949456,23,6,50.516393786296774,0,0,1
72.12472435450759,4,2,23.4891106601453,0,0,1
29.605694249926774,0,7,54.651287626433806,0,0,1
346.78081469049494,21,4,49.94025281979742,0,0,1
101.96057941803029,19,4,4.860604814858531,0,1,1
173.1514053654731,21,4,74.38471880202704,0,0,1
59.74455297927822,22,2,5.164055987644153,0,0,1
51.442606733099105,18,4,7.182053409558,0,0,1
54.24799494631557,1,9,0.163814325068087,0,0,1
261.89929190405377,16,1,13.301917068014745,0,0,1
15.311853406083515,5,3,17.724084454466578,1,0,1
271.8600527545924,1,1,16.239583117547753,1,0,1
5.040792183650127,23,2,16.557093276121243,0,0,1
5.279527809977468,0,7,57.966087619565855,0,0,1
61.679567819699386,5,5,15.914869521472768,0,0,1
16.400743025106447,21,5,54.170914968980796,0,0,1
5.491521657386787,8,0,132.22501027214537,0,0,1
36.562811166817646,15,8,30.54868057370856,0,0,1
15.311853406083515,5,3,17.724084454466578,1,0,1
29.067457241461543,16,0,78.47402086264539,0,0,1
15.311853406083515,5,3,17.724084454466578,1,0,1
4.278265894923065,4,6,235.96984168512623,0,0,1
110.13963171723069,22,5,4.5060190155917415,0,0,1
64.88440167417792,4,4,9.134444775559396,0,0,1
15.311853406083515,5,3,17.724084454466578,1,0,1
45.6277218220847,10,2,39.123228018931286,0,0,1
312.46376651979347,8,3,28.742877573710306,0,0,1
110.62988444669864,22,5,55.09817975591079,0,0,1
198.0810706735358,10,2,10.941605169866856,0,0,1
2.0326921004244554,9,5,0.6659690613441591,0,0,1
45.48415324234035,21,9,13.757177302436402,0,0,1
1.3959112564237626,11,2,8.128285605537146,0,0,1
269.93819649542957,18,4,110.18881019041467,0,0,1
82.40667280277229,23,1,34.04924265911898,0,0,1
59.963225243482775,16,7,13.56429692685589,0,0,1
92.36751206847723,21,9,32.53045119772402,0,0,1
312.46376651979347,8,3,28.742877573710306,0,0,1
28.289625375853163,17,8,16.94495076073306,0,0,1
27.89161829949456,23,6,50.516393786296774,0,0,1
50.41826810247863,20,2,147.31680072853374,0,0,1
173.1514053654731,21,4,74.38471880202704,0,0,1
1.6333058503340645,18,4,40.925292977217126,0,0,1
7.7432450996429845,17,5,19.062598310789326,0,0,1
90.98844027249767,23,0,39.797388261138686,0,0,1
27.46363340482561,22,4,2.424691816423996,0,0,1
195.1148140133525,8,5,10.575738781709457,1,1,1
130.48178060225274,7,5,23.00558301625234,0,0,1
263.98855421040753,3,9,87.42629136603884,0,0,1
244.51508595398127,19,7,1.876396894073255,0,0,1
178.1258354898527,13,9,32.4277718689277,0,0,1
126.4700490305277,6,5,45.74630483563026,0,0,1
35.677078125303815,0,1,10.30511560686879,0,0,1
478.24257519575656,15,8,2.4584440072756517,1,1,1
122.69125744285758,14,2,39.720796165964835,0,0,1
31.265816268805423,14,6,49.292883551554624,0,0,1
114.01463466715083,8,9,30.553518452324607,0,0,1
1.6333058503340645,18,4,40.925292977217126,0,0,1
9.922650699345185,10,0,26.333716765914883,0,0,1
16.310203838164476,19,3,16.90541155206449,0,0,1
19.734781486214786,8,1,34.11532667385372,0,0,1
27.693113030920475,13,8,18.029056298044804,0,0,1
146.66583261701916,21,6,36.86064363449983,0,0,1
117.88065028200192,7,1,90.90737513383257,0,0,1
18.255382580481637,6,0,74.55072477507692,0,0,1
64.88440167417792,4,4,9.134444775559396,0,0,1
74.0839071582705,4,2,20.66175946995104,0,0,1
11.200018885465623,7,6,9.106130453543008,0,0,1
180.1547870008433,14,4,7.599879100922198,0,0,1
55.92315127740618,21,9,6.579760873271215,0,0,1
3.970799371386665,23,9,73.52450008743064,0,1,1
25.59115459033342,1,5,15.166679517164042,0,0,1
1.9227070420597503,12,6,25.69548721435871,1,0,1
59.29985914247256,8,5,28.030353162912096,0,0,1
59.963225243482775,16,7,13.56429692685589,0,0,1
184.86759216512388,16,1,27.763464774689865,0,0,1
101.4580136639517,12,6,36.11357645825737,0,0,1
83.02828409517736,16,3,37.027969155698685,0,0,1
3.970799371386665,23,9,73.52450008743064,0,1,1
242.56218872119706,20,7,17.693719229645357,0,0,1
220.64877354850609,5,0,26.035450136692738,0,0,1
44.53872370520718,6,4,11.424365320175406,0,0,1
58.882083017236965,9,4,32.220508105571994,0,0,1
71.41516813681919,0,6,51.425448523330644,0,0,1
71.27850914938828,8,9,178.105644021577,1,0,1
22.478503258578506,5,6,25.112107673285024,0,1,1
74.03759563460443,21,4,21.455845630550183,0,0,1
32.18460196170109,6,6,5.0153298360278615,0,0,1
85.32576598372877,19,9,9.468822453719547,0,0,1
76.22542630659325,7,2,38.788162882964606,0,0,1
52.95216724374391,2,3,5.313898822800285,0,0,1
40.091673087853,19,0,51.39021762867748,0,0,1
69.93027324199502,11,2,24.711443891440837,0,0,1
135.79848888102285,1,8,214.02085544927704,0,0,1
165.10782053369465,19,7,109.19781060393392,0,0,1
8.170455545483112,15,7,62.38069488239917,0,0,1
58.20966897077567,15,2,2.9912846372219137,0,0,1
125.20677895857905,16,5,19.482186740937074,0,0,1
66.82103205735585,7,4,70.43385671179558,0,0,1
46.548110941267964,11,1,5.039088191749021,0,0,1
17.607830972219595,5,2,2.0772988863842015,0,0,1
25.59115459033342,1,5,15.166679517164042,0,0,1
27.693113030920475,13,8,18.029056298044804,0,0,1
184.86759216512388,16,1,27.763464774689865,0,0,1
27.427121830813526,19,1,32.76218753481015,1,0,1
123.15909951213125,21,3,30.564262674952264,1,0,1
66.839180986861,21,2,49.62493262255756,0,0,1
45.6277218220847,10,2,39.123228018931286,0,0,1
82.40667280277229,23,1,34.04924265911898,0,0,1
51.46000942652068,21,7,118.14063659614911,0,0,1
55.42650325196402,3,8,90.1964750809194,0,0,1
152.01542911231599,22,5,61.76793548477574,0,0,1
23.789783550402998,12,2,40.53317258268741,0,0,1
16.76647527706798,9,2,163.58542046727925,0,0,1
173.1514053654731,21,4,74.38471880202704,0,0,1
81.37369920602278,19,8,2.8935031797709567,0,1,1
54.24799494631557,1,9,0.163814325068087,0,0,1
46.548110941267964,11,1,5.039088191749021,0,0,1
83.02828409517736,16,3,37.027969155698685,0,0,1
51.46000942652068,21,7,118.14063659614911,0,0,1
58.34562125363503,11,7,63.72697315013257,0,0,1
158.23848901976177,14,2,118.93899447787265,1,0,1
40.551686662245736,17,3,4.767552216736174,0,0,1
72.12472435450759,4,2,23.4891106601453,0,0,1
198.0810706735358,10,2,10.941605169866856,0,0,1
57.02146898831339,18,0,13.263746435734644,0,0,1
60.57691464212985,8,1,8.02041865969103,0,0,1
47.21047421663407,20,0,41.049500475642255,0,0,1
102.96887677502349,4,7,44.29138601036244,0,1,1
271.62086538759945,9,8,3.8804007496247026,0,0,1
15.311853406083515,5,3,17.724084454466578,1,0,1
18.897677461991314,6,7,17.794841356172462,0,0,1
59.29985914247256,8,5,28.030353162912096,0,0,1
67.63180399553154,15,5,61.30764959089332,0,0,1
101.10887957798545,10,3,109.75078234336313,1,0,1
38.814551496387395,13,7,30.68817761402417,0,0,1
55.42650325196402,3,8,90.1964750809194,0,0,1
55.768407917843135,11,0,40.72693314910434,0,0,1
27.427121830813526,19,1,32.76218753481015,1,0,1
135.79848888102285,1,8,214.02085544927704,0,0,1
46.548110941267964,11,1,5.039088191749021,0,0,1
125.29062038255496,11,3,2.6808369218310233,1,0,1
180.1547870008433,14,4,7.599879100922198,0,0,1
37.810457768796724,9,2,25.419138158091346,0,0,1
139.59780297071188,18,2,19.917240521131358,0,0,1
17.78149123609272,8,1,44.58080881423314,1,0,1
32.18460196170109,6,6,5.0153298360278615,0,0,1
23.71485938913611,23,0,34.61604141634013,0,0,1
243.278001496574,16,6,24.07276706071405,0,0,1
36.787432595670374,9,7,17.609865246165043,0,1,1
58.34562125363503,11,7,63.72697315013257,0,0,1
1.2838542227578875,20,5,22.117679122232147,0,0,1
90.92041659771152,16,7,0.5112962536960337,0,0,1
80.92468400058256,6,9,49.84709678707323,0,0,1
60.57691464212985,8,1,8.02041865969103,0,0,1
125.20674728720263,14,9,11.35805512257363,1,0,1
98.57289822107595,18,0,11.135308068286568,1,0,1
8.293404321158143,7,9,13.760539205909467,0,0,1
15.854396621277056,11,3,235.1822909526317,0,0,1
51.46000942652068,21,7,118.14063659614911,0,0,1
40.551686662245736,17,3,4.767552216736174,0,0,1
139.59780297071188,18,2,19.917240521131358,0,0,1
9.988280887183773,12,1,14.137935080198885,0,0,1
63.91928577607432,17,2,69.40096216047533,0,0,1
50.18201538710777,22,5,6.723303917634582,1,0,1
178.1258354898527,13,9,32.4277718689277,0,0,1
22.478503258578506,5,6,25.112107673285024,0,1,1
206.81346984880906,23,3,64.4211019007287,0,0,1
198.77512246541207,2,7,32.472176755808576,0,0,1
166.45314340477654,3,0,12.256985114851783,1,0,1
1.9227070420597503,12,6,25.69548721435871,1,0,1
75.94725215107503,2,2,96.15674217510005,0,0,1
9.922650699345185,10,0,26.333716765914883,0,0,1
204.63718019452122,15,5,71.09537673840633,0,0,1
81.7360407561493,22,1,12.40304796253427,0,0,1
7.314681316131341,4,8,16.90125239766193,0,0,1
0.909539960722861,2,7,9.883518851967569,1,1,1
184.4077141321478,1,1,116.14923766361474,0,0,1
78.58269643247577,2,0,142.6880920648922,1,0,1
75.91437829608314,12,2,48.31941340506077,0,0,1
49.31422569251884,13,6,4.895097662460259,0,0,1
13.602729246922369,2,3,106.08831044086573,1,0,1
538.6386668497049,4,4,8.902415376242699,0,0,1
131.62935503107585,1,4,7.737477804786633,0,0,1
167.61174392499228,1,6,185.42247185846952,0,0,1
195.97883103082512,0,2,2.240969791578799,0,0,1
15.854396621277056,11,3,235.1822909526317,0,0,1
1.9847140688670828,1,8,8.182142007831459,0,0,1
146.66583261701916,21,6,36.86064363449983,0,0,1
9.822978531124464,21,0,29.744815523454527,0,0,1
4.487298911432926,8,8,29.007067935383095,0,0,1
58.50358284000809,8,4,57.13955666457806,0,0,1
19.896792853683777,4,9,67.00050537001484,0,0,1
23.789783550402998,12,2,40.53317258268741,0,0,1
42.66200150101238,16,0,32.05991518120339,0,0,1
51.46000942652068,21,7,118.14063659614911,0,0,1
83.02828409517736,16,3,37.027969155698685,0,0,1
71.04371771341901,22,0,55.40927460058553,1,0,1
29.827508353350463,5,4,80.47651619729994,0,0,1
260.9977449209915,9,7,39.95697005943845,1,0,1
160.87144539299004,0,5,31.10990651742529,1,0,1
38.41571882948685,17,9,13.597367581685848,0,0,1
27.89161829949456,23,6,50.516393786296774,0,0,1
110.62988444669864,22,5,55.09817975591079,0,0,1
0.909539960722861,2,7,9.883518851967569,1,1,1
69.52441332180219,0,7,9.329000889381454,0,0,1
25.0992973866705,13,0,1.0696323636276297,0,0,1
39.94650606714626,4,8,26.454296010925994,1,0,1
45.8522799264304,19,4,13.968281640229781,0,1,1
46.548110941267964,11,1,5.039088191749021,0,0,1
225.15307037607616,10,2,31.689396378004016,0,0,1
54.24799494631557,1,9,0.163814325068087,0,0,1
16.76647527706798,9,2,163.58542046727925,0,0,1
478.24257519575656,15,8,2.4584440072756517,1,1,1
180.1547870008433,14,4,7.599879100922198,0,0,1
351.0461721282546,11,9,116.60730496916878,0,0,1
66.79968270904791,18,4,47.09876946922254,1,0,1
15.344186123358494,10,7,5.553040927836629,0,0,1
46.548110941267964,11,1,5.039088191749021,0,0,1
12.629338260806694,21,4,192.49265433535533,0,0,1
19.896792853683777,4,9,67.00050537001484,0,0,1
102.96887677502349,4,7,44.29138601036244,0,1,1
108.38774297986396,6,8,101.31439896464151,0,0,1
417.69315472305345,14,8,19.782104815885322,0,0,1
93.90454454748762,10,4,93.29159406187783,0,0,1
7.7432450996429845,17,5,19.062598310789326,0,0,1
3.4373198347193927,9,0,33.87518464210393,0,0,1
60.57691464212985,8,1,8.02041865969103,0,0,1
295.04946419583877,11,7,27.06081806008065,0,0,1
69.8729617097775,2,6,0.3381691896491799,1,0,1
22.478503258578506,5,6,25.112107673285024,0,1,1
10.883751880671802,1,1,11.66507283460381,0,0,1
158.52834081430325,11,7,8.87210737174755,0,0,1
64.01626731526842,9,0,58.142929198173775,0,0,1
36.58821279147374,21,7,5.971210506329347,0,0,1
198.0810706735358,10,2,10.941605169866856,0,0,1
139.72203916260642,20,8,14.335984542236385,0,0,1
69.8729617097775,2,6,0.3381691896491799,1,0,1
85.32576598372877,19,9,9.468822453719547,0,0,1
680.5751219889282,21,0,12.556303011845188,1,0,1
478.24257519575656,15,8,2.4584440072756517,1,1,1
97.00306153489309,3,2,76.29218907128815,0,0,1
9.147602822482632,20,5,143.6409779987174,0,0,1
1.5112115351447397,23,4,54.02382996180876,0,1,1
104.74077979914793,12,6,39.61876254247438,0,0,1
8.170455545483112,15,7,62.38069488239917,0,0,1
39.860765678899796,23,2,41.15391763330044,0,0,1
42.66024955171008,17,7,107.58992553589543,0,0,1
68.56925413210558,5,4,13.540082908604326,1,0,1
64.01626731526842,9,0,58.142929198173775,0,0,1
5.491521657386787,8,0,132.22501027214537,0,0,1
30.50646073151543,3,5,53.434101830940484,0,0,1
78.8398852541655,3,7,19.56151373490235,0,0,1
101.10887957798545,10,3,109.75078234336313,1,0,1
71.41516813681919,0,6,51.425448523330644,0,0,1
17.23152941098696,18,4,24.12334355868058,0,0,1
16.81654704781473,0,7,31.798557844076463,0,0,1
41.37344285219658,22,3,21.285205372776765,0,0,1
198.77512246541207,2,7,32.472176755808576,0,0,1
74.03759563460443,21,4,21.455845630550183,0,0,1
69.52441332180219,0,7,9.329000889381454,0,0,1
106.17002105589255,6,4,59.78172599849226,0,0,1
90.98844027249767,23,0,39.797388261138686,0,0,1
43.595353461673334,20,5,120.32559522287973,0,0,1
33.447783150357694,15,7,27.959535512243423,0,0,1
96.64861891767073,15,8,25.10833323871784,1,0,1
36.44385724094443,5,4,11.98276058945257,0,0,1
47.21047421663407,20,0,41.049500475642255,0,0,1
146.96479404457352,20,9,12.100549499284654,0,1,1
52.03953077789556,23,6,32.935962231166585,0,0,1
29.235129399663172,16,6,1.0822483439467454,0,0,1
58.089606501413904,7,5,3.309744306666461,0,0,1
110.45595986817835,1,6,59.25661665155136,1,0,1
186.350049185203,20,8,98.07815955179719,0,0,1
8.86538677778067,16,4,7.7461960099927785,0,0,1
231.90318981262067,3,9,21.84056203846677,0,0,1
538.6386668497049,4,4,8.902415376242699,0,0,1
58.564515422876184,13,4,122.1499019224478,1,0,1
12.998251116649588,1,4,42.93862292943485,0,0,1
99.67467068014915,6,9,35.94526700431902,0,0,1
166.45314340477654,3,0,12.256985114851783,1,0,1
75.94725215107503,2,2,96.15674217510005,0,0,1
3.4373198347193927,9,0,33.87518464210393,0,0,1
59.361578701023376,6,0,22.479642167803654,1,0,1
202.53829191556267,23,6,13.248169642927952,0,0,1
44.06852222652278,1,9,74.56416670821966,0,0,1
68.28522587890998,22,8,48.37622855671547,0,0,1
9.147602822482632,20,5,143.6409779987174,0,0,1
291.8232300734288,9,2,31.24082205840224,1,0,1
111.32543847202942,9,8,2.5869896164030437,0,0,1
104.74077979914793,12,6,39.61876254247438,0,0,1
49.31422569251884,13,6,4.895097662460259,0,0,1
125.29062038255496,11,3,2.6808369218310233,1,0,1
0.6901724421494768,17,6,45.84031528872305,0,0,1
54.425714269355005,5,8,39.63701218118999,0,0,1
130.33175780816856,23,0,81.97949830048015,0,0,1
61.34547044538154,10,5,117.24357062881636,0,0,1
135.43939412806242,0,5,90.92136883560278,0,1,1
30.418323325927005,7,4,35.58109340480333,0,0,1
139.72203916260642,20,8,14.335984542236385,0,0,1
104.74077979914793,12,6,39.61876254247438,0,0,1
201.60648378543686,1,0,1.641193721678437,0,0,1
261.89929190405377,16,1,13.301917068014745,0,0,1
106.17002105589255,6,4,59.78172599849226,0,0,1
74.0839071582705,4,2,20.66175946995104,0,0,1
0.9876161699253505,7,8,18.482480898162706,0,1,1
198.0810706735358,10,2,10.941605169866856,0,0,1
71.83184380046364,5,9,12.168433986195797,0,0,1
70.46982345650964,14,1,19.815190625218076,0,0,1
29.067457241461543,16,0,78.47402086264539,0,0,1
19.896792853683777,4,9,67.00050537001484,0,0,1
538.6386668497049,4,4,8.902415376242699,0,0,1
28.289625375853163,17,8,16.94495076073306,0,0,1
123.15909951213125,21,3,30.564262674952264,1,0,1
135.40458792968136,6,6,63.75848791377457,0,0,1
211.67850510798343,17,3,53.470203262213126,0,0,1
424.40369826152596,22,5,16.512730645106213,0,0,1
82.43603206028806,22,8,104.3820864918417,0,0,1
16.16363423177122,11,8,88.3553376031359,0,0,1
296.3643718282635,6,4,177.37795579499183,0,0,1
75.91437829608314,12,2,48.31941340506077,0,0,1
137.14250368917845,8,3,1.1245491205495792,0,0,1
31.265816268805423,14,6,49.292883551554624,0,0,1
184.8548945368862,11,4,56.98892667189076,0,0,1
226.65986286309044,9,4,64.16885948004443,0,0,1
33.447783150357694,15,7,27.959535512243423,0,0,1
75.5133950505363,1,7,39.014884288711954,0,0,1
71.27850914938828,8,9,178.105644021577,1,0,1
44.53872370520718,6,4,11.424365320175406,0,0,1
27.693113030920475,13,8,18.029056298044804,0,0,1
24.021704555933255,23,8,3.8382288633517407,0,0,1
56.26742092155651,23,8,91.40563627302856,0,0,1
18.255382580481637,6,0,74.55072477507692,0,0,1
106.9894100615944,19,9,43.181359069670435,0,0,1
0.909539960722861,2,7,9.883518851967569,1,1,1
83.02828409517736,16,3,37.027969155698685,0,0,1
109.84137455189628,16,6,5.726814428094363,0,0,1
57.02146898831339,18,0,13.263746435734644,0,0,1
23.800106695362913,18,0,26.36678996843194,0,0,1
59.60890027945429,8,8,18.896989502350838,0,0,1
202.53829191556267,23,6,13.248169642927952,0,0,1
139.72203916260642,20,8,14.335984542236385,0,0,1
195.1148140133525,8,5,10.575738781709457,1,1,1
184.86759216512388,16,1,27.763464774689865,0,0,1
37.40595335387715,23,6,14.32366379748467,0,0,1
30.50646073151543,3,5,53.434101830940484,0,0,1
105.88997460922201,16,9,49.8988123155336,1,0,1
271.8600527545924,1,1,16.239583117547753,1,0,1
54.98151727917913,22,6,51.384023326872565,1,0,1
42.66024955171008,17,7,107.58992553589543,0,0,1
17.23152941098696,18,4,24.12334355868058,0,0,1
188.89374551533777,15,0,34.97417598815268,0,1,1
76.22542630659325,7,2,38.788162882964606,0,0,1
139.72203916260642,20,8,14.335984542236385,0,0,1
90.05669785734462,6,1,55.57849901670052,0,0,1
23.8687625248947,3,2,49.915495354243774,0,0,1
171.27165386597838,0,9,106.16524512537701,0,0,1
10.665648797073594,21,2,85.8910044663252,1,0,1
59.74455297927822,22,2,5.164055987644153,0,0,1
92.36751206847723,21,9,32.53045119772402,0,0,1
163.42777671764387,8,8,20.612449766892418,0,0,1
223.18630208218275,5,3,6.73592088121774,0,0,1
72.50082520454396,18,4,6.415021171062962,0,0,1
75.90961826383537,14,2,153.62979874424732,0,0,1
6.2116863612178825,4,6,98.12641121588777,0,0,1
39.94650606714626,4,8,26.454296010925994,1,0,1
82.40667280277229,23,1,34.04924265911898,0,0,1
86.58671471970726,10,5,10.647582756432385,0,0,1
36.88462597889831,17,1,4.938231155170579,0,0,1
4.24858323649007,11,9,38.002181425950184,1,1,1
260.9977449209915,9,7,39.95697005943845,1,0,1
111.32543847202942,9,8,2.5869896164030437,0,0,1
20.103710397885287,16,8,44.848943112779864,0,0,1
30.881795635781096,18,8,132.86772408639308,0,0,1
180.1547870008433,14,4,7.599879100922198,0,0,1
90.98844027249767,23,0,39.797388261138686,0,0,1
101.4580136639517,12,6,36.11357645825737,0,0,1
38.0025611056787,0,5,2.9625594551208274,0,0,1
130.55665773552832,16,1,3.730538646854565,0,0,1
27.693113030920475,13,8,18.029056298044804,0,0,1
200.788200396462,2,1,37.18478398632975,0,0,1
45.48415324234035,21,9,13.757177302436402,0,0,1
105.23320404102641,17,4,16.125892513935405,0,0,1
234.71617837584068,14,7,168.18947175207717,0,0,1
15.534023502232127,5,9,245.48617901450157,0,0,1
5.136121995053866,1,8,77.72357861622875,0,0,1
110.62988444669864,22,5,55.09817975591079,0,0,1
20.103710397885287,16,8,44.848943112779864,0,0,1
226.65986286309044,9,4,64.16885948004443,0,0,1
118.75590135001512,21,0,391.0004833954609,0,0,1
7.314681316131341,4,8,16.90125239766193,0,0,1
118.8196755663473,12,7,49.31546772180872,0,0,1
23.789783550402998,12,2,40.53317258268741,0,0,1
8.889283909093013,18,8,52.685541651173764,0,0,1
12.998251116649588,1,4,42.93862292943485,0,0,1
50.41826810247863,20,2,147.31680072853374,0,0,1
30.50646073151543,3,5,53.434101830940484,0,0,1
52.636164143488465,2,0,39.15405985821817,0,0,1
190.70974725278722,23,7,73.70803548315494,1,0,1
74.03759563460443,21,4,21.455845630550183,0,0,1
94.91744805522319,1,4,13.04308586663246,0,0,1
98.57289822107595,18,0,11.135308068286568,1,0,1
55.42650325196402,3,8,90.1964750809194,0,0,1
28.350019881455186,23,6,69.12281784719994,0,0,1
162.28081173648155,9,5,18.08697377004817,0,0,1
87.55537772028686,16,3,131.84747529261867,0,0,1
79.99764615179966,20,8,37.54433800831344,1,0,1
15.092058664226416,18,5,184.0609778092511,0,0,1
41.37344285219658,22,3,21.285205372776765,0,0,1
122.69125744285758,14,2,39.720796165964835,0,0,1
94.91744805522319,1,4,13.04308586663246,0,0,1
10.665648797073594,21,2,85.8910044663252,1,0,1
261.89929190405377,16,1,13.301917068014745,0,0,1
36.58821279147374,21,7,5.971210506329347,0,0,1
6.960802571127356,6,6,2.237583313096323,1,0,1
79.99764615179966,20,8,37.54433800831344,1,0,1
83.02828409517736,16,3,37.027969155698685,0,0,1
5.040792183650127,23,2,16.557093276121243,0,0,1
59.74455297927822,22,2,5.164055987644153,0,0,1
221.76934692017682,17,3,13.950336136706293,1,0,1
122.69125744285758,14,2,39.720796165964835,0,0,1
88.69412861449368,4,9,90.08662304274728,0,0,1
71.04371771341901,22,0,55.40927460058553,1,0,1
114.88748725771671,11,5,96.84144436411253,0,0,1
478.24257519575656,15,8,2.4584440072756517,1,1,1
38.04829531389874,0,5,175.87533526373696,0,0,1
90.98844027249767,23,0,39.797388261138686,0,0,1
4.015750682000012,7,5,4.746778541553791,0,0,1
40.091673087853,19,0,51.39021762867748,0,0,1
139.59780297071188,18,2,19.917240521131358,0,0,1
173.1514053654731,21,4,74.38471880202704,0,0,1
196.78845032231982,9,1,4.488704299180643,0,0,1
38.814551496387395,13,7,30.68817761402417,0,0,1
72.12472435450759,4,2,23.4891106601453,0,0,1
188.89374551533777,15,0,34.97417598815268,0,1,1
43.900081917116495,0,3,30.90807939371187,0,0,1
36.787432595670374,9,7,17.609865246165043,0,1,1
225.15307037607616,10,2,31.689396378004016,0,0,1
206.81346984880906,23,3,64.4211019007287,0,0,1
71.41516813681919,0,6,51.425448523330644,0,0,1
1.2838542227578875,20,5,22.117679122232147,0,0,1
24.680862366950556,7,0,20.59848937632275,0,0,1
2.276141416943498,3,5,12.005336251366716,0,0,1
29.067457241461543,16,0,78.47402086264539,0,0,1
61.679567819699386,5,5,15.914869521472768,0,0,1
69.8729617097775,2,6,0.3381691896491799,1,0,1
253.6383301814264,19,9,94.61850821010707,0,0,1
71.41516813681919,0,6,51.425448523330644,0,0,1
15.120030768442408,20,6,32.74567331184915,0,0,1
42.4077810311421,19,4,165.21939414520153,0,0,1
3.723434185767217,17,5,5.8768014907265425,0,0,1
292.0911709264685,21,2,20.005455775504004,0,0,1
15.534023502232127,5,9,245.48617901450157,0,0,1
86.0431332045955,19,5,109.85978174066868,0,0,1
201.7950047367915,6,9,15.012876220074869,0,0,1
15.344186123358494,10,7,5.553040927836629,0,0,1
351.0461721282546,11,9,116.60730496916878,0,0,1
5.491521657386787,8,0,132.22501027214537,0,0,1
417.69315472305345,14,8,19.782104815885322,0,0,1
119.09903146114227,5,2,42.07570687795267,1,0,1
29.827508353350463,5,4,80.47651619729994,0,0,1
291.8232300734288,9,2,31.24082205840224,1,0,1
17.36332712183605,21,1,152.36697106267272,0,0,1
68.70925129207896,19,0,22.614732769591626,0,0,1
538.6386668497049,4,4,8.902415376242699,0,0,1
337.6177831884106,3,5,11.99458343819426,0,0,1
53.05992863850641,18,6,151.8477595109053,0,0,1
159.9206379801562,5,7,42.96364263241269,1,0,1
68.70925129207896,19,0,22.614732769591626,0,0,1
2.960459192117248,22,2,51.72460629993388,0,0,1
115.94048640248865,0,2,86.47686887981676,0,0,1
130.7513601315038,9,7,53.672783262559555,0,0,1
29.235129399663172,16,6,1.0822483439467454,0,0,1
16.16363423177122,11,8,88.3553376031359,0,0,1
30.418323325927005,7,4,35.58109340480333,0,0,1
97.00306153489309,3,2,76.29218907128815,0,0,1
88.69412861449368,4,9,90.08662304274728,0,0,1
271.62086538759945,9,8,3.8804007496247026,0,0,1
142.04870159931824,1,7,48.23337692801359,0,0,1
2.2827151427937546,4,8,12.603249148574033,0,0,1
59.29985914247256,8,5,28.030353162912096,0,0,1
201.30785624263493,6,6,51.5315207055267,0,0,1
15.854396621277056,11,3,235.1822909526317,0,0,1
378.4677972921234,22,2,21.02503840380716,0,0,1
126.8474411846264,1,9,48.81637418511437,0,0,1
6.960802571127356,6,6,2.237583313096323,1,0,1
162.28081173648155,9,5,18.08697377004817,0,0,1
31.603107893455572,7,0,76.56776118900214,0,0,1
47.21047421663407,20,0,41.049500475642255,0,0,1
260.9977449209915,9,7,39.95697005943845,1,0,1
55.768407917843135,11,0,40.72693314910434,0,0,1
227.65847094790317,20,5,95.59773563842165,0,0,1
46.548110941267964,11,1,5.039088191749021,0,0,1
59.85339945794067,12,8,16.043688565562707,0,0,1
110.45595986817835,1,6,59.25661665155136,1,0,1
20.61841490643128,16,5,70.0193676401906,0,0,1
4.24858323649007,11,9,38.002181425950184,1,1,1
59.74455297927822,22,2,5.164055987644153,0,0,1
72.12472435450759,4,2,23.4891106601453,0,0,1
8.170455545483112,15,7,62.38069488239917,0,0,1
130.33175780816856,23,0,81.97949830048015,0,0,1
1.3959112564237626,11,2,8.128285605537146,0,0,1
16.76647527706798,9,2,163.58542046727925,0,0,1
61.679567819699386,5,5,15.914869521472768,0,0,1
66.839180986861,21,2,49.62493262255756,0,0,1
30.252302491911642,6,5,15.913460006143504,0,0,1
146.96479404457352,20,9,12.100549499284654,0,1,1
54.98151727917913,22,6,51.384023326872565,1,0,1
201.30785624263493,6,6,51.5315207055267,0,0,1
33.447783150357694,15,7,27.959535512243423,0,0,1
2.8596346211614394,13,4,28.88054872273366,0,0,1
1.9847140688670828,1,8,8.182142007831459,0,0,1
78.8398852541655,3,7,19.56151373490235,0,0,1
66.839180986861,21,2,49.62493262255756,0,0,1
31.969116255840703,4,9,0.5632160150714738,0,0,1
128.8582765673542,9,8,79.82000742516172,0,0,1
2.3711872924350015,4,7,110.6105287369864,0,0,1
201.30785624263493,6,6,51.5315207055267,0,0,1
104.74077979914793,12,6,39.61876254247438,0,0,1
86.0431332045955,19,5,109.85978174066868,0,0,1
64.88440167417792,4,4,9.134444775559396,0,0,1
172.51858538085813,15,5,41.15226229400994,0,0,1
227.65847094790317,20,5,95.59773563842165,0,0,1
94.91744805522319,1,4,13.04308586663246,0,0,1
188.89374551533777,15,0,34.97417598815268,0,1,1
1.2838542227578875,20,5,22.117679122232147,0,0,1
54.24799494631557,1,9,0.163814325068087,0,0,1
59.963225243482775,16,7,13.56429692685589,0,0,1
38.0025611056787,0,5,2.9625594551208274,0,0,1
77.26669123908864,22,0,43.61739099778183,0,0,1
123.72011801262866,1,1,56.85756721715474,0,0,1
9.822978531124464,21,0,29.744815523454527,0,0,1
21.846167430754427,16,6,16.129986777661173,0,0,1
36.58821279147374,21,7,5.971210506329347,0,0,1
139.59780297071188,18,2,19.917240521131358,0,0,1
5.279527809977468,0,7,57.966087619565855,0,0,1
8.08981934215118,12,7,17.332918959922246,0,0,1
4.487298911432926,8,8,29.007067935383095,0,0,1
27.693113030920475,13,8,18.029056298044804,0,0,1
39.94650606714626,4,8,26.454296010925994,1,0,1
20.103710397885287,16,8,44.848943112779864,0,0,1
46.548110941267964,11,1,5.039088191749021,0,0,1
188.89374551533777,15,0,34.97417598815268,0,1,1
62.305859880409876,11,9,42.35225729764671,0,0,1
29.044573699054165,2,4,33.05236990889673,0,0,1
108.46201550855181,10,9,59.829522054279984,0,0,1
93.90454454748762,10,4,93.29159406187783,0,0,1
80.92468400058256,6,9,49.84709678707323,0,0,1
28.289625375853163,17,8,16.94495076073306,0,0,1
8.170455545483112,15,7,62.38069488239917,0,0,1
27.693113030920475,13,8,18.029056298044804,0,0,1
154.33927818755862,7,0,1.7768831551904174,0,0,1
74.03759563460443,21,4,21.455845630550183,0,0,1
172.65514506301994,17,2,2.0613637751341005,0,0,1
66.79968270904791,18,4,47.09876946922254,1,0,1
133.3490303883392,20,6,52.53986846111053,0,0,1
0.6901724421494768,17,6,45.84031528872305,0,0,1
27.64206896617385,0,4,47.78003340342137,0,0,1
8.293404321158143,7,9,13.760539205909467,0,0,1
36.58821279147374,21,7,5.971210506329347,0,0,1
90.05669785734462,6,1,55.57849901670052,0,0,1
99.30575734759223,19,9,60.12707975729696,0,1,1
36.787432595670374,9,7,17.609865246165043,0,1,1
291.8232300734288,9,2,31.24082205840224,1,0,1
56.15460355367736,6,1,2.8902575046953327,0,0,1
66.01613947623754,5,4,46.0280273105047,0,1,1
46.62620455388791,14,3,82.35686678457765,0,0,1
38.81213685465557,19,1,26.504055206552724,0,0,1
171.27165386597838,0,9,106.16524512537701,0,0,1
38.0025611056787,0,5,2.9625594551208274,0,0,1
81.37369920602278,19,8,2.8935031797709567,0,1,1
5.878110672996271,12,3,46.444199732526116,0,0,1
5.040792183650127,23,2,16.557093276121243,0,0,1
135.40458792968136,6,6,63.75848791377457,0,0,1
178.1258354898527,13,9,32.4277718689277,0,0,1
417.69315472305345,14,8,19.782104815885322,0,0,1
78.58269643247577,2,0,142.6880920648922,1,0,1
108.9162387290241,11,6,4.268031805059065,0,0,1
680.5751219889282,21,0,12.556303011845188,1,0,1
15.895201566782516,12,3,194.89984263578597,0,0,1
15.120030768442408,20,6,32.74567331184915,0,0,1
106.17002105589255,6,4,59.78172599849226,0,0,1
17.23152941098696,18,4,24.12334355868058,0,0,1
165.10782053369465,19,7,109.19781060393392,0,0,1
131.62935503107585,1,4,7.737477804786633,0,0,1
90.05669785734462,6,1,55.57849901670052,0,0,1
23.71485938913611,23,0,34.61604141634013,0,0,1
424.40369826152596,22,5,16.512730645106213,0,0,1
14.661255122827866,9,3,81.14562811649765,0,0,1
49.59909850233758,20,2,16.800113583679813,0,0,1
67.63180399553154,15,5,61.30764959089332,0,0,1
8.08981934215118,12,7,17.332918959922246,0,0,1
72.53850879884061,21,1,1.6902670386502845,0,0,1
59.85339945794067,12,8,16.043688565562707,0,0,1
75.91437829608314,12,2,48.31941340506077,0,0,1
231.90318981262067,3,9,21.84056203846677,0,0,1
104.74077979914793,12,6,39.61876254247438,0,0,1
109.84137455189628,16,6,5.726814428094363,0,0,1
170.57321038928245,14,6,3.501080431941519,0,0,1
201.30785624263493,6,6,51.5315207055267,0,0,1
71.7314124236385,7,5,7.072728815792758,0,0,1
7.448198725566497,2,2,25.170525528380104,1,0,1
300.1332397244468,8,8,4.283054084663725,1,1,1
368.0639977890095,18,4,110.66002693803014,0,0,1
25.59115459033342,1,5,15.166679517164042,0,0,1
58.20966897077567,15,2,2.9912846372219137,0,0,1
59.60890027945429,8,8,18.896989502350838,0,0,1
1.2838542227578875,20,5,22.117679122232147,0,0,1
14.10628908770694,6,8,24.969036020069872,0,0,1
1.9341328972891516,15,4,46.90460818307017,0,1,1
7.118850626264504,8,5,53.08686896522589,0,0,1
12.371277950994294,3,6,24.8883455935904,0,0,1
14.038193897663728,9,9,94.07306075433968,1,0,1
184.86759216512388,16,1,27.763464774689865,0,0,1
172.51858538085813,15,5,41.15226229400994,0,0,1
74.03759563460443,21,4,21.455845630550183,0,0,1
92.36751206847723,21,9,32.53045119772402,0,0,1
101.4580136639517,12,6,36.11357645825737,0,0,1
186.350049185203,20,8,98.07815955179719,0,0,1
15.895201566782516,12,3,194.89984263578597,0,0,1
119.09903146114227,5,2,42.07570687795267,1,0,1
110.62988444669864,22,5,55.09817975591079,0,0,1
92.36751206847723,21,9,32.53045119772402,0,0,1
139.72203916260642,20,8,14.335984542236385,0,0,1
3.970799371386665,23,9,73.52450008743064,0,1,1
40.091673087853,19,0,51.39021762867748,0,0,1
18.897677461991314,6,7,17.794841356172462,0,0,1
42.66200150101238,16,0,32.05991518120339,0,0,1
22.333633395729795,10,0,16.546730375433516,1,0,1
2.8596346211614394,13,4,28.88054872273366,0,0,1
27.64206896617385,0,4,47.78003340342137,0,0,1
23.8687625248947,3,2,49.915495354243774,0,0,1
36.562811166817646,15,8,30.54868057370856,0,0,1
73.79028642493967,15,5,8.192885193599125,0,0,1
175.98245865414893,10,2,34.378438709357454,0,0,1
130.33175780816856,23,0,81.97949830048015,0,0,1
108.38774297986396,6,8,101.31439896464151,0,0,1
66.839180986861,21,2,49.62493262255756,0,0,1
36.44385724094443,5,4,11.98276058945257,0,0,1
467.16024641845877,18,4,27.365531245719282,0,0,1
71.41516813681919,0,6,51.425448523330644,0,0,1
67.63180399553154,15,5,61.30764959089332,0,0,1
105.88997460922201,16,9,49.8988123155336,1,0,1
6.474080465882678,17,9,161.65216256153516,0,0,1
139.72203916260642,20,8,14.335984542236385,0,0,1
292.0911709264685,21,2,20.005455775504004,0,0,1
186.350049185203,20,8,98.07815955179719,0,0,1
173.1514053654731,21,4,74.38471880202704,0,0,1
186.350049185203,20,8,98.07815955179719,0,0,1
42.66200150101238,16,0,32.05991518120339,0,0,1
121.49665279329646,3,0,104.63752819688388,0,0,1
64.69045124116816,11,7,37.05794681869068,0,1,1
204.6033461015753,18,3,31.88149337933749,0,0,1
101.96057941803029,19,4,4.860604814858531,0,1,1
24.90867335410724,23,0,17.360793805487482,0,0,1
130.48178060225274,7,5,23.00558301625234,0,0,1
25.59115459033342,1,5,15.166679517164042,0,0,1
37.40595335387715,23,6,14.32366379748467,0,0,1
126.8474411846264,1,9,48.81637418511437,0,0,1
55.768407917843135,11,0,40.72693314910434,0,0,1
83.02828409517736,16,3,37.027969155698685,0,0,1
8.86538677778067,16,4,7.7461960099927785,0,0,1
69.93027324199502,11,2,24.711443891440837,0,0,1
37.810457768796724,9,2,25.419138158091346,0,0,1
226.65986286309044,9,4,64.16885948004443,0,0,1
54.24799494631557,1,9,0.163814325068087,0,0,1
201.60648378543686,1,0,1.641193721678437,0,0,1
69.94394526077897,2,3,8.486359845437324,0,0,1
59.361578701023376,6,0,22.479642167803654,1,0,1
58.20966897077567,15,2,2.9912846372219137,0,0,1
23.8687625248947,3,2,49.915495354243774,0,0,1
39.94650606714626,4,8,26.454296010925994,1,0,1
198.0810706735358,10,2,10.941605169866856,0,0,1
101.96057941803029,19,4,4.860604814858531,0,1,1
55.92315127740618,21,9,6.579760873271215,0,0,1
27.693113030920475,13,8,18.029056298044804,0,0,1
3.4373198347193927,9,0,33.87518464210393,0,0,1
69.93027324199502,11,2,24.711443891440837,0,0,1
187.44086668722915,3,2,119.5404162486662,0,0,1
201.7950047367915,6,9,15.012876220074869,0,0,1
42.4077810311421,19,4,165.21939414520153,0,0,1
1.3959112564237626,11,2,8.128285605537146,0,0,1
86.58671471970726,10,5,10.647582756432385,0,0,1
18.897677461991314,6,7,17.794841356172462,0,0,1
56.64038163132389,17,4,47.11505799709146,0,0,1
166.45314340477654,3,0,12.256985114851783,1,0,1
47.21047421663407,20,0,41.049500475642255,0,0,1
57.56509916369589,20,0,3.0083315455548894,0,0,1
39.94650606714626,4,8,26.454296010925994,1,0,1
246.35098846338414,2,3,102.47334021733414,0,0,1
90.05669785734462,6,1,55.57849901670052,0,0,1
175.98245865414893,10,2,34.378438709357454,0,0,1
126.8474411846264,1,9,48.81637418511437,0,0,1
68.70925129207896,19,0,22.614732769591626,0,0,1
72.53850879884061,21,1,1.6902670386502845,0,0,1
0.6901724421494768,17,6,45.84031528872305,0,0,1
52.03953077789556,23,6,32.935962231166585,0,0,1
43.900081917116495,0,3,30.90807939371187,0,0,1
2.920502143209468,7,8,19.549491693078146,0,0,1
110.62988444669864,22,5,55.09817975591079,0,0,1
162.28081173648155,9,5,18.08697377004817,0,0,1
29.00836992594099,20,2,98.12500162757219,1,0,1
36.02044760747379,23,1,22.757677668201467,1,0,1
260.9977449209915,9,7,39.95697005943845,1,0,1
159.85097044557224,13,2,1.3803452063470847,0,0,1
111.32543847202942,9,8,2.5869896164030437,0,0,1
109.84137455189628,16,6,5.726814428094363,0,0,1
117.88065028200192,7,1,90.90737513383257,0,0,1
71.41516813681919,0,6,51.425448523330644,0,0,1
80.89779289437242,1,6,27.807796710670964,0,0,1
73.79028642493967,15,5,8.192885193599125,0,0,1
110.62988444669864,22,5,55.09817975591079,0,0,1
19.734781486214786,8,1,34.11532667385372,0,0,1
142.04870159931824,1,7,48.23337692801359,0,0,1
86.0431332045955,19,5,109.85978174066868,0,0,1
25.0992973866705,13,0,1.0696323636276297,0,0,1
29.827508353350463,5,4,80.47651619729994,0,0,1
417.69315472305345,14,8,19.782104815885322,0,0,1
166.14687984884705,22,7,91.85743214090954,0,1,1
126.62847438313909,18,2,47.130090173043165,0,0,1
75.94725215107503,2,2,96.15674217510005,0,0,1
295.04946419583877,11,7,27.06081806008065,0,0,1
174.90717991613752,23,8,2.2289712685383747,0,0,1
121.49665279329646,3,0,104.63752819688388,0,0,1
36.44385724094443,5,4,11.98276058945257,0,0,1
39.860765678899796,23,2,41.15391763330044,0,0,1
15.092058664226416,18,5,184.0609778092511,0,0,1
467.16024641845877,18,4,27.365531245719282,0,0,1
1.9847140688670828,1,8,8.182142007831459,0,0,1
119.09903146114227,5,2,42.07570687795267,1,0,1
1.2075645280140084,19,6,103.77330960621956,0,0,1
75.91437829608314,12,2,48.31941340506077,0,0,1
424.40369826152596,22,5,16.512730645106213,0,0,1
27.693183488830137,2,9,82.92618763549594,0,0,1
98.57289822107595,18,0,11.135308068286568,1,0,1
101.96057941803029,19,4,4.860604814858531,0,1,1
253.6383301814264,19,9,94.61850821010707,0,0,1
38.81213685465557,19,1,26.504055206552724,0,0,1
1.3959112564237626,11,2,8.128285605537146,0,0,1
171.27165386597838,0,9,106.16524512537701,0,0,1
227.65847094790317,20,5,95.59773563842165,0,0,1
52.95216724374391,2,3,5.313898822800285,0,0,1
190.70974725278722,23,7,73.70803548315494,1,0,1
5.829199921078438,20,8,16.137844927876014,0,0,1
54.425714269355005,5,8,39.63701218118999,0,0,1
201.30785624263493,6,6,51.5315207055267,0,0,1
104.74077979914793,12,6,39.61876254247438,0,0,1
346.78081469049494,21,4,49.94025281979742,0,0,1
131.62935503107585,1,4,7.737477804786633,0,0,1
227.65847094790317,20,5,95.59773563842165,0,0,1
73.79028642493967,15,5,8.192885193599125,0,0,1
71.41516813681919,0,6,51.425448523330644,0,0,1
114.01463466715083,8,9,30.553518452324607,0,0,1
130.7513601315038,9,7,53.672783262559555,0,0,1
46.548110941267964,11,1,5.039088191749021,0,0,1
82.40667280277229,23,1,34.04924265911898,0,0,1
53.58816716561955,0,7,193.71183879334387,0,0,1
59.85339945794067,12,8,16.043688565562707,0,0,1
75.5133950505363,1,7,39.014884288711954,0,0,1
45.8522799264304,19,4,13.968281640229781,0,1,1
40.091673087853,19,0,51.39021762867748,0,0,1
95.23939916983089,18,7,12.951366069445115,0,0,1
174.90717991613752,23,8,2.2289712685383747,0,0,1
109.9723477185524,7,3,24.963652150728503,0,0,1
99.30575734759223,19,9,60.12707975729696,0,1,1
56.64038163132389,17,4,47.11505799709146,0,0,1
55.92315127740618,21,9,6.579760873271215,0,0,1
157.0029786395229,8,1,42.509048358152,0,0,1
87.55537772028686,16,3,131.84747529261867,0,0,1
45.48415324234035,21,9,13.757177302436402,0,0,1
28.289625375853163,17,8,16.94495076073306,0,0,1
49.59909850233758,20,2,16.800113583679813,0,0,1
14.038193897663728,9,9,94.07306075433968,1,0,1
159.9206379801562,5,7,42.96364263241269,1,0,1
117.90725753198146,0,9,112.71084031749447,0,0,1
109.84137455189628,16,6,5.726814428094363,0,0,1
21.302903185996403,1,1,45.88939038061029,1,0,1
117.96898763803539,16,4,13.627886140722412,0,0,1
31.603107893455572,7,0,76.56776118900214,0,0,1
17.78149123609272,8,1,44.58080881423314,1,0,1
23.8687625248947,3,2,49.915495354243774,0,0,1
49.31422569251884,13,6,4.895097662460259,0,0,1
186.350049185203,20,8,98.07815955179719,0,0,1
9.97819661049211,18,3,15.612721457696619,0,0,1
153.0171671923533,11,7,152.11546728486834,0,0,1
118.8196755663473,12,7,49.31546772180872,0,0,1
131.78530934609608,13,1,29.434637969770773,0,0,1
66.839180986861,21,2,49.62493262255756,0,0,1
75.90961826383537,14,2,153.62979874424732,0,0,1
9.147602822482632,20,5,143.6409779987174,0,0,1
28.230684939514095,3,6,54.90513206366566,1,0,1
175.98245865414893,10,2,34.378438709357454,0,0,1
15.344186123358494,10,7,5.553040927836629,0,0,1
176.54098841221574,13,6,17.942465585956217,0,0,1
74.03759563460443,21,4,21.455845630550183,0,0,1
130.55665773552832,16,1,3.730538646854565,0,0,1
79.99764615179966,20,8,37.54433800831344,1,0,1
99.49206573550218,5,1,58.69100813132518,0,0,1
13.602729246922369,2,3,106.08831044086573,1,0,1
163.42777671764387,8,8,20.612449766892418,0,0,1
55.92315127740618,21,9,6.579760873271215,0,0,1
108.46201550855181,10,9,59.829522054279984,0,0,1
96.64861891767073,15,8,25.10833323871784,1,0,1
61.679567819699386,5,5,15.914869521472768,0,0,1
131.78530934609608,13,1,29.434637969770773,0,0,1
198.0810706735358,10,2,10.941605169866856,0,0,1
54.024547865953565,23,1,63.681676067027105,1,0,1
271.32472745175227,21,4,243.17541105901563,0,0,1
125.20677895857905,16,5,19.482186740937074,0,0,1
28.350019881455186,23,6,69.12281784719994,0,0,1
1.2075645280140084,19,6,103.77330960621956,0,0,1
58.089606501413904,7,5,3.309744306666461,0,0,1
178.1258354898527,13,9,32.4277718689277,0,0,1
27.427121830813526,19,1,32.76218753481015,1,0,1
126.4700490305277,6,5,45.74630483563026,0,0,1
121.49665279329646,3,0,104.63752819688388,0,0,1
2.245300569573935,18,8,5.429270726064513,0,0,1
68.94140444876165,18,8,22.243850415431986,0,0,1
37.40595335387715,23,6,14.32366379748467,0,0,1
190.70974725278722,23,7,73.70803548315494,1,0,1
8.293404321158143,7,9,13.760539205909467,0,0,1
22.37996748916361,5,7,43.76893266378124,0,0,1
271.62086538759945,9,8,3.8804007496247026,0,0,1
200.788200396462,2,1,37.18478398632975,0,0,1
82.43603206028806,22,8,104.3820864918417,0,0,1
67.63180399553154,15,5,61.30764959089332,0,0,1
260.9977449209915,9,7,39.95697005943845,1,0,1
25.59115459033342,1,5,15.166679517164042,0,0,1
195.97883103082512,0,2,2.240969791578799,0,0,1
35.677078125303815,0,1,10.30511560686879,0,0,1
96.64861891767073,15,8,25.10833323871784,1,0,1
114.01463466715083,8,9,30.553518452324607,0,0,1
32.18460196170109,6,6,5.0153298360278615,0,0,1
1.9847140688670828,1,8,8.182142007831459,0,0,1
36.16930983379011,13,5,36.66870624187419,0,0,1
53.33140363376775,15,4,38.34052084947605,0,0,1
200.788200396462,2,1,37.18478398632975,0,0,1
111.32543847202942,9,8,2.5869896164030437,0,0,1
22.315470276732146,23,7,27.77063921442287,0,0,1
44.53872370520718,6,4,11.424365320175406,0,0,1
378.4677972921234,22,2,21.02503840380716,0,0,1
38.73729908946474,22,0,1.7549264752632747,0,0,1
19.896792853683777,4,9,67.00050537001484,0,0,1
51.442606733099105,18,4,7.182053409558,0,0,1
36.16930983379011,13,5,36.66870624187419,0,0,1
1.4651476265668781,13,6,2.5306785462349444,0,0,1
90.98844027249767,23,0,39.797388261138686,0,0,1
106.9894100615944,19,9,43.181359069670435,0,0,1
49.31422569251884,13,6,4.895097662460259,0,0,1
110.13963171723069,22,5,4.5060190155917415,0,0,1
99.30575734759223,19,9,60.12707975729696,0,1,1
15.534023502232127,5,9,245.48617901450157,0,0,1
3.3997969868477944,3,8,206.4407024606287,0,0,1
373.02775845358445,6,4,0.9451853579518589,0,0,1
263.98855421040753,3,9,87.42629136603884,0,0,1
178.1258354898527,13,9,32.4277718689277,0,0,1
42.4077810311421,19,4,165.21939414520153,0,0,1
78.8398852541655,3,7,19.56151373490235,0,0,1
38.814551496387395,13,7,30.68817761402417,0,0,1
51.442606733099105,18,4,7.182053409558,0,0,1
20.103710397885287,16,8,44.848943112779864,0,0,1
28.230684939514095,3,6,54.90513206366566,1,0,1
296.3643718282635,6,4,177.37795579499183,0,0,1
28.289625375853163,17,8,16.94495076073306,0,0,1
39.860765678899796,23,2,41.15391763330044,0,0,1
9.97819661049211,18,3,15.612721457696619,0,0,1
92.36751206847723,21,9,32.53045119772402,0,0,1
66.01613947623754,5,4,46.0280273105047,0,1,1
3.723434185767217,17,5,5.8768014907265425,0,0,1
19.734781486214786,8,1,34.11532667385372,0,0,1
187.44086668722915,3,2,119.5404162486662,0,0,1
75.94725215107503,2,2,96.15674217510005,0,0,1
44.28527961865563,11,4,126.6381048702748,0,0,1
378.4677972921234,22,2,21.02503840380716,0,0,1
8.170455545483112,15,7,62.38069488239917,0,0,1
30.252302491911642,6,5,15.913460006143504,0,0,1
38.04829531389874,0,5,175.87533526373696,0,0,1
15.344186123358494,10,7,5.553040927836629,0,0,1
187.44086668722915,3,2,119.5404162486662,0,0,1
101.96057941803029,19,4,4.860604814858531,0,1,1
12.998251116649588,1,4,42.93862292943485,0,0,1
246.35098846338414,2,3,102.47334021733414,0,0,1
3.3997969868477944,3,8,206.4407024606287,0,0,1
85.32576598372877,19,9,9.468822453719547,0,0,1
3.3997969868477944,3,8,206.4407024606287,0,0,1
263.98855421040753,3,9,87.42629136603884,0,0,1
158.52834081430325,11,7,8.87210737174755,0,0,1
50.18201538710777,22,5,6.723303917634582,1,0,1
242.56218872119706,20,7,17.693719229645357,0,0,1
50.18201538710777,22,5,6.723303917634582,1,0,1
68.56925413210558,5,4,13.540082908604326,1,0,1
337.6177831884106,3,5,11.99458343819426,0,0,1
173.1514053654731,21,4,74.38471880202704,0,0,1
165.10782053369465,19,7,109.19781060393392,0,0,1
363.0194375144341,21,3,16.795974760707328,0,0,1
90.05669785734462,6,1,55.57849901670052,0,0,1
49.31422569251884,13,6,4.895097662460259,0,0,1
59.963225243482775,16,7,13.56429692685589,0,0,1
15.854396621277056,11,3,235.1822909526317,0,0,1
424.40369826152596,22,5,16.512730645106213,0,0,1
20.61841490643128,16,5,70.0193676401906,0,0,1
202.53829191556267,23,6,13.248169642927952,0,0,1
106.17002105589255,6,4,59.78172599849226,0,0,1
42.66200150101238,16,0,32.05991518120339,0,0,1
81.7360407561493,22,1,12.40304796253427,0,0,1
53.58816716561955,0,7,193.71183879334387,0,0,1
74.0839071582705,4,2,20.66175946995104,0,0,1
23.8687625248947,3,2,49.915495354243774,0,0,1
99.30575734759223,19,9,60.12707975729696,0,1,1
54.24799494631557,1,9,0.163814325068087,0,0,1
201.7950047367915,6,9,15.012876220074869,0,0,1
184.86759216512388,16,1,27.763464774689865,0,0,1
25.0992973866705,13,0,1.0696323636276297,0,0,1
28.230684939514095,3,6,54.90513206366566,1,0,1
76.29805773424295,19,2,14.128919921172217,0,0,1
117.96898763803539,16,4,13.627886140722412,0,0,1
50.41826810247863,20,2,147.31680072853374,0,0,1
71.7314124236385,7,5,7.072728815792758,0,0,1
159.85097044557224,13,2,1.3803452063470847,0,0,1
109.0062525147099,17,9,13.055022757160526,0,0,1
5.829199921078438,20,8,16.137844927876014,0,0,1
378.4677972921234,22,2,21.02503840380716,0,0,1
226.65986286309044,9,4,64.16885948004443,0,0,1
92.11109078171103,17,4,34.839702702365756,0,0,1
83.47531994414878,11,8,66.50578222706646,0,0,1
171.27165386597838,0,9,106.16524512537701,0,0,1
439.99779791123024,6,1,21.41526179740357,0,0,1
184.8548945368862,11,4,56.98892667189076,0,0,1
154.3080106811237,14,4,41.954706867452494,0,0,1
23.800106695362913,18,0,26.36678996843194,0,0,1
223.18630208218275,5,3,6.73592088121774,0,0,1
363.0194375144341,21,3,16.795974760707328,0,0,1
17.36332712183605,21,1,152.36697106267272,0,0,1
43.595353461673334,20,5,120.32559522287973,0,0,1
300.1332397244468,8,8,4.283054084663725,1,1,1
221.76934692017682,17,3,13.950336136706293,1,0,1
246.35098846338414,2,3,102.47334021733414,0,0,1
15.311853406083515,5,3,17.724084454466578,1,0,1
33.447783150357694,15,7,27.959535512243423,0,0,1
417.69315472305345,14,8,19.782104815885322,0,0,1
261.89929190405377,16,1,13.301917068014745,0,0,1
68.94140444876165,18,8,22.243850415431986,0,0,1
121.49665279329646,3,0,104.63752819688388,0,0,1
42.66024955171008,17,7,107.58992553589543,0,0,1
439.99779791123024,6,1,21.41526179740357,0,0,1
83.47531994414878,11,8,66.50578222706646,0,0,1
69.94394526077897,2,3,8.486359845437324,0,0,1
30.50646073151543,3,5,53.434101830940484,0,0,1
2.920502143209468,7,8,19.549491693078146,0,0,1
3.4373198347193927,9,0,33.87518464210393,0,0,1
117.96898763803539,16,4,13.627886140722412,0,0,1
49.94689052671303,21,4,92.55255299444528,0,0,1
5.491521657386787,8,0,132.22501027214537,0,0,1
75.91437829608314,12,2,48.31941340506077,0,0,1
130.55665773552832,16,1,3.730538646854565,0,0,1
69.94394526077897,2,3,8.486359845437324,0,0,1
64.88440167417792,4,4,9.134444775559396,0,0,1
467.16024641845877,18,4,27.365531245719282,0,0,1
75.94725215107503,2,2,96.15674217510005,0,0,1
108.9162387290241,11,6,4.268031805059065,0,0,1
97.63011917123741,15,1,65.88681194104558,0,0,1
44.28527961865563,11,4,126.6381048702748,0,0,1
2.245300569573935,18,8,5.429270726064513,0,0,1
7.314681316131341,4,8,16.90125239766193,0,0,1
71.15421049175391,12,4,26.999163542605366,0,0,1
171.27165386597838,0,9,106.16524512537701,0,0,1
88.69412861449368,4,9,90.08662304274728,0,0,1
11.935028499273859,18,2,5.198447477603523,0,0,1
35.677078125303815,0,1,10.30511560686879,0,0,1
55.768407917843135,11,0,40.72693314910434,0,0,1
75.94725215107503,2,2,96.15674217510005,0,0,1
102.83941471088912,21,5,38.35746184743651,1,0,1
260.9977449209915,9,7,39.95697005943845,1,0,1
135.79848888102285,1,8,214.02085544927704,0,0,1
27.693183488830137,2,9,82.92618763549594,0,0,1
45.48415324234035,21,9,13.757177302436402,0,0,1
2.920502143209468,7,8,19.549491693078146,0,0,1
14.038193897663728,9,9,94.07306075433968,1,0,1
74.03759563460443,21,4,21.455845630550183,0,0,1
69.93027324199502,11,2,24.711443891440837,0,0,1
78.8398852541655,3,7,19.56151373490235,0,0,1
28.7645927596787,7,3,30.408062093304896,0,0,1
105.23320404102641,17,4,16.125892513935405,0,0,1
30.50646073151543,3,5,53.434101830940484,0,0,1
92.36751206847723,21,9,32.53045119772402,0,0,1
67.12896590224157,6,6,8.970474446336452,0,0,1
62.305859880409876,11,9,42.35225729764671,0,0,1
109.84137455189628,16,6,5.726814428094363,0,0,1
146.96479404457352,20,9,12.100549499284654,0,1,1
80.89779289437242,1,6,27.807796710670964,0,0,1
62.305859880409876,11,9,42.35225729764671,0,0,1
125.20674728720263,14,9,11.35805512257363,1,0,1
6.960802571127356,6,6,2.237583313096323,1,0,1
3.2095746736032114,4,6,21.860923497442787,0,0,1
54.24799494631557,1,9,0.163814325068087,0,0,1
172.65514506301994,17,2,2.0613637751341005,0,0,1
38.81213685465557,19,1,26.504055206552724,0,0,1
44.28527961865563,11,4,126.6381048702748,0,0,1
36.02044760747379,23,1,22.757677668201467,1,0,1
44.28527961865563,11,4,126.6381048702748,0,0,1
9.922650699345185,10,0,26.333716765914883,0,0,1
28.230684939514095,3,6,54.90513206366566,1,0,1
44.28527961865563,11,4,126.6381048702748,0,0,1
538.6386668497049,4,4,8.902415376242699,0,0,1
71.27850914938828,8,9,178.105644021577,1,0,1
66.839180986861,21,2,49.62493262255756,0,0,1
54.024547865953565,23,1,63.681676067027105,1,0,1
117.90725753198146,0,9,112.71084031749447,0,0,1
133.3490303883392,20,6,52.53986846111053,0,0,1
162.7305474991052,5,8,22.060525338496248,0,0,1
29.067457241461543,16,0,78.47402086264539,0,0,1
45.8522799264304,19,4,13.968281640229781,0,1,1
261.89929190405377,16,1,13.301917068014745,0,0,1
5.829199921078438,20,8,16.137844927876014,0,0,1
20.691014942823468,19,0,14.916706069510832,0,0,1
195.97883103082512,0,2,2.240969791578799,0,0,1
1.9227070420597503,12,6,25.69548721435871,1,0,1
4.278265894923065,4,6,235.96984168512623,0,0,1
346.78081469049494,21,4,49.94025281979742,0,0,1
75.91437829608314,12,2,48.31941340506077,0,0,1
157.02322288658587,2,8,33.46857241480386,0,0,1
37.40595335387715,23,6,14.32366379748467,0,0,1
27.339934203463027,0,6,35.66666050248854,0,0,1
98.57289822107595,18,0,11.135308068286568,1,0,1
157.0029786395229,8,1,42.509048358152,0,0,1
135.43939412806242,0,5,90.92136883560278,0,1,1
15.854396621277056,11,3,235.1822909526317,0,0,1
1.6333058503340645,18,4,40.925292977217126,0,0,1
368.0639977890095,18,4,110.66002693803014,0,0,1
27.427121830813526,19,1,32.76218753481015,1,0,1
71.04371771341901,22,0,55.40927460058553,1,0,1
184.8548945368862,11,4,56.98892667189076,0,0,1
46.62620455388791,14,3,82.35686678457765,0,0,1
118.8196755663473,12,7,49.31546772180872,0,0,1
271.8600527545924,1,1,16.239583117547753,1,0,1
184.8548945368862,11,4,56.98892667189076,0,0,1
15.344186123358494,10,7,5.553040927836629,0,0,1
72.12472435450759,4,2,23.4891106601453,0,0,1
75.5133950505363,1,7,39.014884288711954,0,0,1
31.14184672257246,11,5,12.207385591516394,0,0,1
90.98844027249767,23,0,39.797388261138686,0,0,1
36.562811166817646,15,8,30.54868057370856,0,0,1
241.7168729910249,7,7,239.9113550819812,1,0,1
110.12890836523806,20,1,13.528984514017731,0,0,1
102.48442087373908,8,2,27.67942806544158,0,0,1
37.40595335387715,23,6,14.32366379748467,0,0,1
110.45595986817835,1,6,59.25661665155136,1,0,1
47.21047421663407,20,0,41.049500475642255,0,0,1
36.58821279147374,21,7,5.971210506329347,0,0,1
45.8522799264304,19,4,13.968281640229781,0,1,1
68.28522587890998,22,8,48.37622855671547,0,0,1
24.17341978858234,18,1,7.088503346634613,0,0,1
110.62988444669864,22,5,55.09817975591079,0,0,1
271.62086538759945,9,8,3.8804007496247026,0,0,1
71.04371771341901,22,0,55.40927460058553,1,0,1
36.16930983379011,13,5,36.66870624187419,0,0,1
6.474080465882678,17,9,161.65216256153516,0,0,1
163.42777671764387,8,8,20.612449766892418,0,0,1
66.839180986861,21,2,49.62493262255756,0,0,1
118.75590135001512,21,0,391.0004833954609,0,0,1
130.7877525483067,21,8,11.075629952719003,0,0,1
200.788200396462,2,1,37.18478398632975,0,0,1
31.969116255840703,4,9,0.5632160150714738,0,0,1
69.93027324199502,11,2,24.711443891440837,0,0,1
23.71485938913611,23,0,34.61604141634013,0,0,1
36.16930983379011,13,5,36.66870624187419,0,0,1
130.48178060225274,7,5,23.00558301625234,0,0,1
9.988280887183773,12,1,14.137935080198885,0,0,1
43.595353461673334,20,5,120.32559522287973,0,0,1
200.788200396462,2,1,37.18478398632975,0,0,1
186.350049185203,20,8,98.07815955179719,0,0,1
67.12896590224157,6,6,8.970474446336452,0,0,1
99.30575734759223,19,9,60.12707975729696,0,1,1
74.0839071582705,4,2,20.66175946995104,0,0,1
53.05992863850641,18,6,151.8477595109053,0,0,1
163.42777671764387,8,8,20.612449766892418,0,0,1
27.46363340482561,22,4,2.424691816423996,0,0,1
59.60890027945429,8,8,18.896989502350838,0,0,1
80.89779289437242,1,6,27.807796710670964,0,0,1
269.93819649542957,18,4,110.18881019041467,0,0,1
8.86538677778067,16,4,7.7461960099927785,0,0,1
15.311853406083515,5,3,17.724084454466578,1,0,1
152.01542911231599,22,5,61.76793548477574,0,0,1
226.65986286309044,9,4,64.16885948004443,0,0,1
23.8687625248947,3,2,49.915495354243774,0,0,1
68.70925129207896,19,0,22.614732769591626,0,0,1
99.67467068014915,6,9,35.94526700431902,0,0,1
20.691014942823468,19,0,14.916706069510832,0,0,1
184.4077141321478,1,1,116.14923766361474,0,0,1
36.39868779777241,9,9,24.65422145636541,0,0,1
40.450084270052386,20,0,95.02240871157768,1,0,1
15.175698737108501,15,6,51.748183747845246,0,0,1
108.9527839812185,4,5,92.85477538665799,0,0,1
52.40700059673562,8,4,25.024125044809537,0,0,1
71.83184380046364,5,9,12.168433986195797,0,0,1
55.92315127740618,21,9,6.579760873271215,0,0,1
60.57691464212985,8,1,8.02041865969103,0,0,1
166.14687984884705,22,7,91.85743214090954,0,1,1
43.900081917116495,0,3,30.90807939371187,0,0,1
15.092058664226416,18,5,184.0609778092511,0,0,1
29.947454226575402,3,2,32.27109231080576,0,0,1
2.245300569573935,18,8,5.429270726064513,0,0,1
373.02775845358445,6,4,0.9451853579518589,0,0,1
27.89161829949456,23,6,50.516393786296774,0,0,1
5.491521657386787,8,0,132.22501027214537,0,0,1
146.96479404457352,20,9,12.100549499284654,0,1,1
15.120030768442408,20,6,32.74567331184915,0,0,1
312.46376651979347,8,3,28.742877573710306,0,0,1
128.8582765673542,9,8,79.82000742516172,0,0,1
231.90318981262067,3,9,21.84056203846677,0,0,1
23.800106695362913,18,0,26.36678996843194,0,0,1
29.067457241461543,16,0,78.47402086264539,0,0,1
9.296352899619693,15,4,19.035260244943508,0,0,1
78.8398852541655,3,7,19.56151373490235,0,0,1
77.26669123908864,22,0,43.61739099778183,0,0,1
187.44086668722915,3,2,119.5404162486662,0,0,1
90.8131583702163,20,3,9.284065335978271,0,0,1
47.21047421663407,20,0,41.049500475642255,0,0,1
184.4077141321478,1,1,116.14923766361474,0,0,1
6.720959348940872,12,8,29.198395355013538,0,0,1
118.75590135001512,21,0,391.0004833954609,0,0,1
15.344186123358494,10,7,5.553040927836629,0,0,1
201.60648378543686,1,0,1.641193721678437,0,0,1
20.103710397885287,16,8,44.848943112779864,0,0,1
271.8600527545924,1,1,16.239583117547753,1,0,1
70.46982345650964,14,1,19.815190625218076,0,0,1
54.024547865953565,23,1,63.681676067027105,1,0,1
165.10782053369465,19,7,109.19781060393392,0,0,1
36.28476586043416,15,3,110.56038406384316,0,0,1
39.94650606714626,4,8,26.454296010925994,1,0,1
2.2827151427937546,4,8,12.603249148574033,0,0,1
187.44086668722915,3,2,119.5404162486662,0,0,1
31.14184672257246,11,5,12.207385591516394,0,0,1
2.960459192117248,22,2,51.72460629993388,0,0,1
38.0025611056787,0,5,2.9625594551208274,0,0,1
16.83497609067831,3,4,17.19370528815662,0,0,1
29.827508353350463,5,4,80.47651619729994,0,0,1
23.8687625248947,3,2,49.915495354243774,0,0,1
270.59461718602284,16,7,158.3295028684857,1,0,1
20.691014942823468,19,0,14.916706069510832,0,0,1
130.81429681679046,22,3,23.345393052913156,0,0,1
123.15909951213125,21,3,30.564262674952264,1,0,1
20.691014942823468,19,0,14.916706069510832,0,0,1
180.1547870008433,14,4,7.599879100922198,0,0,1
53.10584998237119,10,0,43.148984273605315,1,0,1
52.95216724374391,2,3,5.313898822800285,0,0,1
2.8596346211614394,13,4,28.88054872273366,0,0,1
37.40595335387715,23,6,14.32366379748467,0,0,1
27.662202201299042,7,4,34.54578915472505,0,0,1
52.03953077789556,23,6,32.935962231166585,0,0,1
1.9847140688670828,1,8,8.182142007831459,0,0,1
17.537807086470178,12,3,15.277085575097377,0,0,1
24.90867335410724,23,0,17.360793805487482,0,0,1
49.59909850233758,20,2,16.800113583679813,0,0,1
424.40369826152596,22,5,16.512730645106213,0,0,1
8.08981934215118,12,7,17.332918959922246,0,0,1
108.46201550855181,10,9,59.829522054279984,0,0,1
117.96898763803539,16,4,13.627886140722412,0,0,1
53.05992863850641,18,6,151.8477595109053,0,0,1
31.969116255840703,4,9,0.5632160150714738,0,0,1
7.448198725566497,2,2,25.170525528380104,1,0,1
72.50082520454396,18,4,6.415021171062962,0,0,1
6.2116863612178825,4,6,98.12641121588777,0,0,1
133.3490303883392,20,6,52.53986846111053,0,0,1
72.50082520454396,18,4,6.415021171062962,0,0,1
37.810457768796724,9,2,25.419138158091346,0,0,1
270.59461718602284,16,7,158.3295028684857,1,0,1
53.10584998237119,10,0,43.148984273605315,1,0,1
16.400743025106447,21,5,54.170914968980796,0,0,1
101.10887957798545,10,3,109.75078234336313,1,0,1
69.94394526077897,2,3,8.486359845437324,0,0,1
9.147602822482632,20,5,143.6409779987174,0,0,1
24.680862366950556,7,0,20.59848937632275,0,0,1
61.34547044538154,10,5,117.24357062881636,0,0,1
67.63180399553154,15,5,61.30764959089332,0,0,1
3.9572207838343934,5,9,32.513903918786504,0,0,1
87.55537772028686,16,3,131.84747529261867,0,0,1
54.425714269355005,5,8,39.63701218118999,0,0,1
59.361578701023376,6,0,22.479642167803654,1,0,1
19.896792853683777,4,9,67.00050537001484,0,0,1
125.29062038255496,11,3,2.6808369218310233,1,0,1
109.84137455189628,16,6,5.726814428094363,0,0,1
269.93819649542957,18,4,110.18881019041467,0,0,1
81.69698563089183,15,7,0.8081126410891086,0,0,1
39.860765678899796,23,2,41.15391763330044,0,0,1
5.136121995053866,1,8,77.72357861622875,0,0,1
126.29497426093292,10,3,3.2457719378637173,0,0,1
101.10887957798545,10,3,109.75078234336313,1,0,1
101.10887957798545,10,3,109.75078234336313,1,0,1
200.788200396462,2,1,37.18478398632975,0,0,1
74.03759563460443,21,4,21.455845630550183,0,0,1
200.788200396462,2,1,37.18478398632975,0,0,1
1.6333058503340645,18,4,40.925292977217126,0,0,1
6.474080465882678,17,9,161.65216256153516,0,0,1
3.2095746736032114,4,6,21.860923497442787,0,0,1
29.235129399663172,16,6,1.0822483439467454,0,0,1
24.680862366950556,7,0,20.59848937632275,0,0,1
18.897677461991314,6,7,17.794841356172462,0,0,1
133.3490303883392,20,6,52.53986846111053,0,0,1
58.50358284000809,8,4,57.13955666457806,0,0,1
102.83941471088912,21,5,38.35746184743651,1,0,1
44.28527961865563,11,4,126.6381048702748,0,0,1
1.5226013884891114,6,9,26.50763268043463,0,0,1
98.57289822107595,18,0,11.135308068286568,1,0,1
125.20677895857905,16,5,19.482186740937074,0,0,1
28.7645927596787,7,3,30.408062093304896,0,0,1
159.85097044557224,13,2,1.3803452063470847,0,0,1
59.29985914247256,8,5,28.030353162912096,0,0,1
1.5226013884891114,6,9,26.50763268043463,0,0,1
184.4077141321478,1,1,116.14923766361474,0,0,1
69.93027324199502,11,2,24.711443891440837,0,0,1
146.66583261701916,21,6,36.86064363449983,0,0,1
45.48415324234035,21,9,13.757177302436402,0,0,1
159.85097044557224,13,2,1.3803452063470847,0,0,1
195.1148140133525,8,5,10.575738781709457,1,1,1
98.57289822107595,18,0,11.135308068286568,1,0,1
55.42650325196402,3,8,90.1964750809194,0,0,1
16.16363423177122,11,8,88.3553376031359,0,0,1
105.23320404102641,17,4,16.125892513935405,0,0,1
68.28522587890998,22,8,48.37622855671547,0,0,1
15.092058664226416,18,5,184.0609778092511,0,0,1
424.40369826152596,22,5,16.512730645106213,0,0,1
244.51508595398127,19,7,1.876396894073255,0,0,1
42.4077810311421,19,4,165.21939414520153,0,0,1
3.9572207838343934,5,9,32.513903918786504,0,0,1
163.42777671764387,8,8,20.612449766892418,0,0,1
35.677078125303815,0,1,10.30511560686879,0,0,1
86.0431332045955,19,5,109.85978174066868,0,0,1
209.9399761780521,12,4,32.01928815502401,0,0,1
121.49665279329646,3,0,104.63752819688388,0,0,1
36.02044760747379,23,1,22.757677668201467,1,0,1
75.91437829608314,12,2,48.31941340506077,0,0,1
49.94689052671303,21,4,92.55255299444528,0,0,1
29.044573699054165,2,4,33.05236990889673,0,0,1
263.98855421040753,3,9,87.42629136603884,0,0,1
102.83941471088912,21,5,38.35746184743651,1,0,1
1.5226013884891114,6,9,26.50763268043463,0,0,1
72.53850879884061,21,1,1.6902670386502845,0,0,1
29.947454226575402,3,2,32.27109231080576,0,0,1
1.5226013884891114,6,9,26.50763268043463,0,0,1
226.65986286309044,9,4,64.16885948004443,0,0,1
27.46363340482561,22,4,2.424691816423996,0,0,1
18.763882868982012,1,4,12.110386217410984,0,0,1
186.350049185203,20,8,98.07815955179719,0,0,1
312.46376651979347,8,3,28.742877573710306,0,0,1
159.85097044557224,13,2,1.3803452063470847,0,0,1
15.344186123358494,10,7,5.553040927836629,0,0,1
115.94048640248865,0,2,86.47686887981676,0,0,1
241.7168729910249,7,7,239.9113550819812,1,0,1
59.29985914247256,8,5,28.030353162912096,0,0,1
300.1332397244468,8,8,4.283054084663725,1,1,1
5.829199921078438,20,8,16.137844927876014,0,0,1
16.81654704781473,0,7,31.798557844076463,0,0,1
131.62935503107585,1,4,7.737477804786633,0,0,1
20.103710397885287,16,8,44.848943112779864,0,0,1
3.970799371386665,23,9,73.52450008743064,0,1,1
34.75620842670952,20,9,24.568399501530134,1,0,1
55.42650325196402,3,8,90.1964750809194,0,0,1
42.4077810311421,19,4,165.21939414520153,0,0,1
85.32576598372877,19,9,9.468822453719547,0,0,1
184.4077141321478,1,1,116.14923766361474,0,0,1
6.474080465882678,17,9,161.65216256153516,0,0,1
23.6125650647291,3,6,14.002555766381548,0,0,1
87.55537772028686,16,3,131.84747529261867,0,0,1
121.49665279329646,3,0,104.63752819688388,0,0,1
184.86759216512388,16,1,27.763464774689865,0,0,1
351.0461721282546,11,9,116.60730496916878,0,0,1
71.15421049175391,12,4,26.999163542605366,0,0,1
188.89374551533777,15,0,34.97417598815268,0,1,1
50.41826810247863,20,2,147.31680072853374,0,0,1
15.895201566782516,12,3,194.89984263578597,0,0,1
101.10887957798545,10,3,109.75078234336313,1,0,1
118.8196755663473,12,7,49.31546772180872,0,0,1
13.278406215222638,6,6,54.02987643434668,0,0,1
135.79848888102285,1,8,214.02085544927704,0,0,1
19.896792853683777,4,9,67.00050537001484,0,0,1
44.28527961865563,11,4,126.6381048702748,0,0,1
101.10887957798545,10,3,109.75078234336313,1,0,1
52.03953077789556,23,6,32.935962231166585,0,0,1
219.93782101996536,2,9,24.66247992528514,0,0,1
166.45314340477654,3,0,12.256985114851783,1,0,1
135.40458792968136,6,6,63.75848791377457,0,0,1
108.9527839812185,4,5,92.85477538665799,0,0,1
59.85339945794067,12,8,16.043688565562707,0,0,1
27.46363340482561,22,4,2.424691816423996,0,0,1
99.30575734759223,19,9,60.12707975729696,0,1,1
2.2827151427937546,4,8,12.603249148574033,0,0,1
36.39868779777241,9,9,24.65422145636541,0,0,1
53.10584998237119,10,0,43.148984273605315,1,0,1
42.66024955171008,17,7,107.58992553589543,0,0,1
106.9894100615944,19,9,43.181359069670435,0,0,1
202.53829191556267,23,6,13.248169642927952,0,0,1
238.33748858765222,8,4,4.705586618471598,0,0,1
69.35431299831438,22,9,56.19703879064441,1,0,1
17.23152941098696,18,4,24.12334355868058,0,0,1
49.31422569251884,13,6,4.895097662460259,0,0,1
14.661255122827866,9,3,81.14562811649765,0,0,1
5.136121995053866,1,8,77.72357861622875,0,0,1
270.59461718602284,16,7,158.3295028684857,1,0,1
161.86093410817165,19,8,93.74823895904424,0,0,1
83.47531994414878,11,8,66.50578222706646,0,0,1
52.95216724374391,2,3,5.313898822800285,0,0,1
2.245300569573935,18,8,5.429270726064513,0,0,1
221.76934692017682,17,3,13.950336136706293,1,0,1
351.0461721282546,11,9,116.60730496916878,0,0,1
29.067457241461543,16,0,78.47402086264539,0,0,1
53.58816716561955,0,7,193.71183879334387,0,0,1
184.86759216512388,16,1,27.763464774689865,0,0,1
157.4333443217474,21,5,60.70224840729944,0,0,1
59.29985914247256,8,5,28.030353162912096,0,0,1
1.9341328972891516,15,4,46.90460818307017,0,1,1
3.4373198347193927,9,0,33.87518464210393,0,0,1
58.089606501413904,7,5,3.309744306666461,0,0,1
23.8687625248947,3,2,49.915495354243774,0,0,1
23.800106695362913,18,0,26.36678996843194,0,0,1
13.602729246922369,2,3,106.08831044086573,1,0,1
156.40973333379875,16,6,52.811839062516256,0,0,1
75.94725215107503,2,2,96.15674217510005,0,0,1
71.27850914938828,8,9,178.105644021577,1,0,1
90.8131583702163,20,3,9.284065335978271,0,0,1
64.69045124116816,11,7,37.05794681869068,0,1,1
1.5112115351447397,23,4,54.02382996180876,0,1,1
31.603107893455572,7,0,76.56776118900214,0,0,1
126.29497426093292,10,3,3.2457719378637173,0,0,1
31.14184672257246,11,5,12.207385591516394,0,0,1
14.038193897663728,9,9,94.07306075433968,1,0,1
29.044573699054165,2,4,33.05236990889673,0,0,1
58.089606501413904,7,5,3.309744306666461,0,0,1
105.88997460922201,16,9,49.8988123155336,1,0,1
130.55665773552832,16,1,3.730538646854565,0,0,1
162.7305474991052,5,8,22.060525338496248,0,0,1
17.537807086470178,12,3,15.277085575097377,0,0,1
54.425714269355005,5,8,39.63701218118999,0,0,1
337.6475102731325,21,6,11.432832506589344,0,0,1
62.305859880409876,11,9,42.35225729764671,0,0,1
68.70925129207896,19,0,22.614732769591626,0,0,1
271.62086538759945,9,8,3.8804007496247026,0,0,1
35.677078125303815,0,1,10.30511560686879,0,0,1
5.491521657386787,8,0,132.22501027214537,0,0,1
29.235129399663172,16,6,1.0822483439467454,0,0,1
13.278406215222638,6,6,54.02987643434668,0,0,1
196.78845032231982,9,1,4.488704299180643,0,0,1
2.960459192117248,22,2,51.72460629993388,0,0,1
53.33140363376775,15,4,38.34052084947605,0,0,1
38.41571882948685,17,9,13.597367581685848,0,0,1
22.478503258578506,5,6,25.112107673285024,0,1,1
2.276141416943498,3,5,12.005336251366716,0,0,1
1.9227070420597503,12,6,25.69548721435871,1,0,1
14.10628908770694,6,8,24.969036020069872,0,0,1
1.2075645280140084,19,6,103.77330960621956,0,0,1
24.680862366950556,7,0,20.59848937632275,0,0,1
1.9341328972891516,15,4,46.90460818307017,0,1,1
72.12472435450759,4,2,23.4891106601453,0,0,1
62.305859880409876,11,9,42.35225729764671,0,0,1
123.72011801262866,1,1,56.85756721715474,0,0,1
261.89929190405377,16,1,13.301917068014745,0,0,1
1.6333058503340645,18,4,40.925292977217126,0,0,1
171.14608427343396,7,2,55.34410071430882,0,0,1
60.57691464212985,8,1,8.02041865969103,0,0,1
227.65847094790317,20,5,95.59773563842165,0,0,1
15.534023502232127,5,9,245.48617901450157,0,0,1
54.425714269355005,5,8,39.63701218118999,0,0,1
71.83184380046364,5,9,12.168433986195797,0,0,1
135.43939412806242,0,5,90.92136883560278,0,1,1
130.55665773552832,16,1,3.730538646854565,0,0,1
57.56509916369589,20,0,3.0083315455548894,0,0,1
56.26742092155651,23,8,91.40563627302856,0,0,1
93.90454454748762,10,4,93.29159406187783,0,0,1
160.87144539299004,0,5,31.10990651742529,1,0,1
123.72011801262866,1,1,56.85756721715474,0,0,1
17.36332712183605,21,1,152.36697106267272,0,0,1
128.8582765673542,9,8,79.82000742516172,0,0,1
2.8596346211614394,13,4,28.88054872273366,0,0,1
227.65847094790317,20,5,95.59773563842165,0,0,1
3.970799371386665,23,9,73.52450008743064,0,1,1
163.42777671764387,8,8,20.612449766892418,0,0,1
104.74077979914793,12,6,39.61876254247438,0,0,1
40.091673087853,19,0,51.39021762867748,0,0,1
54.425714269355005,5,8,39.63701218118999,0,0,1
36.88462597889831,17,1,4.938231155170579,0,0,1
85.32576598372877,19,9,9.468822453719547,0,0,1
160.87144539299004,0,5,31.10990651742529,1,0,1
170.57321038928245,14,6,3.501080431941519,0,0,1
221.76934692017682,17,3,13.950336136706293,1,0,1
1.3959112564237626,11,2,8.128285605537146,0,0,1
15.895201566782516,12,3,194.89984263578597,0,0,1
125.20677895857905,16,5,19.482186740937074,0,0,1
291.8232300734288,9,2,31.24082205840224,1,0,1
200.788200396462,2,1,37.18478398632975,0,0,1
108.46201550855181,10,9,59.829522054279984,0,0,1
4.278265894923065,4,6,235.96984168512623,0,0,1
19.49856366812427,22,9,182.60640518403096,0,0,1
271.8600527545924,1,1,16.239583117547753,1,0,1
9.288590786036757,17,2,20.335123104282545,0,0,1
0.909539960722861,2,7,9.883518851967569,1,1,1
15.534023502232127,5,9,245.48617901450157,0,0,1
201.60648378543686,1,0,1.641193721678437,0,0,1
104.47185341382146,9,3,52.93103635708282,0,0,1
69.52441332180219,0,7,9.329000889381454,0,0,1
1.9847140688670828,1,8,8.182142007831459,0,0,1
27.693113030920475,13,8,18.029056298044804,0,0,1
71.27850914938828,8,9,178.105644021577,1,0,1
172.51858538085813,15,5,41.15226229400994,0,0,1
10.883751880671802,1,1,11.66507283460381,0,0,1
221.76934692017682,17,3,13.950336136706293,1,0,1
117.96898763803539,16,4,13.627886140722412,0,0,1
75.94725215107503,2,2,96.15674217510005,0,0,1
112.32727809391316,11,7,123.44213403411861,1,0,1
23.71485938913611,23,0,34.61604141634013,0,0,1
40.091673087853,19,0,51.39021762867748,0,0,1
15.311853406083515,5,3,17.724084454466578,1,0,1
97.00306153489309,3,2,76.29218907128815,0,0,1
28.350019881455186,23,6,69.12281784719994,0,0,1
38.73729908946474,22,0,1.7549264752632747,0,0,1
200.788200396462,2,1,37.18478398632975,0,0,1
23.800106695362913,18,0,26.36678996843194,0,0,1
7.448198725566497,2,2,25.170525528380104,1,0,1
82.40667280277229,23,1,34.04924265911898,0,0,1
538.6386668497049,4,4,8.902415376242699,0,0,1
142.04870159931824,1,7,48.23337692801359,0,0,1
156.40973333379875,16,6,52.811839062516256,0,0,1
97.59675556567069,15,9,1.3343895713138445,0,0,1
158.23848901976177,14,2,118.93899447787265,1,0,1
9.147602822482632,20,5,143.6409779987174,0,0,1
340.3226264506965,5,5,63.58164509541857,0,0,1
159.9206379801562,5,7,42.96364263241269,1,0,1
62.412939878869224,4,3,52.866598100308536,0,0,1
17.78149123609272,8,1,44.58080881423314,1,0,1
99.49206573550218,5,1,58.69100813132518,0,0,1
225.15307037607616,10,2,31.689396378004016,0,0,1
19.896792853683777,4,9,67.00050537001484,0,0,1
108.42337269652312,16,0,208.28606659145765,0,0,1
156.40973333379875,16,6,52.811839062516256,0,0,1
40.091673087853,19,0,51.39021762867748,0,0,1
9.147602822482632,20,5,143.6409779987174,0,0,1
43.900081917116495,0,3,30.90807939371187,0,0,1
29.235129399663172,16,6,1.0822483439467454,0,0,1
180.1547870008433,14,4,7.599879100922198,0,0,1
246.35098846338414,2,3,102.47334021733414,0,0,1
231.90318981262067,3,9,21.84056203846677,0,0,1
58.089606501413904,7,5,3.309744306666461,0,0,1
90.98844027249767,23,0,39.797388261138686,0,0,1
69.8729617097775,2,6,0.3381691896491799,1,0,1
51.442606733099105,18,4,7.182053409558,0,0,1
3.4373198347193927,9,0,33.87518464210393,0,0,1
1.9227070420597503,12,6,25.69548721435871,1,0,1
126.4700490305277,6,5,45.74630483563026,0,0,1
53.10584998237119,10,0,43.148984273605315,1,0,1
198.0810706735358,10,2,10.941605169866856,0,0,1
378.4677972921234,22,2,21.02503840380716,0,0,1
171.27165386597838,0,9,106.16524512537701,0,0,1
37.40595335387715,23,6,14.32366379748467,0,0,1
3.2095746736032114,4,6,21.860923497442787,0,0,1
49.31422569251884,13,6,4.895097662460259,0,0,1
146.66583261701916,21,6,36.86064363449983,0,0,1
202.53829191556267,23,6,13.248169642927952,0,0,1
81.69698563089183,15,7,0.8081126410891086,0,0,1
538.6386668497049,4,4,8.902415376242699,0,0,1
2.960459192117248,22,2,51.72460629993388,0,0,1
17.537807086470178,12,3,15.277085575097377,0,0,1
59.74455297927822,22,2,5.164055987644153,0,0,1
261.9734692704209,2,8,13.061322488136074,1,0,1
117.96898763803539,16,4,13.627886140722412,0,0,1
9.147602822482632,20,5,143.6409779987174,0,0,1
57.02146898831339,18,0,13.263746435734644,0,0,1
351.0461721282546,11,9,116.60730496916878,0,0,1
71.83184380046364,5,9,12.168433986195797,0,0,1
12.998251116649588,1,4,42.93862292943485,0,0,1
5.369235116351659,2,1,89.29250630209306,0,0,1
49.59909850233758,20,2,16.800113583679813,0,0,1
1.9341328972891516,15,4,46.90460818307017,0,1,1
93.90454454748762,10,4,93.29159406187783,0,0,1
8.293404321158143,7,9,13.760539205909467,0,0,1
36.58821279147374,21,7,5.971210506329347,0,0,1
75.5133950505363,1,7,39.014884288711954,0,0,1
52.636164143488465,2,0,39.15405985821817,0,0,1
20.61841490643128,16,5,70.0193676401906,0,0,1
108.9162387290241,11,6,4.268031805059065,0,0,1
42.4077810311421,19,4,165.21939414520153,0,0,1
17.607830972219595,5,2,2.0772988863842015,0,0,1
60.57691464212985,8,1,8.02041865969103,0,0,1
8.170455545483112,15,7,62.38069488239917,0,0,1
21.302903185996403,1,1,45.88939038061029,1,0,1
83.02828409517736,16,3,37.027969155698685,0,0,1
27.427121830813526,19,1,32.76218753481015,1,0,1
354.80715158700065,2,7,116.27550646294964,0,0,1
59.963225243482775,16,7,13.56429692685589,0,0,1
110.45595986817835,1,6,59.25661665155136,1,0,1
15.534023502232127,5,9,245.48617901450157,0,0,1
12.629338260806694,21,4,192.49265433535533,0,0,1
126.62847438313909,18,2,47.130090173043165,0,0,1
45.6277218220847,10,2,39.123228018931286,0,0,1
82.40667280277229,23,1,34.04924265911898,0,0,1
121.49665279329646,3,0,104.63752819688388,0,0,1
174.90717991613752,23,8,2.2289712685383747,0,0,1
40.551686662245736,17,3,4.767552216736174,0,0,1
34.75620842670952,20,9,24.568399501530134,1,0,1
97.10918138763648,5,9,11.48665716766481,0,0,1
5.491521657386787,8,0,132.22501027214537,0,0,1
50.18201538710777,22,5,6.723303917634582,1,0,1
3.4373198347193927,9,0,33.87518464210393,0,0,1
27.693183488830137,2,9,82.92618763549594,0,0,1
188.89374551533777,15,0,34.97417598815268,0,1,1
8.86538677778067,16,4,7.7461960099927785,0,0,1
29.947454226575402,3,2,32.27109231080576,0,0,1
36.39868779777241,9,9,24.65422145636541,0,0,1
67.63180399553154,15,5,61.30764959089332,0,0,1
295.04946419583877,11,7,27.06081806008065,0,0,1
28.350019881455186,23,6,69.12281784719994,0,0,1
17.23152941098696,18,4,24.12334355868058,0,0,1
195.97883103082512,0,2,2.240969791578799,0,0,1
28.289625375853163,17,8,16.94495076073306,0,0,1
63.631778423913055,5,5,121.96250833720867,0,0,1
33.447783150357694,15,7,27.959535512243423,0,0,1
104.74077979914793,12,6,39.61876254247438,0,0,1
14.10628908770694,6,8,24.969036020069872,0,0,1
478.24257519575656,15,8,2.4584440072756517,1,1,1
110.13963171723069,22,5,4.5060190155917415,0,0,1
14.038193897663728,9,9,94.07306075433968,1,0,1
0.909539960722861,2,7,9.883518851967569,1,1,1
57.02146898831339,18,0,13.263746435734644,0,0,1
30.083969701011704,2,3,43.31571140157153,0,0,1
58.564515422876184,13,4,122.1499019224478,1,0,1
291.8232300734288,9,2,31.24082205840224,1,0,1
22.478503258578506,5,6,25.112107673285024,0,1,1
1.3959112564237626,11,2,8.128285605537146,0,0,1
13.561816562204484,11,9,84.88505925554465,1,0,1
56.26742092155651,23,8,91.40563627302856,0,0,1
115.94048640248865,0,2,86.47686887981676,0,0,1
13.561816562204484,11,9,84.88505925554465,1,0,1
69.94394526077897,2,3,8.486359845437324,0,0,1
81.37369920602278,19,8,2.8935031797709567,0,1,1
102.48442087373908,8,2,27.67942806544158,0,0,1
39.860765678899796,23,2,41.15391763330044,0,0,1
6.2116863612178825,4,6,98.12641121588777,0,0,1
158.52834081430325,11,7,8.87210737174755,0,0,1
97.59675556567069,15,9,1.3343895713138445,0,0,1
117.88065028200192,7,1,90.90737513383257,0,0,1
41.37344285219658,22,3,21.285205372776765,0,0,1
30.881795635781096,18,8,132.86772408639308,0,0,1
66.01613947623754,5,4,46.0280273105047,0,1,1
58.564515422876184,13,4,122.1499019224478,1,0,1
71.04371771341901,22,0,55.40927460058553,1,0,1
130.55665773552832,16,1,3.730538646854565,0,0,1
5.040792183650127,23,2,16.557093276121243,0,0,1
14.661255122827866,9,3,81.14562811649765,0,0,1
172.65514506301994,17,2,2.0613637751341005,0,0,1
114.01463466715083,8,9,30.553518452324607,0,0,1
291.8232300734288,9,2,31.24082205840224,1,0,1
36.39868779777241,9,9,24.65422145636541,0,0,1
271.62086538759945,9,8,3.8804007496247026,0,0,1
74.0839071582705,4,2,20.66175946995104,0,0,1
38.81213685465557,19,1,26.504055206552724,0,0,1
22.478503258578506,5,6,25.112107673285024,0,1,1
190.70974725278722,23,7,73.70803548315494,1,0,1
133.3490303883392,20,6,52.53986846111053,0,0,1
108.9527839812185,4,5,92.85477538665799,0,0,1
29.00836992594099,20,2,98.12500162757219,1,0,1
67.63180399553154,15,5,61.30764959089332,0,0,1
28.230684939514095,3,6,54.90513206366566,1,0,1
38.41571882948685,17,9,13.597367581685848,0,0,1
49.59909850233758,20,2,16.800113583679813,0,0,1
125.29062038255496,11,3,2.6808369218310233,1,0,1
130.7877525483067,21,8,11.075629952719003,0,0,1
69.35431299831438,22,9,56.19703879064441,1,0,1
38.0025611056787,0,5,2.9625594551208274,0,0,1
108.42337269652312,16,0,208.28606659145765,0,0,1
105.88997460922201,16,9,49.8988123155336,1,0,1
134.14702971609447,15,6,9.200537972952102,0,0,1
104.74077979914793,12,6,39.61876254247438,0,0,1
93.90454454748762,10,4,93.29159406187783,0,0,1
167.61174392499228,1,6,185.42247185846952,0,0,1
58.089606501413904,7,5,3.309744306666461,0,0,1
238.33748858765222,8,4,4.705586618471598,0,0,1
6.474080465882678,17,9,161.65216256153516,0,0,1
43.918633746988384,22,0,19.568478523206764,0,0,1
15.120030768442408,20,6,32.74567331184915,0,0,1
114.01463466715083,8,9,30.553518452324607,0,0,1
61.679567819699386,5,5,15.914869521472768,0,0,1
6.2116863612178825,4,6,98.12641121588777,0,0,1
126.29497426093292,10,3,3.2457719378637173,0,0,1
123.72011801262866,1,1,56.85756721715474,0,0,1
6.960802571127356,6,6,2.237583313096323,1,0,1
186.350049185203,20,8,98.07815955179719,0,0,1
178.1258354898527,13,9,32.4277718689277,0,0,1
53.05992863850641,18,6,151.8477595109053,0,0,1
93.90454454748762,10,4,93.29159406187783,0,0,1
40.091673087853,19,0,51.39021762867748,0,0,1
130.33175780816856,23,0,81.97949830048015,0,0,1
90.05669785734462,6,1,55.57849901670052,0,0,1
25.0992973866705,13,0,1.0696323636276297,0,0,1
3.306691334998571,3,1,202.61529626729663,0,0,1
312.46376651979347,8,3,28.742877573710306,0,0,1
243.278001496574,16,6,24.07276706071405,0,0,1
71.15421049175391,12,4,26.999163542605366,0,0,1
78.56982277819277,19,5,25.996533128313448,0,0,1
82.70338886506579,20,5,22.44674257703255,0,0,1
66.79968270904791,18,4,47.09876946922254,1,0,1
300.1332397244468,8,8,4.283054084663725,1,1,1
75.94725215107503,2,2,96.15674217510005,0,0,1
5.829199921078438,20,8,16.137844927876014,0,0,1
14.661255122827866,9,3,81.14562811649765,0,0,1
64.69045124116816,11,7,37.05794681869068,0,1,1
52.95216724374391,2,3,5.313898822800285,0,0,1
270.59461718602284,16,7,158.3295028684857,1,0,1
34.75620842670952,20,9,24.568399501530134,1,0,1
126.8474411846264,1,9,48.81637418511437,0,0,1
15.311853406083515,5,3,17.724084454466578,1,0,1
64.88440167417792,4,4,9.134444775559396,0,0,1
16.400743025106447,21,5,54.170914968980796,0,0,1
139.47876580584736,19,7,16.02604882792193,0,0,1
55.768407917843135,11,0,40.72693314910434,0,0,1
243.278001496574,16,6,24.07276706071405,0,0,1
114.01463466715083,8,9,30.553518452324607,0,0,1
156.40973333379875,16,6,52.811839062516256,0,0,1
44.28527961865563,11,4,126.6381048702748,0,0,1
72.12472435450759,4,2,23.4891106601453,0,0,1
41.37344285219658,22,3,21.285205372776765,0,0,1
130.81429681679046,22,3,23.345393052913156,0,0,1
20.103710397885287,16,8,44.848943112779864,0,0,1
467.16024641845877,18,4,27.365531245719282,0,0,1
98.57289822107595,18,0,11.135308068286568,1,0,1
79.99764615179966,20,8,37.54433800831344,1,0,1
110.45595986817835,1,6,59.25661665155136,1,0,1
171.27165386597838,0,9,106.16524512537701,0,0,1
3.970799371386665,23,9,73.52450008743064,0,1,1
62.412939878869224,4,3,52.866598100308536,0,0,1
55.768407917843135,11,0,40.72693314910434,0,0,1
337.6475102731325,21,6,11.432832506589344,0,0,1
71.83184380046364,5,9,12.168433986195797,0,0,1
17.36332712183605,21,1,152.36697106267272,0,0,1
118.8196755663473,12,7,49.31546772180872,0,0,1
75.91437829608314,12,2,48.31941340506077,0,0,1
71.83184380046364,5,9,12.168433986195797,0,0,1
22.315470276732146,23,7,27.77063921442287,0,0,1
117.88065028200192,7,1,90.90737513383257,0,0,1
130.55665773552832,16,1,3.730538646854565,0,0,1
39.860765678899796,23,2,41.15391763330044,0,0,1
109.0062525147099,17,9,13.055022757160526,0,0,1
117.88065028200192,7,1,90.90737513383257,0,0,1
270.59461718602284,16,7,158.3295028684857,1,0,1
38.41571882948685,17,9,13.597367581685848,0,0,1
76.22542630659325,7,2,38.788162882964606,0,0,1
201.30785624263493,6,6,51.5315207055267,0,0,1
363.0194375144341,21,3,16.795974760707328,0,0,1
2.276141416943498,3,5,12.005336251366716,0,0,1
101.10887957798545,10,3,109.75078234336313,1,0,1
133.3490303883392,20,6,52.53986846111053,0,0,1
62.305859880409876,11,9,42.35225729764671,0,0,1
74.03759563460443,21,4,21.455845630550183,0,0,1
17.537807086470178,12,3,15.277085575097377,0,0,1
158.23848901976177,14,2,118.93899447787265,1,0,1
37.40595335387715,23,6,14.32366379748467,0,0,1
211.67850510798343,17,3,53.470203262213126,0,0,1
27.89161829949456,23,6,50.516393786296774,0,0,1
200.788200396462,2,1,37.18478398632975,0,0,1
125.20677895857905,16,5,19.482186740937074,0,0,1
160.97928189017483,5,5,85.80140300607214,0,0,1
44.06852222652278,1,9,74.56416670821966,0,0,1
201.7950047367915,6,9,15.012876220074869,0,0,1
59.60890027945429,8,8,18.896989502350838,0,0,1
29.067457241461543,16,0,78.47402086264539,0,0,1
292.0911709264685,21,2,20.005455775504004,0,0,1
1.9227070420597503,12,6,25.69548721435871,1,0,1
201.60648378543686,1,0,1.641193721678437,0,0,1
1.2838542227578875,20,5,22.117679122232147,0,0,1
38.41571882948685,17,9,13.597367581685848,0,0,1
42.4077810311421,19,4,165.21939414520153,0,0,1
154.33927818755862,7,0,1.7768831551904174,0,0,1
75.5133950505363,1,7,39.014884288711954,0,0,1
121.49665279329646,3,0,104.63752819688388,0,0,1
201.7950047367915,6,9,15.012876220074869,0,0,1
271.8600527545924,1,1,16.239583117547753,1,0,1
204.6033461015753,18,3,31.88149337933749,0,0,1
49.94689052671303,21,4,92.55255299444528,0,0,1
8.08981934215118,12,7,17.332918959922246,0,0,1
538.6386668497049,4,4,8.902415376242699,0,0,1
133.1561478267037,19,9,40.76066214538501,0,0,1
64.69045124116816,11,7,37.05794681869068,0,1,1
110.13963171723069,22,5,4.5060190155917415,0,0,1
291.8232300734288,9,2,31.24082205840224,1,0,1
45.48415324234035,21,9,13.757177302436402,0,0,1
101.96057941803029,19,4,4.860604814858531,0,1,1
11.200018885465623,7,6,9.106130453543008,0,0,1
1.6333058503340645,18,4,40.925292977217126,0,0,1
23.6125650647291,3,6,14.002555766381548,0,0,1
62.305859880409876,11,9,42.35225729764671,0,0,1
20.61841490643128,16,5,70.0193676401906,0,0,1
72.50082520454396,18,4,6.415021171062962,0,0,1
61.679567819699386,5,5,15.914869521472768,0,0,1
59.361578701023376,6,0,22.479642167803654,1,0,1
30.083969701011704,2,3,43.31571140157153,0,0,1
53.05992863850641,18,6,151.8477595109053,0,0,1
58.882083017236965,9,4,32.220508105571994,0,0,1
75.91437829608314,12,2,48.31941340506077,0,0,1
43.595353461673334,20,5,120.32559522287973,0,0,1
226.65986286309044,9,4,64.16885948004443,0,0,1
9.147602822482632,20,5,143.6409779987174,0,0,1
340.3226264506965,5,5,63.58164509541857,0,0,1
114.88748725771671,11,5,96.84144436411253,0,0,1
220.64877354850609,5,0,26.035450136692738,0,0,1
178.1258354898527,13,9,32.4277718689277,0,0,1
2.245300569573935,18,8,5.429270726064513,0,0,1
5.829199921078438,20,8,16.137844927876014,0,0,1
93.90454454748762,10,4,93.29159406187783,0,0,1
105.23320404102641,17,4,16.125892513935405,0,0,1
79.99764615179966,20,8,37.54433800831344,1,0,1
29.235129399663172,16,6,1.0822483439467454,0,0,1
27.662202201299042,7,4,34.54578915472505,0,0,1
36.16930983379011,13,5,36.66870624187419,0,0,1
105.88997460922201,16,9,49.8988123155336,1,0,1
108.9162387290241,11,6,4.268031805059065,0,0,1
31.14184672257246,11,5,12.207385591516394,0,0,1
75.94725215107503,2,2,96.15674217510005,0,0,1
198.77512246541207,2,7,32.472176755808576,0,0,1
53.10584998237119,10,0,43.148984273605315,1,0,1
346.78081469049494,21,4,49.94025281979742,0,0,1
291.8232300734288,9,2,31.24082205840224,1,0,1
69.52441332180219,0,7,9.329000889381454,0,0,1
126.62847438313909,18,2,47.130090173043165,0,0,1
36.58821279147374,21,7,5.971210506329347,0,0,1
125.20677895857905,16,5,19.482186740937074,0,0,1
31.265816268805423,14,6,49.292883551554624,0,0,1
27.64206896617385,0,4,47.78003340342137,0,0,1
16.83497609067831,3,4,17.19370528815662,0,0,1
37.810457768796724,9,2,25.419138158091346,0,0,1
1.9227070420597503,12,6,25.69548721435871,1,0,1
64.01626731526842,9,0,58.142929198173775,0,0,1
82.43603206028806,22,8,104.3820864918417,0,0,1
78.8398852541655,3,7,19.56151373490235,0,0,1
69.94394526077897,2,3,8.486359845437324,0,0,1
209.9399761780521,12,4,32.01928815502401,0,0,1
72.12472435450759,4,2,23.4891106601453,0,0,1
16.83497609067831,3,4,17.19370528815662,0,0,1
211.67850510798343,17,3,53.470203262213126,0,0,1
12.629338260806694,21,4,192.49265433535533,0,0,1
71.7314124236385,7,5,7.072728815792758,0,0,1
114.01463466715083,8,9,30.553518452324607,0,0,1
158.23848901976177,14,2,118.93899447787265,1,0,1
36.39868779777241,9,9,24.65422145636541,0,0,1
219.93782101996536,2,9,24.66247992528514,0,0,1
71.27850914938828,8,9,178.105644021577,1,0,1
30.50646073151543,3,5,53.434101830940484,0,0,1
30.252302491911642,6,5,15.913460006143504,0,0,1
3.4373198347193927,9,0,33.87518464210393,0,0,1
14.10628908770694,6,8,24.969036020069872,0,0,1
74.03759563460443,21,4,21.455845630550183,0,0,1
102.83941471088912,21,5,38.35746184743651,1,0,1
2.2827151427937546,4,8,12.603249148574033,0,0,1
71.04371771341901,22,0,55.40927460058553,1,0,1
180.1547870008433,14,4,7.599879100922198,0,0,1
9.922650699345185,10,0,26.333716765914883,0,0,1
36.44385724094443,5,4,11.98276058945257,0,0,1
86.0431332045955,19,5,109.85978174066868,0,0,1
13.278406215222638,6,6,54.02987643434668,0,0,1
60.57691464212985,8,1,8.02041865969103,0,0,1
114.88748725771671,11,5,96.84144436411253,0,0,1
88.69412861449368,4,9,90.08662304274728,0,0,1
166.23287934593068,11,9,250.19273467516268,0,0,1
211.67850510798343,17,3,53.470203262213126,0,0,1
40.450084270052386,20,0,95.02240871157768,1,0,1
39.860765678899796,23,2,41.15391763330044,0,0,1
75.5133950505363,1,7,39.014884288711954,0,0,1
55.768407917843135,11,0,40.72693314910434,0,0,1
106.17002105589255,6,4,59.78172599849226,0,0,1
28.230684939514095,3,6,54.90513206366566,1,0,1
45.42781969054579,21,9,72.58094734078766,0,0,1
1.2075645280140084,19,6,103.77330960621956,0,0,1
90.98844027249767,23,0,39.797388261138686,0,0,1
24.021704555933255,23,8,3.8382288633517407,0,0,1
15.895201566782516,12,3,194.89984263578597,0,0,1
11.935028499273859,18,2,5.198447477603523,0,0,1
7.7432450996429845,17,5,19.062598310789326,0,0,1
59.74455297927822,22,2,5.164055987644153,0,0,1
55.768407917843135,11,0,40.72693314910434,0,0,1
108.46201550855181,10,9,59.829522054279984,0,0,1
74.03759563460443,21,4,21.455845630550183,0,0,1
351.0461721282546,11,9,116.60730496916878,0,0,1
14.661255122827866,9,3,81.14562811649765,0,0,1
118.8196755663473,12,7,49.31546772180872,0,0,1
69.52441332180219,0,7,9.329000889381454,0,0,1
271.8600527545924,1,1,16.239583117547753,1,0,1
21.748210803096157,14,8,51.35435124634501,1,0,1
54.024547865953565,23,1,63.681676067027105,1,0,1
234.71617837584068,14,7,168.18947175207717,0,0,1
86.58671471970726,10,5,10.647582756432385,0,0,1
4.278265894923065,4,6,235.96984168512623,0,0,1
54.024547865953565,23,1,63.681676067027105,1,0,1
171.27165386597838,0,9,106.16524512537701,0,0,1
27.339934203463027,0,6,35.66666050248854,0,0,1
340.3226264506965,5,5,63.58164509541857,0,0,1
45.42781969054579,21,9,72.58094734078766,0,0,1
36.44385724094443,5,4,11.98276058945257,0,0,1
97.59675556567069,15,9,1.3343895713138445,0,0,1
38.814551496387395,13,7,30.68817761402417,0,0,1
271.32472745175227,21,4,243.17541105901563,0,0,1
253.6383301814264,19,9,94.61850821010707,0,0,1
125.20677895857905,16,5,19.482186740937074,0,0,1
227.65847094790317,20,5,95.59773563842165,0,0,1
97.63011917123741,15,1,65.88681194104558,0,0,1
104.47185341382146,9,3,52.93103635708282,0,0,1
99.67467068014915,6,9,35.94526700431902,0,0,1
2.2827151427937546,4,8,12.603249148574033,0,0,1
0.909539960722861,2,7,9.883518851967569,1,1,1
27.46363340482561,22,4,2.424691816423996,0,0,1
38.81213685465557,19,1,26.504055206552724,0,0,1
118.8196755663473,12,7,49.31546772180872,0,0,1
36.39868779777241,9,9,24.65422145636541,0,0,1
125.29062038255496,11,3,2.6808369218310233,1,0,1
52.636164143488465,2,0,39.15405985821817,0,0,1
78.56982277819277,19,5,25.996533128313448,0,0,1
157.0029786395229,8,1,42.509048358152,0,0,1
58.564515422876184,13,4,122.1499019224478,1,0,1
29.605694249926774,0,7,54.651287626433806,0,0,1
109.0062525147099,17,9,13.055022757160526,0,0,1
90.8131583702163,20,3,9.284065335978271,0,0,1
201.60648378543686,1,0,1.641193721678437,0,0,1
27.339934203463027,0,6,35.66666050248854,0,0,1
171.14608427343396,7,2,55.34410071430882,0,0,1
5.369235116351659,2,1,89.29250630209306,0,0,1
152.01542911231599,22,5,61.76793548477574,0,0,1
64.88440167417792,4,4,9.134444775559396,0,0,1
36.39868779777241,9,9,24.65422145636541,0,0,1
363.0194375144341,21,3,16.795974760707328,0,0,1
45.48415324234035,21,9,13.757177302436402,0,0,1
2.276141416943498,3,5,12.005336251366716,0,0,1
225.15307037607616,10,2,31.689396378004016,0,0,1
1.6333058503340645,18,4,40.925292977217126,0,0,1
16.400743025106447,21,5,54.170914968980796,0,0,1
4.278265894923065,4,6,235.96984168512623,0,0,1
23.800106695362913,18,0,26.36678996843194,0,0,1
351.0461721282546,11,9,116.60730496916878,0,0,1
171.14608427343396,7,2,55.34410071430882,0,0,1
34.75620842670952,20,9,24.568399501530134,1,0,1
31.969116255840703,4,9,0.5632160150714738,0,0,1
52.40700059673562,8,4,25.024125044809537,0,0,1
195.97883103082512,0,2,2.240969791578799,0,0,1
125.29062038255496,11,3,2.6808369218310233,1,0,1
220.64877354850609,5,0,26.035450136692738,0,0,1
5.279527809977468,0,7,57.966087619565855,0,0,1
153.0171671923533,11,7,152.11546728486834,0,0,1
30.083969701011704,2,3,43.31571140157153,0,0,1
176.54098841221574,13,6,17.942465585956217,0,0,1
3.970799371386665,23,9,73.52450008743064,0,1,1
180.1547870008433,14,4,7.599879100922198,0,0,1
54.425714269355005,5,8,39.63701218118999,0,0,1
243.278001496574,16,6,24.07276706071405,0,0,1
39.94650606714626,4,8,26.454296010925994,1,0,1
241.7168729910249,7,7,239.9113550819812,1,0,1
88.69412861449368,4,9,90.08662304274728,0,0,1
17.78149123609272,8,1,44.58080881423314,1,0,1
42.4077810311421,19,4,165.21939414520153,0,0,1
154.3080106811237,14,4,41.954706867452494,0,0,1
195.97883103082512,0,2,2.240969791578799,0,0,1
58.089606501413904,7,5,3.309744306666461,0,0,1
50.41826810247863,20,2,147.31680072853374,0,0,1
162.7305474991052,5,8,22.060525338496248,0,0,1
21.901234315893586,9,6,22.65321621619728,0,0,1
55.92315127740618,21,9,6.579760873271215,0,0,1
2.2827151427937546,4,8,12.603249148574033,0,0,1
296.3643718282635,6,4,177.37795579499183,0,0,1
424.40369826152596,22,5,16.512730645106213,0,0,1
29.947454226575402,3,2,32.27109231080576,0,0,1
198.0810706735358,10,2,10.941605169866856,0,0,1
226.65986286309044,9,4,64.16885948004443,0,0,1
291.8232300734288,9,2,31.24082205840224,1,0,1
227.65847094790317,20,5,95.59773563842165,0,0,1
81.37369920602278,19,8,2.8935031797709567,0,1,1
46.548110941267964,11,1,5.039088191749021,0,0,1
8.86538677778067,16,4,7.7461960099927785,0,0,1
69.35431299831438,22,9,56.19703879064441,1,0,1
21.901234315893586,9,6,22.65321621619728,0,0,1
363.0194375144341,21,3,16.795974760707328,0,0,1
108.46201550855181,10,9,59.829522054279984,0,0,1
64.01626731526842,9,0,58.142929198173775,0,0,1
6.720959348940872,12,8,29.198395355013538,0,0,1
43.900081917116495,0,3,30.90807939371187,0,0,1
32.18460196170109,6,6,5.0153298360278615,0,0,1
31.969116255840703,4,9,0.5632160150714738,0,0,1
109.84137455189628,16,6,5.726814428094363,0,0,1
49.94689052671303,21,4,92.55255299444528,0,0,1
97.63011917123741,15,1,65.88681194104558,0,0,1
173.1514053654731,21,4,74.38471880202704,0,0,1
55.768407917843135,11,0,40.72693314910434,0,0,1
130.7877525483067,21,8,11.075629952719003,0,0,1
24.021704555933255,23,8,3.8382288633517407,0,0,1
57.02146898831339,18,0,13.263746435734644,0,0,1
354.80715158700065,2,7,116.27550646294964,0,0,1
81.69698563089183,15,7,0.8081126410891086,0,0,1
72.50082520454396,18,4,6.415021171062962,0,0,1
9.296352899619693,15,4,19.035260244943508,0,0,1
125.20674728720263,14,9,11.35805512257363,1,0,1
8.293404321158143,7,9,13.760539205909467,0,0,1
162.28081173648155,9,5,18.08697377004817,0,0,1
114.01463466715083,8,9,30.553518452324607,0,0,1
52.95216724374391,2,3,5.313898822800285,0,0,1
130.7513601315038,9,7,53.672783262559555,0,0,1
4.278265894923065,4,6,235.96984168512623,0,0,1
69.8729617097775,2,6,0.3381691896491799,1,0,1
244.51508595398127,19,7,1.876396894073255,0,0,1
40.091673087853,19,0,51.39021762867748,0,0,1
14.661255122827866,9,3,81.14562811649765,0,0,1
31.14184672257246,11,5,12.207385591516394,0,0,1
50.18201538710777,22,5,6.723303917634582,1,0,1
36.44385724094443,5,4,11.98276058945257,0,0,1
195.97883103082512,0,2,2.240969791578799,0,0,1
18.763882868982012,1,4,12.110386217410984,0,0,1
106.17002105589255,6,4,59.78172599849226,0,0,1
81.37369920602278,19,8,2.8935031797709567,0,1,1
29.605694249926774,0,7,54.651287626433806,0,0,1
102.48442087373908,8,2,27.67942806544158,0,0,1
62.305859880409876,11,9,42.35225729764671,0,0,1
29.947454226575402,3,2,32.27109231080576,0,0,1
16.310203838164476,19,3,16.90541155206449,0,0,1
1.9227070420597503,12,6,25.69548721435871,1,0,1
195.97883103082512,0,2,2.240969791578799,0,0,1
51.442606733099105,18,4,7.182053409558,0,0,1
18.255382580481637,6,0,74.55072477507692,0,0,1
29.605694249926774,0,7,54.651287626433806,0,0,1
184.4077141321478,1,1,116.14923766361474,0,0,1
53.10584998237119,10,0,43.148984273605315,1,0,1
1.2075645280140084,19,6,103.77330960621956,0,0,1
271.32472745175227,21,4,243.17541105901563,0,0,1
198.77512246541207,2,7,32.472176755808576,0,0,1
68.70925129207896,19,0,22.614732769591626,0,0,1
37.810457768796724,9,2,25.419138158091346,0,0,1
157.02322288658587,2,8,33.46857241480386,0,0,1
16.76647527706798,9,2,163.58542046727925,0,0,1
52.03953077789556,23,6,32.935962231166585,0,0,1
198.77512246541207,2,7,32.472176755808576,0,0,1
73.79028642493967,15,5,8.192885193599125,0,0,1
9.822978531124464,21,0,29.744815523454527,0,0,1
23.789783550402998,12,2,40.53317258268741,0,0,1
73.79028642493967,15,5,8.192885193599125,0,0,1
110.13963171723069,22,5,4.5060190155917415,0,0,1
97.00306153489309,3,2,76.29218907128815,0,0,1
102.48442087373908,8,2,27.67942806544158,0,0,1
71.7314124236385,7,5,7.072728815792758,0,0,1
1.3959112564237626,11,2,8.128285605537146,0,0,1
271.8600527545924,1,1,16.239583117547753,1,0,1
180.1547870008433,14,4,7.599879100922198,0,0,1
115.94048640248865,0,2,86.47686887981676,0,0,1
0.6901724421494768,17,6,45.84031528872305,0,0,1
69.8729617097775,2,6,0.3381691896491799,1,0,1
439.99779791123024,6,1,21.41526179740357,0,0,1
102.48442087373908,8,2,27.67942806544158,0,0,1
44.06852222652278,1,9,74.56416670821966,0,0,1
102.48442087373908,8,2,27.67942806544158,0,0,1
53.33140363376775,15,4,38.34052084947605,0,0,1
73.79028642493967,15,5,8.192885193599125,0,0,1
6.2116863612178825,4,6,98.12641121588777,0,0,1
98.57289822107595,18,0,11.135308068286568,1,0,1
296.3643718282635,6,4,177.37795579499183,0,0,1
49.94689052671303,21,4,92.55255299444528,0,0,1
83.02828409517736,16,3,37.027969155698685,0,0,1
38.04829531389874,0,5,175.87533526373696,0,0,1
15.120030768442408,20,6,32.74567331184915,0,0,1
202.53829191556267,23,6,13.248169642927952,0,0,1
3.9572207838343934,5,9,32.513903918786504,0,0,1
30.083969701011704,2,3,43.31571140157153,0,0,1
30.083969701011704,2,3,43.31571140157153,0,0,1
51.46000942652068,21,7,118.14063659614911,0,0,1
90.92041659771152,16,7,0.5112962536960337,0,0,1
24.021704555933255,23,8,3.8382288633517407,0,0,1
71.15421049175391,12,4,26.999163542605366,0,0,1
103.28232650944571,13,9,29.38385845272718,1,0,1
312.3112539233472,23,7,50.546342847293744,0,0,1
66.79968270904791,18,4,47.09876946922254,1,0,1
106.17002105589255,6,4,59.78172599849226,0,0,1
108.9527839812185,4,5,92.85477538665799,0,0,1
108.38774297986396,6,8,101.31439896464151,0,0,1
68.56925413210558,5,4,13.540082908604326,1,0,1
67.63180399553154,15,5,61.30764959089332,0,0,1
12.629338260806694,21,4,192.49265433535533,0,0,1
108.9162387290241,11,6,4.268031805059065,0,0,1
99.30575734759223,19,9,60.12707975729696,0,1,1
66.01613947623754,5,4,46.0280273105047,0,1,1
103.28232650944571,13,9,29.38385845272718,1,0,1
30.418323325927005,7,4,35.58109340480333,0,0,1
378.4677972921234,22,2,21.02503840380716,0,0,1
110.12890836523806,20,1,13.528984514017731,0,0,1
87.55537772028686,16,3,131.84747529261867,0,0,1
166.23287934593068,11,9,250.19273467516268,0,0,1
6.960802571127356,6,6,2.237583313096323,1,0,1
173.1514053654731,21,4,74.38471880202704,0,0,1
71.15421049175391,12,4,26.999163542605366,0,0,1
157.0029786395229,8,1,42.509048358152,0,0,1
0.909539960722861,2,7,9.883518851967569,1,1,1
74.03759563460443,21,4,21.455845630550183,0,0,1
58.20966897077567,15,2,2.9912846372219137,0,0,1
126.62847438313909,18,2,47.130090173043165,0,0,1
108.9527839812185,4,5,92.85477538665799,0,0,1
4.015750682000012,7,5,4.746778541553791,0,0,1
21.846167430754427,16,6,16.129986777661173,0,0,1
58.65378397571735,22,3,62.56598345064862,0,0,1
69.52441332180219,0,7,9.329000889381454,0,0,1
201.7950047367915,6,9,15.012876220074869,0,0,1
16.400743025106447,21,5,54.170914968980796,0,0,1
39.860765678899796,23,2,41.15391763330044,0,0,1
1.3959112564237626,11,2,8.128285605537146,0,0,1
146.96479404457352,20,9,12.100549499284654,0,1,1
25.0992973866705,13,0,1.0696323636276297,0,0,1
68.56925413210558,5,4,13.540082908604326,1,0,1
15.311853406083515,5,3,17.724084454466578,1,0,1
54.24799494631557,1,9,0.163814325068087,0,0,1
38.41571882948685,17,9,13.597367581685848,0,0,1
85.32576598372877,19,9,9.468822453719547,0,0,1
36.58821279147374,21,7,5.971210506329347,0,0,1
44.06852222652278,1,9,74.56416670821966,0,0,1
12.629338260806694,21,4,192.49265433535533,0,0,1
58.50358284000809,8,4,57.13955666457806,0,0,1
171.14608427343396,7,2,55.34410071430882,0,0,1
75.91437829608314,12,2,48.31941340506077,0,0,1
36.787432595670374,9,7,17.609865246165043,0,1,1
59.85339945794067,12,8,16.043688565562707,0,0,1
74.0839071582705,4,2,20.66175946995104,0,0,1
62.412939878869224,4,3,52.866598100308536,0,0,1
45.42781969054579,21,9,72.58094734078766,0,0,1
123.72011801262866,1,1,56.85756721715474,0,0,1
5.878110672996271,12,3,46.444199732526116,0,0,1
54.24799494631557,1,9,0.163814325068087,0,0,1
1.3959112564237626,11,2,8.128285605537146,0,0,1
22.315470276732146,23,7,27.77063921442287,0,0,1
23.800106695362913,18,0,26.36678996843194,0,0,1
95.11616399750737,21,6,13.033699526459957,0,0,1
123.15909951213125,21,3,30.564262674952264,1,0,1
36.16930983379011,13,5,36.66870624187419,0,0,1
28.350019881455186,23,6,69.12281784719994,0,0,1
16.76647527706798,9,2,163.58542046727925,0,0,1
69.52441332180219,0,7,9.329000889381454,0,0,1
30.881795635781096,18,8,132.86772408639308,0,0,1
16.16363423177122,11,8,88.3553376031359,0,0,1
40.551686662245736,17,3,4.767552216736174,0,0,1
242.56218872119706,20,7,17.693719229645357,0,0,1
80.92468400058256,6,9,49.84709678707323,0,0,1
119.09903146114227,5,2,42.07570687795267,1,0,1
27.46363340482561,22,4,2.424691816423996,0,0,1
43.918633746988384,22,0,19.568478523206764,0,0,1
260.9977449209915,9,7,39.95697005943845,1,0,1
38.41571882948685,17,9,13.597367581685848,0,0,1
201.7950047367915,6,9,15.012876220074869,0,0,1
130.81429681679046,22,3,23.345393052913156,0,0,1
178.1258354898527,13,9,32.4277718689277,0,0,1
6.960802571127356,6,6,2.237583313096323,1,0,1
101.96057941803029,19,4,4.860604814858531,0,1,1
78.56982277819277,19,5,25.996533128313448,0,0,1
81.7360407561493,22,1,12.40304796253427,0,0,1
30.50646073151543,3,5,53.434101830940484,0,0,1
57.02146898831339,18,0,13.263746435734644,0,0,1
13.278406215222638,6,6,54.02987643434668,0,0,1
96.64861891767073,15,8,25.10833323871784,1,0,1
27.662202201299042,7,4,34.54578915472505,0,0,1
260.9977449209915,9,7,39.95697005943845,1,0,1
112.32727809391316,11,7,123.44213403411861,1,0,1
15.534023502232127,5,9,245.48617901450157,0,0,1
8.889283909093013,18,8,52.685541651173764,0,0,1
126.8474411846264,1,9,48.81637418511437,0,0,1
1.2075645280140084,19,6,103.77330960621956,0,0,1
55.768407917843135,11,0,40.72693314910434,0,0,1
29.044573699054165,2,4,33.05236990889673,0,0,1
354.80715158700065,2,7,116.27550646294964,0,0,1
166.45314340477654,3,0,12.256985114851783,1,0,1
108.9162387290241,11,6,4.268031805059065,0,0,1
14.661255122827866,9,3,81.14562811649765,0,0,1
16.310203838164476,19,3,16.90541155206449,0,0,1
206.81346984880906,23,3,64.4211019007287,0,0,1
6.474080465882678,17,9,161.65216256153516,0,0,1
4.487298911432926,8,8,29.007067935383095,0,0,1
203.18329093679114,14,0,5.4912170224102335,0,0,1
7.7432450996429845,17,5,19.062598310789326,0,0,1
200.788200396462,2,1,37.18478398632975,0,0,1
187.44086668722915,3,2,119.5404162486662,0,0,1
139.72203916260642,20,8,14.335984542236385,0,0,1
3.4373198347193927,9,0,33.87518464210393,0,0,1
43.595353461673334,20,5,120.32559522287973,0,0,1
22.315470276732146,23,7,27.77063921442287,0,0,1
146.2834518066683,22,6,124.05652563442243,0,0,1
195.97883103082512,0,2,2.240969791578799,0,0,1
15.534023502232127,5,9,245.48617901450157,0,0,1
71.04371771341901,22,0,55.40927460058553,1,0,1
95.23939916983089,18,7,12.951366069445115,0,0,1
46.548110941267964,11,1,5.039088191749021,0,0,1
86.0431332045955,19,5,109.85978174066868,0,0,1
58.882083017236965,9,4,32.220508105571994,0,0,1
74.03759563460443,21,4,21.455845630550183,0,0,1
0.9876161699253505,7,8,18.482480898162706,0,1,1
204.63718019452122,15,5,71.09537673840633,0,0,1
15.534023502232127,5,9,245.48617901450157,0,0,1
1.5226013884891114,6,9,26.50763268043463,0,0,1
271.62086538759945,9,8,3.8804007496247026,0,0,1
31.265816268805423,14,6,49.292883551554624,0,0,1
9.147602822482632,20,5,143.6409779987174,0,0,1
312.46376651979347,8,3,28.742877573710306,0,0,1
112.32727809391316,11,7,123.44213403411861,1,0,1
5.136121995053866,1,8,77.72357861622875,0,0,1
128.8582765673542,9,8,79.82000742516172,0,0,1
81.7360407561493,22,1,12.40304796253427,0,0,1
187.44086668722915,3,2,119.5404162486662,0,0,1
167.61174392499228,1,6,185.42247185846952,0,0,1
50.18201538710777,22,5,6.723303917634582,1,0,1
17.36332712183605,21,1,152.36697106267272,0,0,1
40.450084270052386,20,0,95.02240871157768,1,0,1
54.024547865953565,23,1,63.681676067027105,1,0,1
4.278265894923065,4,6,235.96984168512623,0,0,1
202.53829191556267,23,6,13.248169642927952,0,0,1
69.52441332180219,0,7,9.329000889381454,0,0,1
8.719399369795726,13,3,0.16611084305614982,0,0,1
121.49665279329646,3,0,104.63752819688388,0,0,1
11.200018885465623,7,6,9.106130453543008,0,0,1
162.28081173648155,9,5,18.08697377004817,0,0,1
1.9227070420597503,12,6,25.69548721435871,1,0,1
128.8582765673542,9,8,79.82000742516172,0,0,1
296.3643718282635,6,4,177.37795579499183,0,0,1
83.02828409517736,16,3,37.027969155698685,0,0,1
69.93027324199502,11,2,24.711443891440837,0,0,1
23.789783550402998,12,2,40.53317258268741,0,0,1
36.562811166817646,15,8,30.54868057370856,0,0,1
221.76934692017682,17,3,13.950336136706293,1,0,1
139.72203916260642,20,8,14.335984542236385,0,0,1
225.15307037607616,10,2,31.689396378004016,0,0,1
67.63180399553154,15,5,61.30764959089332,0,0,1
102.83941471088912,21,5,38.35746184743651,1,0,1
99.49206573550218,5,1,58.69100813132518,0,0,1
1.2838542227578875,20,5,22.117679122232147,0,0,1
36.787432595670374,9,7,17.609865246165043,0,1,1
20.691014942823468,19,0,14.916706069510832,0,0,1
158.52834081430325,11,7,8.87210737174755,0,0,1
478.24257519575656,15,8,2.4584440072756517,1,1,1
201.7950047367915,6,9,15.012876220074869,0,0,1
11.935028499273859,18,2,5.198447477603523,0,0,1
0.9876161699253505,7,8,18.482480898162706,0,1,1
135.40458792968136,6,6,63.75848791377457,0,0,1
58.34562125363503,11,7,63.72697315013257,0,0,1
167.61174392499228,1,6,185.42247185846952,0,0,1
176.54098841221574,13,6,17.942465585956217,0,0,1
123.15909951213125,21,3,30.564262674952264,1,0,1
146.2834518066683,22,6,124.05652563442243,0,0,1
135.79848888102285,1,8,214.02085544927704,0,0,1
109.84137455189628,16,6,5.726814428094363,0,0,1
337.6177831884106,3,5,11.99458343819426,0,0,1
126.29497426093292,10,3,3.2457719378637173,0,0,1
246.35098846338414,2,3,102.47334021733414,0,0,1
203.18329093679114,14,0,5.4912170224102335,0,0,1
167.61174392499228,1,6,185.42247185846952,0,0,1
680.5751219889282,21,0,12.556303011845188,1,0,1
1.8561887410766007,18,9,35.69885771934009,0,0,1
220.64877354850609,5,0,26.035450136692738,0,0,1
36.562811166817646,15,8,30.54868057370856,0,0,1
180.1547870008433,14,4,7.599879100922198,0,0,1
58.50358284000809,8,4,57.13955666457806,0,0,1
63.631778423913055,5,5,121.96250833720867,0,0,1
66.79968270904791,18,4,47.09876946922254,1,0,1
4.4118998618501895,1,1,13.010782124673275,0,0,1
52.03953077789556,23,6,32.935962231166585,0,0,1
69.35431299831438,22,9,56.19703879064441,1,0,1
36.562811166817646,15,8,30.54868057370856,0,0,1
40.551686662245736,17,3,4.767552216736174,0,0,1
25.0992973866705,13,0,1.0696323636276297,0,0,1
102.83941471088912,21,5,38.35746184743651,1,0,1
125.29062038255496,11,3,2.6808369218310233,1,0,1
28.350019881455186,23,6,69.12281784719994,0,0,1
21.846167430754427,16,6,16.129986777661173,0,0,1
123.72011801262866,1,1,56.85756721715474,0,0,1
78.8398852541655,3,7,19.56151373490235,0,0,1
40.450084270052386,20,0,95.02240871157768,1,0,1
54.024547865953565,23,1,63.681676067027105,1,0,1
38.814551496387395,13,7,30.68817761402417,0,0,1
36.02044760747379,23,1,22.757677668201467,1,0,1
81.37369920602278,19,8,2.8935031797709567,0,1,1
38.73729908946474,22,0,1.7549264752632747,0,0,1
52.636164143488465,2,0,39.15405985821817,0,0,1
70.46982345650964,14,1,19.815190625218076,0,0,1
23.800106695362913,18,0,26.36678996843194,0,0,1
83.47531994414878,11,8,66.50578222706646,0,0,1
105.88997460922201,16,9,49.8988123155336,1,0,1
5.491521657386787,8,0,132.22501027214537,0,0,1
171.14608427343396,7,2,55.34410071430882,0,0,1
176.54098841221574,13,6,17.942465585956217,0,0,1
16.310203838164476,19,3,16.90541155206449,0,0,1
3.306691334998571,3,1,202.61529626729663,0,0,1
9.97819661049211,18,3,15.612721457696619,0,0,1
13.561816562204484,11,9,84.88505925554465,1,0,1
176.54098841221574,13,6,17.942465585956217,0,0,1
15.854396621277056,11,3,235.1822909526317,0,0,1
11.935028499273859,18,2,5.198447477603523,0,0,1
125.20677895857905,16,5,19.482186740937074,0,0,1
20.691014942823468,19,0,14.916706069510832,0,0,1
32.18460196170109,6,6,5.0153298360278615,0,0,1
17.78149123609272,8,1,44.58080881423314,1,0,1
81.69698563089183,15,7,0.8081126410891086,0,0,1
15.344186123358494,10,7,5.553040927836629,0,0,1
38.73729908946474,22,0,1.7549264752632747,0,0,1
9.288590786036757,17,2,20.335123104282545,0,0,1
34.75620842670952,20,9,24.568399501530134,1,0,1
71.7314124236385,7,5,7.072728815792758,0,0,1
201.30785624263493,6,6,51.5315207055267,0,0,1
98.57289822107595,18,0,11.135308068286568,1,0,1
160.97928189017483,5,5,85.80140300607214,0,0,1
162.7305474991052,5,8,22.060525338496248,0,0,1
9.988280887183773,12,1,14.137935080198885,0,0,1
52.95216724374391,2,3,5.313898822800285,0,0,1
83.47531994414878,11,8,66.50578222706646,0,0,1
24.680862366950556,7,0,20.59848937632275,0,0,1
261.9734692704209,2,8,13.061322488136074,1,0,1
29.00836992594099,20,2,98.12500162757219,1,0,1
178.1258354898527,13,9,32.4277718689277,0,0,1
38.0025611056787,0,5,2.9625594551208274,0,0,1
27.339934203463027,0,6,35.66666050248854,0,0,1
25.0992973866705,13,0,1.0696323636276297,0,0,1
173.1514053654731,21,4,74.38471880202704,0,0,1
29.605694249926774,0,7,54.651287626433806,0,0,1
204.6033461015753,18,3,31.88149337933749,0,0,1
243.278001496574,16,6,24.07276706071405,0,0,1
105.23320404102641,17,4,16.125892513935405,0,0,1
202.53829191556267,23,6,13.248169642927952,0,0,1
3.970799371386665,23,9,73.52450008743064,0,1,1
60.57691464212985,8,1,8.02041865969103,0,0,1
14.038193897663728,9,9,94.07306075433968,1,0,1
71.27850914938828,8,9,178.105644021577,1,0,1
7.7432450996429845,17,5,19.062598310789326,0,0,1
119.09903146114227,5,2,42.07570687795267,1,0,1
3.9572207838343934,5,9,32.513903918786504,0,0,1
45.6277218220847,10,2,39.123228018931286,0,0,1
269.93819649542957,18,4,110.18881019041467,0,0,1
98.57289822107595,18,0,11.135308068286568,1,0,1
54.24799494631557,1,9,0.163814325068087,0,0,1
73.79028642493967,15,5,8.192885193599125,0,0,1
45.42781969054579,21,9,72.58094734078766,0,0,1
71.41516813681919,0,6,51.425448523330644,0,0,1
58.65378397571735,22,3,62.56598345064862,0,0,1
102.96887677502349,4,7,44.29138601036244,0,1,1
130.55665773552832,16,1,3.730538646854565,0,0,1
130.81429681679046,22,3,23.345393052913156,0,0,1
82.43603206028806,22,8,104.3820864918417,0,0,1
23.71485938913611,23,0,34.61604141634013,0,0,1
38.73729908946474,22,0,1.7549264752632747,0,0,1
97.59675556567069,15,9,1.3343895713138445,0,0,1
68.70925129207896,19,0,22.614732769591626,0,0,1
680.5751219889282,21,0,12.556303011845188,1,0,1
90.05669785734462,6,1,55.57849901670052,0,0,1
59.361578701023376,6,0,22.479642167803654,1,0,1
22.315470276732146,23,7,27.77063921442287,0,0,1
106.9894100615944,19,9,43.181359069670435,0,0,1
204.63718019452122,15,5,71.09537673840633,0,0,1
63.631778423913055,5,5,121.96250833720867,0,0,1
201.60648378543686,1,0,1.641193721678437,0,0,1
85.32576598372877,19,9,9.468822453719547,0,0,1
187.44086668722915,3,2,119.5404162486662,0,0,1
42.66200150101238,16,0,32.05991518120339,0,0,1
101.4580136639517,12,6,36.11357645825737,0,0,1
244.51508595398127,19,7,1.876396894073255,0,0,1
166.14687984884705,22,7,91.85743214090954,0,1,1
81.37369920602278,19,8,2.8935031797709567,0,1,1
296.3643718282635,6,4,177.37795579499183,0,0,1
109.0062525147099,17,9,13.055022757160526,0,0,1
97.59675556567069,15,9,1.3343895713138445,0,0,1
36.58821279147374,21,7,5.971210506329347,0,0,1
7.7432450996429845,17,5,19.062598310789326,0,0,1
29.00836992594099,20,2,98.12500162757219,1,0,1
56.26742092155651,23,8,91.40563627302856,0,0,1
8.889283909093013,18,8,52.685541651173764,0,0,1
538.6386668497049,4,4,8.902415376242699,0,0,1
53.10584998237119,10,0,43.148984273605315,1,0,1
43.900081917116495,0,3,30.90807939371187,0,0,1
175.98245865414893,10,2,34.378438709357454,0,0,1
271.8600527545924,1,1,16.239583117547753,1,0,1
128.8582765673542,9,8,79.82000742516172,0,0,1
271.8600527545924,1,1,16.239583117547753,1,0,1
44.28527961865563,11,4,126.6381048702748,0,0,1
1.2075645280140084,19,6,103.77330960621956,0,0,1
22.333633395729795,10,0,16.546730375433516,1,0,1
108.9162387290241,11,6,4.268031805059065,0,0,1
187.44086668722915,3,2,119.5404162486662,0,0,1
128.8582765673542,9,8,79.82000742516172,0,0,1
58.34562125363503,11,7,63.72697315013257,0,0,1
3.3997969868477944,3,8,206.4407024606287,0,0,1
166.14687984884705,22,7,91.85743214090954,0,1,1
30.418323325927005,7,4,35.58109340480333,0,0,1
81.7360407561493,22,1,12.40304796253427,0,0,1
53.05992863850641,18,6,151.8477595109053,0,0,1
22.333633395729795,10,0,16.546730375433516,1,0,1
97.63011917123741,15,1,65.88681194104558,0,0,1
42.66024955171008,17,7,107.58992553589543,0,0,1
161.86093410817165,19,8,93.74823895904424,0,0,1
12.629338260806694,21,4,192.49265433535533,0,0,1
134.14702971609447,15,6,9.200537972952102,0,0,1
69.94394526077897,2,3,8.486359845437324,0,0,1
187.44086668722915,3,2,119.5404162486662,0,0,1
20.61841490643128,16,5,70.0193676401906,0,0,1
201.7950047367915,6,9,15.012876220074869,0,0,1
108.42337269652312,16,0,208.28606659145765,0,0,1
201.7950047367915,6,9,15.012876220074869,0,0,1
86.0431332045955,19,5,109.85978174066868,0,0,1
62.305859880409876,11,9,42.35225729764671,0,0,1
71.7314124236385,7,5,7.072728815792758,0,0,1
241.7168729910249,7,7,239.9113550819812,1,0,1
90.05669785734462,6,1,55.57849901670052,0,0,1
83.02828409517736,16,3,37.027969155698685,0,0,1
156.40973333379875,16,6,52.811839062516256,0,0,1
7.314681316131341,4,8,16.90125239766193,0,0,1
108.9527839812185,4,5,92.85477538665799,0,0,1
186.350049185203,20,8,98.07815955179719,0,0,1
9.988280887183773,12,1,14.137935080198885,0,0,1
56.15460355367736,6,1,2.8902575046953327,0,0,1
27.693183488830137,2,9,82.92618763549594,0,0,1
126.29497426093292,10,3,3.2457719378637173,0,0,1
30.252302491911642,6,5,15.913460006143504,0,0,1
9.147602822482632,20,5,143.6409779987174,0,0,1
82.70338886506579,20,5,22.44674257703255,0,0,1
67.12896590224157,6,6,8.970474446336452,0,0,1
126.62847438313909,18,2,47.130090173043165,0,0,1
157.02322288658587,2,8,33.46857241480386,0,0,1
37.810457768796724,9,2,25.419138158091346,0,0,1
19.49856366812427,22,9,182.60640518403096,0,0,1
135.43939412806242,0,5,90.92136883560278,0,1,1
16.76647527706798,9,2,163.58542046727925,0,0,1
242.56218872119706,20,7,17.693719229645357,0,0,1
467.16024641845877,18,4,27.365531245719282,0,0,1
2.8596346211614394,13,4,28.88054872273366,0,0,1
30.083969701011704,2,3,43.31571140157153,0,0,1
158.23848901976177,14,2,118.93899447787265,1,0,1
95.11616399750737,21,6,13.033699526459957,0,0,1
14.038193897663728,9,9,94.07306075433968,1,0,1
241.7168729910249,7,7,239.9113550819812,1,0,1
29.827508353350463,5,4,80.47651619729994,0,0,1
1.2838542227578875,20,5,22.117679122232147,0,0,1
337.6177831884106,3,5,11.99458343819426,0,0,1
13.602729246922369,2,3,106.08831044086573,1,0,1
111.32543847202942,9,8,2.5869896164030437,0,0,1
68.94140444876165,18,8,22.243850415431986,0,0,1
3.9572207838343934,5,9,32.513903918786504,0,0,1
29.235129399663172,16,6,1.0822483439467454,0,0,1
18.763882868982012,1,4,12.110386217410984,0,0,1
201.60648378543686,1,0,1.641193721678437,0,0,1
184.8548945368862,11,4,56.98892667189076,0,0,1
24.90867335410724,23,0,17.360793805487482,0,0,1
209.9399761780521,12,4,32.01928815502401,0,0,1
5.040792183650127,23,2,16.557093276121243,0,0,1
1.2838542227578875,20,5,22.117679122232147,0,0,1
4.4118998618501895,1,1,13.010782124673275,0,0,1
40.551686662245736,17,3,4.767552216736174,0,0,1
36.39868779777241,9,9,24.65422145636541,0,0,1
71.04371771341901,22,0,55.40927460058553,1,0,1
110.62988444669864,22,5,55.09817975591079,0,0,1
14.10628908770694,6,8,24.969036020069872,0,0,1
40.450084270052386,20,0,95.02240871157768,1,0,1
8.86538677778067,16,4,7.7461960099927785,0,0,1
70.46982345650964,14,1,19.815190625218076,0,0,1
72.12472435450759,4,2,23.4891106601453,0,0,1
1.8561887410766007,18,9,35.69885771934009,0,0,1
227.65847094790317,20,5,95.59773563842165,0,0,1
200.788200396462,2,1,37.18478398632975,0,0,1
59.74455297927822,22,2,5.164055987644153,0,0,1
130.7513601315038,9,7,53.672783262559555,0,0,1
59.29985914247256,8,5,28.030353162912096,0,0,1
79.99764615179966,20,8,37.54433800831344,1,0,1
105.88997460922201,16,9,49.8988123155336,1,0,1
44.06852222652278,1,9,74.56416670821966,0,0,1
36.02044760747379,23,1,22.757677668201467,1,0,1
22.37996748916361,5,7,43.76893266378124,0,0,1
36.16930983379011,13,5,36.66870624187419,0,0,1
2.960459192117248,22,2,51.72460629993388,0,0,1
59.29985914247256,8,5,28.030353162912096,0,0,1
296.3643718282635,6,4,177.37795579499183,0,0,1
16.400743025106447,21,5,54.170914968980796,0,0,1
166.23287934593068,11,9,250.19273467516268,0,0,1
241.7168729910249,7,7,239.9113550819812,1,0,1
75.94725215107503,2,2,96.15674217510005,0,0,1
0.6901724421494768,17,6,45.84031528872305,0,0,1
41.37344285219658,22,3,21.285205372776765,0,0,1
61.34547044538154,10,5,117.24357062881636,0,0,1
61.679567819699386,5,5,15.914869521472768,0,0,1
158.23848901976177,14,2,118.93899447787265,1,0,1
6.2116863612178825,4,6,98.12641121588777,0,0,1
10.883751880671802,1,1,11.66507283460381,0,0,1
102.48442087373908,8,2,27.67942806544158,0,0,1
8.719399369795726,13,3,0.16611084305614982,0,0,1
90.8131583702163,20,3,9.284065335978271,0,0,1
269.93819649542957,18,4,110.18881019041467,0,0,1
33.447783150357694,15,7,27.959535512243423,0,0,1
5.829199921078438,20,8,16.137844927876014,0,0,1
246.35098846338414,2,3,102.47334021733414,0,0,1
94.91744805522319,1,4,13.04308586663246,0,0,1
19.734781486214786,8,1,34.11532667385372,0,0,1
125.20677895857905,16,5,19.482186740937074,0,0,1
108.42337269652312,16,0,208.28606659145765,0,0,1
66.82103205735585,7,4,70.43385671179558,0,0,1
63.631778423913055,5,5,121.96250833720867,0,0,1
69.94394526077897,2,3,8.486359845437324,0,0,1
36.28476586043416,15,3,110.56038406384316,0,0,1
45.6277218220847,10,2,39.123228018931286,0,0,1
204.63718019452122,15,5,71.09537673840633,0,0,1
36.39868779777241,9,9,24.65422145636541,0,0,1
122.69125744285758,14,2,39.720796165964835,0,0,1
67.63180399553154,15,5,61.30764959089332,0,0,1
88.69412861449368,4,9,90.08662304274728,0,0,1
29.00836992594099,20,2,98.12500162757219,1,0,1
271.8600527545924,1,1,16.239583117547753,1,0,1
52.03953077789556,23,6,32.935962231166585,0,0,1
354.80715158700065,2,7,116.27550646294964,0,0,1
44.28527961865563,11,4,126.6381048702748,0,0,1
69.94394526077897,2,3,8.486359845437324,0,0,1
28.7645927596787,7,3,30.408062093304896,0,0,1
135.79848888102285,1,8,214.02085544927704,0,0,1
128.8582765673542,9,8,79.82000742516172,0,0,1
312.46376651979347,8,3,28.742877573710306,0,0,1
28.7645927596787,7,3,30.408062093304896,0,0,1
74.0839071582705,4,2,20.66175946995104,0,0,1
109.84137455189628,16,6,5.726814428094363,0,0,1
108.46201550855181,10,9,59.829522054279984,0,0,1
312.3112539233472,23,7,50.546342847293744,0,0,1
2.920502143209468,7,8,19.549491693078146,0,0,1
22.37996748916361,5,7,43.76893266378124,0,0,1
36.787432595670374,9,7,17.609865246165043,0,1,1
37.40595335387715,23,6,14.32366379748467,0,0,1
29.947454226575402,3,2,32.27109231080576,0,0,1
131.78530934609608,13,1,29.434637969770773,0,0,1
71.27850914938828,8,9,178.105644021577,1,0,1
166.45314340477654,3,0,12.256985114851783,1,0,1
4.278265894923065,4,6,235.96984168512623,0,0,1
126.8474411846264,1,9,48.81637418511437,0,0,1
71.7314124236385,7,5,7.072728815792758,0,0,1
2.245300569573935,18,8,5.429270726064513,0,0,1
121.49665279329646,3,0,104.63752819688388,0,0,1
238.33748858765222,8,4,4.705586618471598,0,0,1
16.310203838164476,19,3,16.90541155206449,0,0,1
15.092058664226416,18,5,184.0609778092511,0,0,1
50.18201538710777,22,5,6.723303917634582,1,0,1
163.42777671764387,8,8,20.612449766892418,0,0,1
27.662202201299042,7,4,34.54578915472505,0,0,1
204.6033461015753,18,3,31.88149337933749,0,0,1
159.9206379801562,5,7,42.96364263241269,1,0,1
337.6177831884106,3,5,11.99458343819426,0,0,1
340.3226264506965,5,5,63.58164509541857,0,0,1
18.763882868982012,1,4,12.110386217410984,0,0,1
184.8548945368862,11,4,56.98892667189076,0,0,1
2.8596346211614394,13,4,28.88054872273366,0,0,1
221.76934692017682,17,3,13.950336136706293,1,0,1
99.30575734759223,19,9,60.12707975729696,0,1,1
2.6968776316331806,22,1,110.52651187105394,0,0,1
538.6386668497049,4,4,8.902415376242699,0,0,1
219.93782101996536,2,9,24.66247992528514,0,0,1
166.45314340477654,3,0,12.256985114851783,1,0,1
23.8687625248947,3,2,49.915495354243774,0,0,1
58.089606501413904,7,5,3.309744306666461,0,0,1
3.306691334998571,3,1,202.61529626729663,0,0,1
101.96057941803029,19,4,4.860604814858531,0,1,1
24.17341978858234,18,1,7.088503346634613,0,0,1
9.822978531124464,21,0,29.744815523454527,0,0,1
92.11109078171103,17,4,34.839702702365756,0,0,1
154.3080106811237,14,4,41.954706867452494,0,0,1
85.68456724540113,14,9,24.441976045653327,0,0,1
112.32727809391316,11,7,123.44213403411861,1,0,1
45.48415324234035,21,9,13.757177302436402,0,0,1
8.889283909093013,18,8,52.685541651173764,0,0,1
49.59909850233758,20,2,16.800113583679813,0,0,1
201.60648378543686,1,0,1.641193721678437,0,0,1
57.02146898831339,18,0,13.263746435734644,0,0,1
292.0911709264685,21,2,20.005455775504004,0,0,1
467.16024641845877,18,4,27.365531245719282,0,0,1
57.56509916369589,20,0,3.0083315455548894,0,0,1
4.487298911432926,8,8,29.007067935383095,0,0,1
68.94140444876165,18,8,22.243850415431986,0,0,1
166.14687984884705,22,7,91.85743214090954,0,1,1
211.67850510798343,17,3,53.470203262213126,0,0,1
1.2075645280140084,19,6,103.77330960621956,0,0,1
1.2838542227578875,20,5,22.117679122232147,0,0,1
40.551686662245736,17,3,4.767552216736174,0,0,1
56.26742092155651,23,8,91.40563627302856,0,0,1
36.28476586043416,15,3,110.56038406384316,0,0,1
312.46376651979347,8,3,28.742877573710306,0,0,1
31.603107893455572,7,0,76.56776118900214,0,0,1
36.39868779777241,9,9,24.65422145636541,0,0,1
8.86538677778067,16,4,7.7461960099927785,0,0,1
5.829199921078438,20,8,16.137844927876014,0,0,1
15.534023502232127,5,9,245.48617901450157,0,0,1
23.8687625248947,3,2,49.915495354243774,0,0,1
27.693183488830137,2,9,82.92618763549594,0,0,1
29.827508353350463,5,4,80.47651619729994,0,0,1
1.6333058503340645,18,4,40.925292977217126,0,0,1
45.48415324234035,21,9,13.757177302436402,0,0,1
21.748210803096157,14,8,51.35435124634501,1,0,1
30.083969701011704,2,3,43.31571140157153,0,0,1
122.69125744285758,14,2,39.720796165964835,0,0,1
60.57691464212985,8,1,8.02041865969103,0,0,1
24.680862366950556,7,0,20.59848937632275,0,0,1
21.846167430754427,16,6,16.129986777661173,0,0,1
201.7950047367915,6,9,15.012876220074869,0,0,1
64.01626731526842,9,0,58.142929198173775,0,0,1
2.6968776316331806,22,1,110.52651187105394,0,0,1
66.79968270904791,18,4,47.09876946922254,1,0,1
119.09903146114227,5,2,42.07570687795267,1,0,1
49.94689052671303,21,4,92.55255299444528,0,0,1
1.2075645280140084,19,6,103.77330960621956,0,0,1
16.81654704781473,0,7,31.798557844076463,0,0,1
92.36751206847723,21,9,32.53045119772402,0,0,1
22.315470276732146,23,7,27.77063921442287,0,0,1
201.30785624263493,6,6,51.5315207055267,0,0,1
96.64861891767073,15,8,25.10833323871784,1,0,1
15.534023502232127,5,9,245.48617901450157,0,0,1
234.71617837584068,14,7,168.18947175207717,0,0,1
74.03759563460443,21,4,21.455845630550183,0,0,1
36.58821279147374,21,7,5.971210506329347,0,0,1
263.98855421040753,3,9,87.42629136603884,0,0,1
81.69698563089183,15,7,0.8081126410891086,0,0,1
2.276141416943498,3,5,12.005336251366716,0,0,1
43.900081917116495,0,3,30.90807939371187,0,0,1
2.245300569573935,18,8,5.429270726064513,0,0,1
63.631778423913055,5,5,121.96250833720867,0,0,1
35.677078125303815,0,1,10.30511560686879,0,0,1
38.814551496387395,13,7,30.68817761402417,0,0,1
8.170455545483112,15,7,62.38069488239917,0,0,1
139.59780297071188,18,2,19.917240521131358,0,0,1
92.36751206847723,21,9,32.53045119772402,0,0,1
71.7314124236385,7,5,7.072728815792758,0,0,1
44.53872370520718,6,4,11.424365320175406,0,0,1
38.04829531389874,0,5,175.87533526373696,0,0,1
165.10782053369465,19,7,109.19781060393392,0,0,1
97.10918138763648,5,9,11.48665716766481,0,0,1
225.15307037607616,10,2,31.689396378004016,0,0,1
204.63718019452122,15,5,71.09537673840633,0,0,1
246.35098846338414,2,3,102.47334021733414,0,0,1
190.70974725278722,23,7,73.70803548315494,1,0,1
76.22542630659325,7,2,38.788162882964606,0,0,1
538.6386668497049,4,4,8.902415376242699,0,0,1
1.5226013884891114,6,9,26.50763268043463,0,0,1
242.56218872119706,20,7,17.693719229645357,0,0,1
56.64038163132389,17,4,47.11505799709146,0,0,1
424.40369826152596,22,5,16.512730645106213,0,0,1
81.69698563089183,15,7,0.8081126410891086,0,0,1
105.23320404102641,17,4,16.125892513935405,0,0,1
112.32727809391316,11,7,123.44213403411861,1,0,1
10.665648797073594,21,2,85.8910044663252,1,0,1
78.56982277819277,19,5,25.996533128313448,0,0,1
75.5133950505363,1,7,39.014884288711954,0,0,1
27.693183488830137,2,9,82.92618763549594,0,0,1
50.41826810247863,20,2,147.31680072853374,0,0,1
2.276141416943498,3,5,12.005336251366716,0,0,1
159.9206379801562,5,7,42.96364263241269,1,0,1
45.42781969054579,21,9,72.58094734078766,0,0,1
97.00306153489309,3,2,76.29218907128815,0,0,1
20.61841490643128,16,5,70.0193676401906,0,0,1
109.84137455189628,16,6,5.726814428094363,0,0,1
43.595353461673334,20,5,120.32559522287973,0,0,1
72.53850879884061,21,1,1.6902670386502845,0,0,1
121.49665279329646,3,0,104.63752819688388,0,0,1
139.47876580584736,19,7,16.02604882792193,0,0,1
66.839180986861,21,2,49.62493262255756,0,0,1
38.0025611056787,0,5,2.9625594551208274,0,0,1
196.78845032231982,9,1,4.488704299180643,0,0,1
53.10584998237119,10,0,43.148984273605315,1,0,1
312.3112539233472,23,7,50.546342847293744,0,0,1
351.0461721282546,11,9,116.60730496916878,0,0,1
5.369235116351659,2,1,89.29250630209306,0,0,1
98.57289822107595,18,0,11.135308068286568,1,0,1
23.8687625248947,3,2,49.915495354243774,0,0,1
83.02828409517736,16,3,37.027969155698685,0,0,1
238.33748858765222,8,4,4.705586618471598,0,0,1
11.200018885465623,7,6,9.106130453543008,0,0,1
99.67467068014915,6,9,35.94526700431902,0,0,1
28.289625375853163,17,8,16.94495076073306,0,0,1
51.46000942652068,21,7,118.14063659614911,0,0,1
20.103710397885287,16,8,44.848943112779864,0,0,1
2.8596346211614394,13,4,28.88054872273366,0,0,1
68.70925129207896,19,0,22.614732769591626,0,0,1
118.8196755663473,12,7,49.31546772180872,0,0,1
110.62988444669864,22,5,55.09817975591079,0,0,1
39.860765678899796,23,2,41.15391763330044,0,0,1
260.9977449209915,9,7,39.95697005943845,1,0,1
157.02322288658587,2,8,33.46857241480386,0,0,1
54.425714269355005,5,8,39.63701218118999,0,0,1
109.0062525147099,17,9,13.055022757160526,0,0,1
60.57691464212985,8,1,8.02041865969103,0,0,1
90.92041659771152,16,7,0.5112962536960337,0,0,1
72.50082520454396,18,4,6.415021171062962,0,0,1
198.77512246541207,2,7,32.472176755808576,0,0,1
24.021704555933255,23,8,3.8382288633517407,0,0,1
109.0062525147099,17,9,13.055022757160526,0,0,1
21.748210803096157,14,8,51.35435124634501,1,0,1
58.65378397571735,22,3,62.56598345064862,0,0,1
209.9399761780521,12,4,32.01928815502401,0,0,1
58.882083017236965,9,4,32.220508105571994,0,0,1
187.44086668722915,3,2,119.5404162486662,0,0,1
27.46363340482561,22,4,2.424691816423996,0,0,1
114.01463466715083,8,9,30.553518452324607,0,0,1
354.80715158700065,2,7,116.27550646294964,0,0,1
160.97928189017483,5,5,85.80140300607214,0,0,1
58.564515422876184,13,4,122.1499019224478,1,0,1
7.448198725566497,2,2,25.170525528380104,1,0,1
160.97928189017483,5,5,85.80140300607214,0,0,1
172.51858538085813,15,5,41.15226229400994,0,0,1
157.02322288658587,2,8,33.46857241480386,0,0,1
22.315470276732146,23,7,27.77063921442287,0,0,1
126.62847438313909,18,2,47.130090173043165,0,0,1
86.0431332045955,19,5,109.85978174066868,0,0,1
58.882083017236965,9,4,32.220508105571994,0,0,1
54.98151727917913,22,6,51.384023326872565,1,0,1
8.08981934215118,12,7,17.332918959922246,0,0,1
75.91437829608314,12,2,48.31941340506077,0,0,1
46.62620455388791,14,3,82.35686678457765,0,0,1
76.22542630659325,7,2,38.788162882964606,0,0,1
171.14608427343396,7,2,55.34410071430882,0,0,1
243.278001496574,16,6,24.07276706071405,0,0,1
123.72011801262866,1,1,56.85756721715474,0,0,1
72.50082520454396,18,4,6.415021171062962,0,0,1
24.90867335410724,23,0,17.360793805487482,0,0,1
59.361578701023376,6,0,22.479642167803654,1,0,1
253.6383301814264,19,9,94.61850821010707,0,0,1
38.0025611056787,0,5,2.9625594551208274,0,0,1
220.64877354850609,5,0,26.035450136692738,0,0,1
59.361578701023376,6,0,22.479642167803654,1,0,1
53.58816716561955,0,7,193.71183879334387,0,0,1
59.963225243482775,16,7,13.56429692685589,0,0,1
52.03953077789556,23,6,32.935962231166585,0,0,1
337.6177831884106,3,5,11.99458343819426,0,0,1
135.79848888102285,1,8,214.02085544927704,0,0,1
71.41516813681919,0,6,51.425448523330644,0,0,1
201.60648378543686,1,0,1.641193721678437,0,0,1
1.3959112564237626,11,2,8.128285605537146,0,0,1
17.537807086470178,12,3,15.277085575097377,0,0,1
63.631778423913055,5,5,121.96250833720867,0,0,1
160.97928189017483,5,5,85.80140300607214,0,0,1
30.50646073151543,3,5,53.434101830940484,0,0,1
52.95216724374391,2,3,5.313898822800285,0,0,1
33.447783150357694,15,7,27.959535512243423,0,0,1
18.897677461991314,6,7,17.794841356172462,0,0,1
157.4333443217474,21,5,60.70224840729944,0,0,1
5.136121995053866,1,8,77.72357861622875,0,0,1
42.4077810311421,19,4,165.21939414520153,0,0,1
39.860765678899796,23,2,41.15391763330044,0,0,1
146.2834518066683,22,6,124.05652563442243,0,0,1
77.26669123908864,22,0,43.61739099778183,0,0,1
97.63011917123741,15,1,65.88681194104558,0,0,1
21.302903185996403,1,1,45.88939038061029,1,0,1
5.829199921078438,20,8,16.137844927876014,0,0,1
53.10584998237119,10,0,43.148984273605315,1,0,1
51.46000942652068,21,7,118.14063659614911,0,0,1
39.860765678899796,23,2,41.15391763330044,0,0,1
157.02322288658587,2,8,33.46857241480386,0,0,1
95.11616399750737,21,6,13.033699526459957,0,0,1
105.88997460922201,16,9,49.8988123155336,1,0,1
56.15460355367736,6,1,2.8902575046953327,0,0,1
130.55665773552832,16,1,3.730538646854565,0,0,1
125.29062038255496,11,3,2.6808369218310233,1,0,1
201.7950047367915,6,9,15.012876220074869,0,0,1
99.30575734759223,19,9,60.12707975729696,0,1,1
22.315470276732146,23,7,27.77063921442287,0,0,1
51.46000942652068,21,7,118.14063659614911,0,0,1
36.39868779777241,9,9,24.65422145636541,0,0,1
29.605694249926774,0,7,54.651287626433806,0,0,1
67.12896590224157,6,6,8.970474446336452,0,0,1
36.02044760747379,23,1,22.757677668201467,1,0,1
0.9876161699253505,7,8,18.482480898162706,0,1,1
3.723434185767217,17,5,5.8768014907265425,0,0,1
52.636164143488465,2,0,39.15405985821817,0,0,1
2.0326921004244554,9,5,0.6659690613441591,0,0,1
74.0839071582705,4,2,20.66175946995104,0,0,1
351.0461721282546,11,9,116.60730496916878,0,0,1
14.10628908770694,6,8,24.969036020069872,0,0,1
108.46201550855181,10,9,59.829522054279984,0,0,1
2.276141416943498,3,5,12.005336251366716,0,0,1
88.69412861449368,4,9,90.08662304274728,0,0,1
8.719399369795726,13,3,0.16611084305614982,0,0,1
2.245300569573935,18,8,5.429270726064513,0,0,1
154.3080106811237,14,4,41.954706867452494,0,0,1
38.04829531389874,0,5,175.87533526373696,0,0,1
121.49665279329646,3,0,104.63752819688388,0,0,1
105.88997460922201,16,9,49.8988123155336,1,0,1
18.255382580481637,6,0,74.55072477507692,0,0,1
90.8131583702163,20,3,9.284065335978271,0,0,1
158.52834081430325,11,7,8.87210737174755,0,0,1
300.1332397244468,8,8,4.283054084663725,1,1,1
130.48178060225274,7,5,23.00558301625234,0,0,1
49.31422569251884,13,6,4.895097662460259,0,0,1
0.9876161699253505,7,8,18.482480898162706,0,1,1
27.46363340482561,22,4,2.424691816423996,0,0,1
15.854396621277056,11,3,235.1822909526317,0,0,1
15.895201566782516,12,3,194.89984263578597,0,0,1
9.922650699345185,10,0,26.333716765914883,0,0,1
59.60890027945429,8,8,18.896989502350838,0,0,1
10.665648797073594,21,2,85.8910044663252,1,0,1
36.28476586043416,15,3,110.56038406384316,0,0,1
354.80715158700065,2,7,116.27550646294964,0,0,1
5.369235116351659,2,1,89.29250630209306,0,0,1
59.85339945794067,12,8,16.043688565562707,0,0,1
39.94650606714626,4,8,26.454296010925994,1,0,1
5.279527809977468,0,7,57.966087619565855,0,0,1
58.564515422876184,13,4,122.1499019224478,1,0,1
167.61174392499228,1,6,185.42247185846952,0,0,1
1.5226013884891114,6,9,26.50763268043463,0,0,1
171.27165386597838,0,9,106.16524512537701,0,0,1
57.56509916369589,20,0,3.0083315455548894,0,0,1
17.537807086470178,12,3,15.277085575097377,0,0,1
72.53850879884061,21,1,1.6902670386502845,0,0,1
27.693113030920475,13,8,18.029056298044804,0,0,1
106.9894100615944,19,9,43.181359069670435,0,0,1
59.29985914247256,8,5,28.030353162912096,0,0,1
0.909539960722861,2,7,9.883518851967569,1,1,1
38.81213685465557,19,1,26.504055206552724,0,0,1
45.6277218220847,10,2,39.123228018931286,0,0,1
76.29805773424295,19,2,14.128919921172217,0,0,1
58.65378397571735,22,3,62.56598345064862,0,0,1
7.448198725566497,2,2,25.170525528380104,1,0,1
68.70925129207896,19,0,22.614732769591626,0,0,1
312.3112539233472,23,7,50.546342847293744,0,0,1
184.8548945368862,11,4,56.98892667189076,0,0,1
187.44086668722915,3,2,119.5404162486662,0,0,1
17.607830972219595,5,2,2.0772988863842015,0,0,1
109.9723477185524,7,3,24.963652150728503,0,0,1
211.67850510798343,17,3,53.470203262213126,0,0,1
5.878110672996271,12,3,46.444199732526116,0,0,1
74.03759563460443,21,4,21.455845630550183,0,0,1
86.0431332045955,19,5,109.85978174066868,0,0,1
209.9399761780521,12,4,32.01928815502401,0,0,1
97.54214576995756,21,7,21.374595419431135,0,0,1
111.32543847202942,9,8,2.5869896164030437,0,0,1
467.16024641845877,18,4,27.365531245719282,0,0,1
21.901234315893586,9,6,22.65321621619728,0,0,1
166.23287934593068,11,9,250.19273467516268,0,0,1
1.2838542227578875,20,5,22.117679122232147,0,0,1
66.82103205735585,7,4,70.43385671179558,0,0,1
4.278265894923065,4,6,235.96984168512623,0,0,1
110.45595986817835,1,6,59.25661665155136,1,0,1
128.8582765673542,9,8,79.82000742516172,0,0,1
5.369235116351659,2,1,89.29250630209306,0,0,1
101.96057941803029,19,4,4.860604814858531,0,1,1
17.607830972219595,5,2,2.0772988863842015,0,0,1
243.278001496574,16,6,24.07276706071405,0,0,1
82.40667280277229,23,1,34.04924265911898,0,0,1
27.89161829949456,23,6,50.516393786296774,0,0,1
2.2827151427937546,4,8,12.603249148574033,0,0,1
186.350049185203,20,8,98.07815955179719,0,0,1
134.14702971609447,15,6,9.200537972952102,0,0,1
226.65986286309044,9,4,64.16885948004443,0,0,1
108.46201550855181,10,9,59.829522054279984,0,0,1
15.895201566782516,12,3,194.89984263578597,0,0,1
204.63718019452122,15,5,71.09537673840633,0,0,1
130.81429681679046,22,3,23.345393052913156,0,0,1
163.42777671764387,8,8,20.612449766892418,0,0,1
15.854396621277056,11,3,235.1822909526317,0,0,1
83.47531994414878,11,8,66.50578222706646,0,0,1
110.62988444669864,22,5,55.09817975591079,0,0,1
17.23152941098696,18,4,24.12334355868058,0,0,1
43.595353461673334,20,5,120.32559522287973,0,0,1
81.37369920602278,19,8,2.8935031797709567,0,1,1
0.9876161699253505,7,8,18.482480898162706,0,1,1
15.092058664226416,18,5,184.0609778092511,0,0,1
51.442606733099105,18,4,7.182053409558,0,0,1
69.35431299831438,22,9,56.19703879064441,1,0,1
92.11109078171103,17,4,34.839702702365756,0,0,1
61.34547044538154,10,5,117.24357062881636,0,0,1
106.17002105589255,6,4,59.78172599849226,0,0,1
176.54098841221574,13,6,17.942465585956217,0,0,1
72.12472435450759,4,2,23.4891106601453,0,0,1
58.34562125363503,11,7,63.72697315013257,0,0,1
160.87144539299004,0,5,31.10990651742529,1,0,1
130.55665773552832,16,1,3.730538646854565,0,0,1
53.33140363376775,15,4,38.34052084947605,0,0,1
36.39868779777241,9,9,24.65422145636541,0,0,1
125.20674728720263,14,9,11.35805512257363,1,0,1
1.8561887410766007,18,9,35.69885771934009,0,0,1
72.12472435450759,4,2,23.4891106601453,0,0,1
172.51858538085813,15,5,41.15226229400994,0,0,1
94.91744805522319,1,4,13.04308586663246,0,0,1
123.15909951213125,21,3,30.564262674952264,1,0,1
7.118850626264504,8,5,53.08686896522589,0,0,1
14.038193897663728,9,9,94.07306075433968,1,0,1
312.3112539233472,23,7,50.546342847293744,0,0,1
38.81213685465557,19,1,26.504055206552724,0,0,1
59.963225243482775,16,7,13.56429692685589,0,0,1
126.8474411846264,1,9,48.81637418511437,0,0,1
159.9206379801562,5,7,42.96364263241269,1,0,1
19.896792853683777,4,9,67.00050537001484,0,0,1
195.1148140133525,8,5,10.575738781709457,1,1,1
119.09903146114227,5,2,42.07570687795267,1,0,1
20.103710397885287,16,8,44.848943112779864,0,0,1
112.32727809391316,11,7,123.44213403411861,1,0,1
160.87144539299004,0,5,31.10990651742529,1,0,1
16.83497609067831,3,4,17.19370528815662,0,0,1
211.67850510798343,17,3,53.470203262213126,0,0,1
195.97883103082512,0,2,2.240969791578799,0,0,1
60.57691464212985,8,1,8.02041865969103,0,0,1
27.693183488830137,2,9,82.92618763549594,0,0,1
64.69045124116816,11,7,37.05794681869068,0,1,1
95.23939916983089,18,7,12.951366069445115,0,0,1
135.43939412806242,0,5,90.92136883560278,0,1,1
52.636164143488465,2,0,39.15405985821817,0,0,1
36.39868779777241,9,9,24.65422145636541,0,0,1
59.361578701023376,6,0,22.479642167803654,1,0,1
6.720959348940872,12,8,29.198395355013538,0,0,1
40.091673087853,19,0,51.39021762867748,0,0,1
123.72011801262866,1,1,56.85756721715474,0,0,1
173.1514053654731,21,4,74.38471880202704,0,0,1
34.75620842670952,20,9,24.568399501530134,1,0,1
373.02775845358445,6,4,0.9451853579518589,0,0,1
31.603107893455572,7,0,76.56776118900214,0,0,1
117.96898763803539,16,4,13.627886140722412,0,0,1
58.65378397571735,22,3,62.56598345064862,0,0,1
69.93027324199502,11,2,24.711443891440837,0,0,1
55.42650325196402,3,8,90.1964750809194,0,0,1
36.44385724094443,5,4,11.98276058945257,0,0,1
4.015750682000012,7,5,4.746778541553791,0,0,1
20.691014942823468,19,0,14.916706069510832,0,0,1
17.537807086470178,12,3,15.277085575097377,0,0,1
17.607830972219595,5,2,2.0772988863842015,0,0,1
21.302903185996403,1,1,45.88939038061029,1,0,1
38.81213685465557,19,1,26.504055206552724,0,0,1
69.8729617097775,2,6,0.3381691896491799,1,0,1
133.3490303883392,20,6,52.53986846111053,0,0,1
101.96057941803029,19,4,4.860604814858531,0,1,1
61.34547044538154,10,5,117.24357062881636,0,0,1
7.118850626264504,8,5,53.08686896522589,0,0,1
162.7305474991052,5,8,22.060525338496248,0,0,1
21.901234315893586,9,6,22.65321621619728,0,0,1
187.44086668722915,3,2,119.5404162486662,0,0,1
4.24858323649007,11,9,38.002181425950184,1,1,1
478.24257519575656,15,8,2.4584440072756517,1,1,1
12.629338260806694,21,4,192.49265433535533,0,0,1
351.0461721282546,11,9,116.60730496916878,0,0,1
172.51858538085813,15,5,41.15226229400994,0,0,1
125.20674728720263,14,9,11.35805512257363,1,0,1
50.41826810247863,20,2,147.31680072853374,0,0,1
160.97928189017483,5,5,85.80140300607214,0,0,1
133.3490303883392,20,6,52.53986846111053,0,0,1
9.147602822482632,20,5,143.6409779987174,0,0,1
7.118850626264504,8,5,53.08686896522589,0,0,1
172.65514506301994,17,2,2.0613637751341005,0,0,1
58.564515422876184,13,4,122.1499019224478,1,0,1
110.45595986817835,1,6,59.25661665155136,1,0,1
139.47876580584736,19,7,16.02604882792193,0,0,1
37.40595335387715,23,6,14.32366379748467,0,0,1
3.9572207838343934,5,9,32.513903918786504,0,0,1
126.8474411846264,1,9,48.81637418511437,0,0,1
36.562811166817646,15,8,30.54868057370856,0,0,1
109.0062525147099,17,9,13.055022757160526,0,0,1
72.53850879884061,21,1,1.6902670386502845,0,0,1
3.9572207838343934,5,9,32.513903918786504,0,0,1
108.46201550855181,10,9,59.829522054279984,0,0,1
368.0639977890095,18,4,110.66002693803014,0,0,1
162.7305474991052,5,8,22.060525338496248,0,0,1
4.24858323649007,11,9,38.002181425950184,1,1,1
16.16363423177122,11,8,88.3553376031359,0,0,1
24.021704555933255,23,8,3.8382288633517407,0,0,1
160.87144539299004,0,5,31.10990651742529,1,0,1
52.03953077789556,23,6,32.935962231166585,0,0,1
312.46376651979347,8,3,28.742877573710306,0,0,1
70.46982345650964,14,1,19.815190625218076,0,0,1
424.40369826152596,22,5,16.512730645106213,0,0,1
63.631778423913055,5,5,121.96250833720867,0,0,1
167.61174392499228,1,6,185.42247185846952,0,0,1
173.1514053654731,21,4,74.38471880202704,0,0,1
64.69045124116816,11,7,37.05794681869068,0,1,1
538.6386668497049,4,4,8.902415376242699,0,0,1
78.58269643247577,2,0,142.6880920648922,1,0,1
23.6125650647291,3,6,14.002555766381548,0,0,1
1.8561887410766007,18,9,35.69885771934009,0,0,1
3.2095746736032114,4,6,21.860923497442787,0,0,1
67.12896590224157,6,6,8.970474446336452,0,0,1
354.80715158700065,2,7,116.27550646294964,0,0,1
139.72203916260642,20,8,14.335984542236385,0,0,1
55.92315127740618,21,9,6.579760873271215,0,0,1
104.74077979914793,12,6,39.61876254247438,0,0,1
74.0839071582705,4,2,20.66175946995104,0,0,1
312.46376651979347,8,3,28.742877573710306,0,0,1
291.8232300734288,9,2,31.24082205840224,1,0,1
27.89161829949456,23,6,50.516393786296774,0,0,1
4.015750682000012,7,5,4.746778541553791,0,0,1
160.97928189017483,5,5,85.80140300607214,0,0,1
13.561816562204484,11,9,84.88505925554465,1,0,1
17.537807086470178,12,3,15.277085575097377,0,0,1
44.06852222652278,1,9,74.56416670821966,0,0,1
3.4373198347193927,9,0,33.87518464210393,0,0,1
1.9847140688670828,1,8,8.182142007831459,0,0,1
102.96887677502349,4,7,44.29138601036244,0,1,1
538.6386668497049,4,4,8.902415376242699,0,0,1
135.43939412806242,0,5,90.92136883560278,0,1,1
67.12896590224157,6,6,8.970474446336452,0,0,1
5.040792183650127,23,2,16.557093276121243,0,0,1
110.45595986817835,1,6,59.25661665155136,1,0,1
23.789783550402998,12,2,40.53317258268741,0,0,1
52.40700059673562,8,4,25.024125044809537,0,0,1
69.52441332180219,0,7,9.329000889381454,0,0,1
238.33748858765222,8,4,4.705586618471598,0,0,1
121.49665279329646,3,0,104.63752819688388,0,0,1
75.5133950505363,1,7,39.014884288711954,0,0,1
58.34562125363503,11,7,63.72697315013257,0,0,1
106.9894100615944,19,9,43.181359069670435,0,0,1
118.8196755663473,12,7,49.31546772180872,0,0,1
0.909539960722861,2,7,9.883518851967569,1,1,1
92.11109078171103,17,4,34.839702702365756,0,0,1
156.40973333379875,16,6,52.811839062516256,0,0,1
12.998251116649588,1,4,42.93862292943485,0,0,1
201.7950047367915,6,9,15.012876220074869,0,0,1
109.84137455189628,16,6,5.726814428094363,0,0,1
12.998251116649588,1,4,42.93862292943485,0,0,1
188.89374551533777,15,0,34.97417598815268,0,1,1
72.53850879884061,21,1,1.6902670386502845,0,0,1
24.17341978858234,18,1,7.088503346634613,0,0,1
97.63011917123741,15,1,65.88681194104558,0,0,1
27.693113030920475,13,8,18.029056298044804,0,0,1
1.4651476265668781,13,6,2.5306785462349444,0,0,1
6.2116863612178825,4,6,98.12641121588777,0,0,1
54.98151727917913,22,6,51.384023326872565,1,0,1
175.98245865414893,10,2,34.378438709357454,0,0,1
115.94048640248865,0,2,86.47686887981676,0,0,1
101.10887957798545,10,3,109.75078234336313,1,0,1
163.42777671764387,8,8,20.612449766892418,0,0,1
424.40369826152596,22,5,16.512730645106213,0,0,1
24.17341978858234,18,1,7.088503346634613,0,0,1
85.32576598372877,19,9,9.468822453719547,0,0,1
125.57048609797414,0,8,86.50474372202484,0,0,1
14.10628908770694,6,8,24.969036020069872,0,0,1
231.90318981262067,3,9,21.84056203846677,0,0,1
92.11109078171103,17,4,34.839702702365756,0,0,1
1.9847140688670828,1,8,8.182142007831459,0,0,1
64.69045124116816,11,7,37.05794681869068,0,1,1
128.8582765673542,9,8,79.82000742516172,0,0,1
157.02322288658587,2,8,33.46857241480386,0,0,1
130.81429681679046,22,3,23.345393052913156,0,0,1
20.61841490643128,16,5,70.0193676401906,0,0,1
18.897677461991314,6,7,17.794841356172462,0,0,1
28.7645927596787,7,3,30.408062093304896,0,0,1
9.147602822482632,20,5,143.6409779987174,0,0,1
60.57691464212985,8,1,8.02041865969103,0,0,1
86.58671471970726,10,5,10.647582756432385,0,0,1
166.45314340477654,3,0,12.256985114851783,1,0,1
184.4077141321478,1,1,116.14923766361474,0,0,1
195.97883103082512,0,2,2.240969791578799,0,0,1
99.67467068014915,6,9,35.94526700431902,0,0,1
300.1332397244468,8,8,4.283054084663725,1,1,1
19.896792853683777,4,9,67.00050537001484,0,0,1
8.170455545483112,15,7,62.38069488239917,0,0,1
97.00306153489309,3,2,76.29218907128815,0,0,1
6.2116863612178825,4,6,98.12641121588777,0,0,1
22.37996748916361,5,7,43.76893266378124,0,0,1
2.8596346211614394,13,4,28.88054872273366,0,0,1
190.70974725278722,23,7,73.70803548315494,1,0,1
4.015750682000012,7,5,4.746778541553791,0,0,1
196.78845032231982,9,1,4.488704299180643,0,0,1
378.4677972921234,22,2,21.02503840380716,0,0,1
31.603107893455572,7,0,76.56776118900214,0,0,1
131.78530934609608,13,1,29.434637969770773,0,0,1
46.62620455388791,14,3,82.35686678457765,0,0,1
69.8729617097775,2,6,0.3381691896491799,1,0,1
261.89929190405377,16,1,13.301917068014745,0,0,1
130.33175780816856,23,0,81.97949830048015,0,0,1
2.245300569573935,18,8,5.429270726064513,0,0,1
130.55665773552832,16,1,3.730538646854565,0,0,1
16.16363423177122,11,8,88.3553376031359,0,0,1
20.61841490643128,16,5,70.0193676401906,0,0,1
75.5133950505363,1,7,39.014884288711954,0,0,1
296.3643718282635,6,4,177.37795579499183,0,0,1
6.720959348940872,12,8,29.198395355013538,0,0,1
130.81429681679046,22,3,23.345393052913156,0,0,1
2.276141416943498,3,5,12.005336251366716,0,0,1
59.361578701023376,6,0,22.479642167803654,1,0,1
104.74077979914793,12,6,39.61876254247438,0,0,1
52.03953077789556,23,6,32.935962231166585,0,0,1
29.067457241461543,16,0,78.47402086264539,0,0,1
337.6475102731325,21,6,11.432832506589344,0,0,1
64.01626731526842,9,0,58.142929198173775,0,0,1
201.7950047367915,6,9,15.012876220074869,0,0,1
171.27165386597838,0,9,106.16524512537701,0,0,1
160.87144539299004,0,5,31.10990651742529,1,0,1
133.3490303883392,20,6,52.53986846111053,0,0,1
38.73729908946474,22,0,1.7549264752632747,0,0,1
126.62847438313909,18,2,47.130090173043165,0,0,1
104.47185341382146,9,3,52.93103635708282,0,0,1
17.537807086470178,12,3,15.277085575097377,0,0,1
0.909539960722861,2,7,9.883518851967569,1,1,1
49.94689052671303,21,4,92.55255299444528,0,0,1
64.01626731526842,9,0,58.142929198173775,0,0,1
0.909539960722861,2,7,9.883518851967569,1,1,1
5.136121995053866,1,8,77.72357861622875,0,0,1
6.474080465882678,17,9,161.65216256153516,0,0,1
3.2095746736032114,4,6,21.860923497442787,0,0,1
38.04829531389874,0,5,175.87533526373696,0,0,1
108.9162387290241,11,6,4.268031805059065,0,0,1
29.044573699054165,2,4,33.05236990889673,0,0,1
69.94394526077897,2,3,8.486359845437324,0,0,1
109.0062525147099,17,9,13.055022757160526,0,0,1
90.8131583702163,20,3,9.284065335978271,0,0,1
53.58816716561955,0,7,193.71183879334387,0,0,1
36.787432595670374,9,7,17.609865246165043,0,1,1
22.37996748916361,5,7,43.76893266378124,0,0,1
53.33140363376775,15,4,38.34052084947605,0,0,1
312.46376651979347,8,3,28.742877573710306,0,0,1
6.720959348940872,12,8,29.198395355013538,0,0,1
20.61841490643128,16,5,70.0193676401906,0,0,1
21.846167430754427,16,6,16.129986777661173,0,0,1
2.6968776316331806,22,1,110.52651187105394,0,0,1
20.61841490643128,16,5,70.0193676401906,0,0,1
295.04946419583877,11,7,27.06081806008065,0,0,1
340.3226264506965,5,5,63.58164509541857,0,0,1
62.305859880409876,11,9,42.35225729764671,0,0,1
39.860765678899796,23,2,41.15391763330044,0,0,1
158.52834081430325,11,7,8.87210737174755,0,0,1
417.69315472305345,14,8,19.782104815885322,0,0,1
243.278001496574,16,6,24.07276706071405,0,0,1
98.57289822107595,18,0,11.135308068286568,1,0,1
126.8474411846264,1,9,48.81637418511437,0,0,1
15.344186123358494,10,7,5.553040927836629,0,0,1
27.662202201299042,7,4,34.54578915472505,0,0,1
231.90318981262067,3,9,21.84056203846677,0,0,1
157.4333443217474,21,5,60.70224840729944,0,0,1
38.04829531389874,0,5,175.87533526373696,0,0,1
243.278001496574,16,6,24.07276706071405,0,0,1
7.314681316131341,4,8,16.90125239766193,0,0,1
354.80715158700065,2,7,116.27550646294964,0,0,1
29.044573699054165,2,4,33.05236990889673,0,0,1
36.562811166817646,15,8,30.54868057370856,0,0,1
16.83497609067831,3,4,17.19370528815662,0,0,1
162.7305474991052,5,8,22.060525338496248,0,0,1
166.14687984884705,22,7,91.85743214090954,0,1,1
62.305859880409876,11,9,42.35225729764671,0,0,1
15.895201566782516,12,3,194.89984263578597,0,0,1
105.88997460922201,16,9,49.8988123155336,1,0,1
22.315470276732146,23,7,27.77063921442287,0,0,1
9.988280887183773,12,1,14.137935080198885,0,0,1
53.58816716561955,0,7,193.71183879334387,0,0,1
22.315470276732146,23,7,27.77063921442287,0,0,1
5.369235116351659,2,1,89.29250630209306,0,0,1
62.305859880409876,11,9,42.35225729764671,0,0,1
203.18329093679114,14,0,5.4912170224102335,0,0,1
125.20674728720263,14,9,11.35805512257363,1,0,1
186.350049185203,20,8,98.07815955179719,0,0,1
70.46982345650964,14,1,19.815190625218076,0,0,1
201.7950047367915,6,9,15.012876220074869,0,0,1
9.147602822482632,20,5,143.6409779987174,0,0,1
22.478503258578506,5,6,25.112107673285024,0,1,1
59.74455297927822,22,2,5.164055987644153,0,0,1
202.53829191556267,23,6,13.248169642927952,0,0,1
15.895201566782516,12,3,194.89984263578597,0,0,1
110.12890836523806,20,1,13.528984514017731,0,0,1
36.28476586043416,15,3,110.56038406384316,0,0,1
8.86538677778067,16,4,7.7461960099927785,0,0,1
38.81213685465557,19,1,26.504055206552724,0,0,1
69.52441332180219,0,7,9.329000889381454,0,0,1
52.03953077789556,23,6,32.935962231166585,0,0,1
111.32543847202942,9,8,2.5869896164030437,0,0,1
166.14687984884705,22,7,91.85743214090954,0,1,1
173.1514053654731,21,4,74.38471880202704,0,0,1
180.1547870008433,14,4,7.599879100922198,0,0,1
3.723434185767217,17,5,5.8768014907265425,0,0,1
55.42650325196402,3,8,90.1964750809194,0,0,1
312.46376651979347,8,3,28.742877573710306,0,0,1
123.15909951213125,21,3,30.564262674952264,1,0,1
8.170455545483112,15,7,62.38069488239917,0,0,1
62.412939878869224,4,3,52.866598100308536,0,0,1
238.33748858765222,8,4,4.705586618471598,0,0,1
424.40369826152596,22,5,16.512730645106213,0,0,1
62.412939878869224,4,3,52.866598100308536,0,0,1
2.960459192117248,22,2,51.72460629993388,0,0,1
340.3226264506965,5,5,63.58164509541857,0,0,1
312.3112539233472,23,7,50.546342847293744,0,0,1
312.46376651979347,8,3,28.742877573710306,0,0,1
40.450084270052386,20,0,95.02240871157768,1,0,1
52.95216724374391,2,3,5.313898822800285,0,0,1
43.900081917116495,0,3,30.90807939371187,0,0,1
417.69315472305345,14,8,19.782104815885322,0,0,1
58.20966897077567,15,2,2.9912846372219137,0,0,1
439.99779791123024,6,1,21.41526179740357,0,0,1
29.605694249926774,0,7,54.651287626433806,0,0,1
31.603107893455572,7,0,76.56776118900214,0,0,1
3.4373198347193927,9,0,33.87518464210393,0,0,1
117.90725753198146,0,9,112.71084031749447,0,0,1
17.23152941098696,18,4,24.12334355868058,0,0,1
46.548110941267964,11,1,5.039088191749021,0,0,1
64.69045124116816,11,7,37.05794681869068,0,1,1
9.296352899619693,15,4,19.035260244943508,0,0,1
57.56509916369589,20,0,3.0083315455548894,0,0,1
130.33175780816856,23,0,81.97949830048015,0,0,1
58.564515422876184,13,4,122.1499019224478,1,0,1
75.94725215107503,2,2,96.15674217510005,0,0,1
17.607830972219595,5,2,2.0772988863842015,0,0,1
204.6033461015753,18,3,31.88149337933749,0,0,1
12.998251116649588,1,4,42.93862292943485,0,0,1
25.59115459033342,1,5,15.166679517164042,0,0,1
146.66583261701916,21,6,36.86064363449983,0,0,1
153.0171671923533,11,7,152.11546728486834,0,0,1
153.0171671923533,11,7,152.11546728486834,0,0,1
82.43603206028806,22,8,104.3820864918417,0,0,1
102.48442087373908,8,2,27.67942806544158,0,0,1
78.8398852541655,3,7,19.56151373490235,0,0,1
29.067457241461543,16,0,78.47402086264539,0,0,1
97.59675556567069,15,9,1.3343895713138445,0,0,1
225.15307037607616,10,2,31.689396378004016,0,0,1
44.53872370520718,6,4,11.424365320175406,0,0,1
56.15460355367736,6,1,2.8902575046953327,0,0,1
44.53872370520718,6,4,11.424365320175406,0,0,1
59.29985914247256,8,5,28.030353162912096,0,0,1
18.255382580481637,6,0,74.55072477507692,0,0,1
67.63180399553154,15,5,61.30764959089332,0,0,1
28.7645927596787,7,3,30.408062093304896,0,0,1
43.900081917116495,0,3,30.90807939371187,0,0,1
54.425714269355005,5,8,39.63701218118999,0,0,1
45.48415324234035,21,9,13.757177302436402,0,0,1
102.96887677502349,4,7,44.29138601036244,0,1,1
108.38774297986396,6,8,101.31439896464151,0,0,1
31.969116255840703,4,9,0.5632160150714738,0,0,1
295.04946419583877,11,7,27.06081806008065,0,0,1
16.83497609067831,3,4,17.19370528815662,0,0,1
108.9162387290241,11,6,4.268031805059065,0,0,1
68.56925413210558,5,4,13.540082908604326,1,0,1
202.53829191556267,23,6,13.248169642927952,0,0,1
9.922650699345185,10,0,26.333716765914883,0,0,1
69.94394526077897,2,3,8.486359845437324,0,0,1
123.72011801262866,1,1,56.85756721715474,0,0,1
37.40595335387715,23,6,14.32366379748467,0,0,1
105.23320404102641,17,4,16.125892513935405,0,0,1
99.30575734759223,19,9,60.12707975729696,0,1,1
30.252302491911642,6,5,15.913460006143504,0,0,1
5.491521657386787,8,0,132.22501027214537,0,0,1
31.969116255840703,4,9,0.5632160150714738,0,0,1
43.918633746988384,22,0,19.568478523206764,0,0,1
53.58816716561955,0,7,193.71183879334387,0,0,1
41.37344285219658,22,3,21.285205372776765,0,0,1
78.58269643247577,2,0,142.6880920648922,1,0,1
203.18329093679114,14,0,5.4912170224102335,0,0,1
64.69045124116816,11,7,37.05794681869068,0,1,1
373.02775845358445,6,4,0.9451853579518589,0,0,1
3.4373198347193927,9,0,33.87518464210393,0,0,1
30.418323325927005,7,4,35.58109340480333,0,0,1
2.2827151427937546,4,8,12.603249148574033,0,0,1
27.64206896617385,0,4,47.78003340342137,0,0,1
271.32472745175227,21,4,243.17541105901563,0,0,1
253.6383301814264,19,9,94.61850821010707,0,0,1
146.96479404457352,20,9,12.100549499284654,0,1,1
24.90867335410724,23,0,17.360793805487482,0,0,1
30.50646073151543,3,5,53.434101830940484,0,0,1
119.09903146114227,5,2,42.07570687795267,1,0,1
88.69412861449368,4,9,90.08662304274728,0,0,1
24.90867335410724,23,0,17.360793805487482,0,0,1
66.79968270904791,18,4,47.09876946922254,1,0,1
32.18460196170109,6,6,5.0153298360278615,0,0,1
45.48415324234035,21,9,13.757177302436402,0,0,1
186.350049185203,20,8,98.07815955179719,0,0,1
173.1514053654731,21,4,74.38471880202704,0,0,1
126.8474411846264,1,9,48.81637418511437,0,0,1
95.23939916983089,18,7,12.951366069445115,0,0,1
16.83497609067831,3,4,17.19370528815662,0,0,1
12.629338260806694,21,4,192.49265433535533,0,0,1
16.310203838164476,19,3,16.90541155206449,0,0,1
108.38774297986396,6,8,101.31439896464151,0,0,1
53.58816716561955,0,7,193.71183879334387,0,0,1
44.53872370520718,6,4,11.424365320175406,0,0,1
295.04946419583877,11,7,27.06081806008065,0,0,1
30.252302491911642,6,5,15.913460006143504,0,0,1
105.88997460922201,16,9,49.8988123155336,1,0,1
5.829199921078438,20,8,16.137844927876014,0,0,1
16.16363423177122,11,8,88.3553376031359,0,0,1
28.230684939514095,3,6,54.90513206366566,1,0,1
5.279527809977468,0,7,57.966087619565855,0,0,1
27.427121830813526,19,1,32.76218753481015,1,0,1
25.59115459033342,1,5,15.166679517164042,0,0,1
126.62847438313909,18,2,47.130090173043165,0,0,1
139.47876580584736,19,7,16.02604882792193,0,0,1
55.768407917843135,11,0,40.72693314910434,0,0,1
54.24799494631557,1,9,0.163814325068087,0,0,1
56.15460355367736,6,1,2.8902575046953327,0,0,1
29.044573699054165,2,4,33.05236990889673,0,0,1
142.04870159931824,1,7,48.23337692801359,0,0,1
67.63180399553154,15,5,61.30764959089332,0,0,1
133.3490303883392,20,6,52.53986846111053,0,0,1
8.719399369795726,13,3,0.16611084305614982,0,0,1
133.3490303883392,20,6,52.53986846111053,0,0,1
86.0431332045955,19,5,109.85978174066868,0,0,1
15.311853406083515,5,3,17.724084454466578,1,0,1
130.7513601315038,9,7,53.672783262559555,0,0,1
260.9977449209915,9,7,39.95697005943845,1,0,1
38.41571882948685,17,9,13.597367581685848,0,0,1
57.02146898831339,18,0,13.263746435734644,0,0,1
17.23152941098696,18,4,24.12334355868058,0,0,1
162.7305474991052,5,8,22.060525338496248,0,0,1
76.22542630659325,7,2,38.788162882964606,0,0,1
312.46376651979347,8,3,28.742877573710306,0,0,1
123.15909951213125,21,3,30.564262674952264,1,0,1
223.18630208218275,5,3,6.73592088121774,0,0,1
14.661255122827866,9,3,81.14562811649765,0,0,1
146.66583261701916,21,6,36.86064363449983,0,0,1
15.092058664226416,18,5,184.0609778092511,0,0,1
119.09903146114227,5,2,42.07570687795267,1,0,1
30.418323325927005,7,4,35.58109340480333,0,0,1
70.46982345650964,14,1,19.815190625218076,0,0,1
139.47876580584736,19,7,16.02604882792193,0,0,1
15.854396621277056,11,3,235.1822909526317,0,0,1
9.822978531124464,21,0,29.744815523454527,0,0,1
130.48178060225274,7,5,23.00558301625234,0,0,1
90.98844027249767,23,0,39.797388261138686,0,0,1
10.665648797073594,21,2,85.8910044663252,1,0,1
538.6386668497049,4,4,8.902415376242699,0,0,1
1.9227070420597503,12,6,25.69548721435871,1,0,1
83.47531994414878,11,8,66.50578222706646,0,0,1
23.6125650647291,3,6,14.002555766381548,0,0,1
76.29805773424295,19,2,14.128919921172217,0,0,1
203.18329093679114,14,0,5.4912170224102335,0,0,1
178.1258354898527,13,9,32.4277718689277,0,0,1
70.46982345650964,14,1,19.815190625218076,0,0,1
2.0326921004244554,9,5,0.6659690613441591,0,0,1
171.14608427343396,7,2,55.34410071430882,0,0,1
186.350049185203,20,8,98.07815955179719,0,0,1
62.412939878869224,4,3,52.866598100308536,0,0,1
20.103710397885287,16,8,44.848943112779864,0,0,1
7.7432450996429845,17,5,19.062598310789326,0,0,1
63.631778423913055,5,5,121.96250833720867,0,0,1
131.78530934609608,13,1,29.434637969770773,0,0,1
108.42337269652312,16,0,208.28606659145765,0,0,1
29.067457241461543,16,0,78.47402086264539,0,0,1
246.35098846338414,2,3,102.47334021733414,0,0,1
52.40700059673562,8,4,25.024125044809537,0,0,1
23.6125650647291,3,6,14.002555766381548,0,0,1
108.42337269652312,16,0,208.28606659145765,0,0,1
3.723434185767217,17,5,5.8768014907265425,0,0,1
82.40667280277229,23,1,34.04924265911898,0,0,1
172.65514506301994,17,2,2.0613637751341005,0,0,1
200.788200396462,2,1,37.18478398632975,0,0,1
47.21047421663407,20,0,41.049500475642255,0,0,1
16.83497609067831,3,4,17.19370528815662,0,0,1
72.12472435450759,4,2,23.4891106601453,0,0,1
38.41571882948685,17,9,13.597367581685848,0,0,1
99.30575734759223,19,9,60.12707975729696,0,1,1
3.970799371386665,23,9,73.52450008743064,0,1,1
15.854396621277056,11,3,235.1822909526317,0,0,1
139.47876580584736,19,7,16.02604882792193,0,0,1
30.418323325927005,7,4,35.58109340480333,0,0,1
58.20966897077567,15,2,2.9912846372219137,0,0,1
17.78149123609272,8,1,44.58080881423314,1,0,1
36.02044760747379,23,1,22.757677668201467,1,0,1
15.175698737108501,15,6,51.748183747845246,0,0,1
29.044573699054165,2,4,33.05236990889673,0,0,1
90.8131583702163,20,3,9.284065335978271,0,0,1
19.49856366812427,22,9,182.60640518403096,0,0,1
29.235129399663172,16,6,1.0822483439467454,0,0,1
2.920502143209468,7,8,19.549491693078146,0,0,1
49.31422569251884,13,6,4.895097662460259,0,0,1
71.83184380046364,5,9,12.168433986195797,0,0,1
5.040792183650127,23,2,16.557093276121243,0,0,1
29.947454226575402,3,2,32.27109231080576,0,0,1
29.947454226575402,3,2,32.27109231080576,0,0,1
184.8548945368862,11,4,56.98892667189076,0,0,1
242.56218872119706,20,7,17.693719229645357,0,0,1
246.35098846338414,2,3,102.47334021733414,0,0,1
20.691014942823468,19,0,14.916706069510832,0,0,1
373.02775845358445,6,4,0.9451853579518589,0,0,1
184.4077141321478,1,1,116.14923766361474,0,0,1
44.28527961865563,11,4,126.6381048702748,0,0,1
137.14250368917845,8,3,1.1245491205495792,0,0,1
2.3711872924350015,4,7,110.6105287369864,0,0,1
110.62988444669864,22,5,55.09817975591079,0,0,1
17.36332712183605,21,1,152.36697106267272,0,0,1
36.58821279147374,21,7,5.971210506329347,0,0,1
72.53850879884061,21,1,1.6902670386502845,0,0,1
295.04946419583877,11,7,27.06081806008065,0,0,1
85.32576598372877,19,9,9.468822453719547,0,0,1
36.44385724094443,5,4,11.98276058945257,0,0,1
9.296352899619693,15,4,19.035260244943508,0,0,1
39.860765678899796,23,2,41.15391763330044,0,0,1
29.605694249926774,0,7,54.651287626433806,0,0,1
165.10782053369465,19,7,109.19781060393392,0,0,1
101.4580136639517,12,6,36.11357645825737,0,0,1
160.87144539299004,0,5,31.10990651742529,1,0,1
300.1332397244468,8,8,4.283054084663725,1,1,1
40.450084270052386,20,0,95.02240871157768,1,0,1
27.46363340482561,22,4,2.424691816423996,0,0,1
117.96898763803539,16,4,13.627886140722412,0,0,1
130.7513601315038,9,7,53.672783262559555,0,0,1
90.92041659771152,16,7,0.5112962536960337,0,0,1
201.30785624263493,6,6,51.5315207055267,0,0,1
69.35431299831438,22,9,56.19703879064441,1,0,1
27.693183488830137,2,9,82.92618763549594,0,0,1
130.33175780816856,23,0,81.97949830048015,0,0,1
126.4700490305277,6,5,45.74630483563026,0,0,1
56.26742092155651,23,8,91.40563627302856,0,0,1
340.3226264506965,5,5,63.58164509541857,0,0,1
64.69045124116816,11,7,37.05794681869068,0,1,1
126.8474411846264,1,9,48.81637418511437,0,0,1
152.01542911231599,22,5,61.76793548477574,0,0,1
53.33140363376775,15,4,38.34052084947605,0,0,1
75.90961826383537,14,2,153.62979874424732,0,0,1
4.015750682000012,7,5,4.746778541553791,0,0,1
101.96057941803029,19,4,4.860604814858531,0,1,1
24.021704555933255,23,8,3.8382288633517407,0,0,1
66.79968270904791,18,4,47.09876946922254,1,0,1
173.1514053654731,21,4,74.38471880202704,0,0,1
109.9723477185524,7,3,24.963652150728503,0,0,1
12.998251116649588,1,4,42.93862292943485,0,0,1
9.147602822482632,20,5,143.6409779987174,0,0,1
9.147602822482632,20,5,143.6409779987174,0,0,1
225.15307037607616,10,2,31.689396378004016,0,0,1
195.97883103082512,0,2,2.240969791578799,0,0,1
34.75620842670952,20,9,24.568399501530134,1,0,1
15.092058664226416,18,5,184.0609778092511,0,0,1
0.9876161699253505,7,8,18.482480898162706,0,1,1
78.8398852541655,3,7,19.56151373490235,0,0,1
71.27850914938828,8,9,178.105644021577,1,0,1
37.810457768796724,9,2,25.419138158091346,0,0,1
30.252302491911642,6,5,15.913460006143504,0,0,1
31.603107893455572,7,0,76.56776118900214,0,0,1
125.29062038255496,11,3,2.6808369218310233,1,0,1
75.90961826383537,14,2,153.62979874424732,0,0,1
346.78081469049494,21,4,49.94025281979742,0,0,1
36.28476586043416,15,3,110.56038406384316,0,0,1
18.255382580481637,6,0,74.55072477507692,0,0,1
135.79848888102285,1,8,214.02085544927704,0,0,1
97.00306153489309,3,2,76.29218907128815,0,0,1
30.881795635781096,18,8,132.86772408639308,0,0,1
45.42781969054579,21,9,72.58094734078766,0,0,1
24.17341978858234,18,1,7.088503346634613,0,0,1
24.90867335410724,23,0,17.360793805487482,0,0,1
27.89161829949456,23,6,50.516393786296774,0,0,1
9.147602822482632,20,5,143.6409779987174,0,0,1
200.788200396462,2,1,37.18478398632975,0,0,1
680.5751219889282,21,0,12.556303011845188,1,0,1
15.311853406083515,5,3,17.724084454466578,1,0,1
2.2827151427937546,4,8,12.603249148574033,0,0,1
53.58816716561955,0,7,193.71183879334387,0,0,1
16.83497609067831,3,4,17.19370528815662,0,0,1
90.05669785734462,6,1,55.57849901670052,0,0,1
9.288590786036757,17,2,20.335123104282545,0,0,1
28.350019881455186,23,6,69.12281784719994,0,0,1
27.693183488830137,2,9,82.92618763549594,0,0,1
74.03759563460443,21,4,21.455845630550183,0,0,1
61.679567819699386,5,5,15.914869521472768,0,0,1
54.24799494631557,1,9,0.163814325068087,0,0,1
1.5112115351447397,23,4,54.02382996180876,0,1,1
10.883751880671802,1,1,11.66507283460381,0,0,1
64.69045124116816,11,7,37.05794681869068,0,1,1
86.0431332045955,19,5,109.85978174066868,0,0,1
64.69045124116816,11,7,37.05794681869068,0,1,1
92.36751206847723,21,9,32.53045119772402,0,0,1
9.988280887183773,12,1,14.137935080198885,0,0,1
351.0461721282546,11,9,116.60730496916878,0,0,1
85.32576598372877,19,9,9.468822453719547,0,0,1
7.314681316131341,4,8,16.90125239766193,0,0,1
63.91928577607432,17,2,69.40096216047533,0,0,1
8.170455545483112,15,7,62.38069488239917,0,0,1
54.024547865953565,23,1,63.681676067027105,1,0,1
1.3959112564237626,11,2,8.128285605537146,0,0,1
130.48178060225274,7,5,23.00558301625234,0,0,1
295.04946419583877,11,7,27.06081806008065,0,0,1
105.23320404102641,17,4,16.125892513935405,0,0,1
135.43939412806242,0,5,90.92136883560278,0,1,1
66.01613947623754,5,4,46.0280273105047,0,1,1
312.3112539233472,23,7,50.546342847293744,0,0,1
81.7360407561493,22,1,12.40304796253427,0,0,1
175.98245865414893,10,2,34.378438709357454,0,0,1
15.534023502232127,5,9,245.48617901450157,0,0,1
24.021704555933255,23,8,3.8382288633517407,0,0,1
20.61841490643128,16,5,70.0193676401906,0,0,1
4.015750682000012,7,5,4.746778541553791,0,0,1
14.661255122827866,9,3,81.14562811649765,0,0,1
24.90867335410724,23,0,17.360793805487482,0,0,1
29.605694249926774,0,7,54.651287626433806,0,0,1
29.044573699054165,2,4,33.05236990889673,0,0,1
131.62935503107585,1,4,7.737477804786633,0,0,1
1.8561887410766007,18,9,35.69885771934009,0,0,1
15.344186123358494,10,7,5.553040927836629,0,0,1
29.605694249926774,0,7,54.651287626433806,0,0,1
2.245300569573935,18,8,5.429270726064513,0,0,1
261.9734692704209,2,8,13.061322488136074,1,0,1
292.0911709264685,21,2,20.005455775504004,0,0,1
73.79028642493967,15,5,8.192885193599125,0,0,1
30.881795635781096,18,8,132.86772408639308,0,0,1
219.93782101996536,2,9,24.66247992528514,0,0,1
85.68456724540113,14,9,24.441976045653327,0,0,1
36.88462597889831,17,1,4.938231155170579,0,0,1
3.9572207838343934,5,9,32.513903918786504,0,0,1
263.98855421040753,3,9,87.42629136603884,0,0,1
97.63011917123741,15,1,65.88681194104558,0,0,1
108.38774297986396,6,8,101.31439896464151,0,0,1
163.42777671764387,8,8,20.612449766892418,0,0,1
172.51858538085813,15,5,41.15226229400994,0,0,1
87.55537772028686,16,3,131.84747529261867,0,0,1
142.04870159931824,1,7,48.23337692801359,0,0,1
1.4651476265668781,13,6,2.5306785462349444,0,0,1
16.400743025106447,21,5,54.170914968980796,0,0,1
211.67850510798343,17,3,53.470203262213126,0,0,1
4.487298911432926,8,8,29.007067935383095,0,0,1
158.52834081430325,11,7,8.87210737174755,0,0,1
22.478503258578506,5,6,25.112107673285024,0,1,1
37.40595335387715,23,6,14.32366379748467,0,0,1
44.28527961865563,11,4,126.6381048702748,0,0,1
72.53850879884061,21,1,1.6902670386502845,0,0,1
134.14702971609447,15,6,9.200537972952102,0,0,1
0.6901724421494768,17,6,45.84031528872305,0,0,1
27.693113030920475,13,8,18.029056298044804,0,0,1
176.54098841221574,13,6,17.942465585956217,0,0,1
76.22542630659325,7,2,38.788162882964606,0,0,1
14.10628908770694,6,8,24.969036020069872,0,0,1
29.947454226575402,3,2,32.27109231080576,0,0,1
97.63011917123741,15,1,65.88681194104558,0,0,1
131.78530934609608,13,1,29.434637969770773,0,0,1
3.3997969868477944,3,8,206.4407024606287,0,0,1
101.10887957798545,10,3,109.75078234336313,1,0,1
16.83497609067831,3,4,17.19370528815662,0,0,1
1.3959112564237626,11,2,8.128285605537146,0,0,1
20.691014942823468,19,0,14.916706069510832,0,0,1
134.14702971609447,15,6,9.200537972952102,0,0,1
44.06852222652278,1,9,74.56416670821966,0,0,1
71.83184380046364,5,9,12.168433986195797,0,0,1
135.79848888102285,1,8,214.02085544927704,0,0,1
15.092058664226416,18,5,184.0609778092511,0,0,1
53.58816716561955,0,7,193.71183879334387,0,0,1
139.59780297071188,18,2,19.917240521131358,0,0,1
351.0461721282546,11,9,116.60730496916878,0,0,1
28.7645927596787,7,3,30.408062093304896,0,0,1
43.918633746988384,22,0,19.568478523206764,0,0,1
159.85097044557224,13,2,1.3803452063470847,0,0,1
22.37996748916361,5,7,43.76893266378124,0,0,1
162.7305474991052,5,8,22.060525338496248,0,0,1
27.427121830813526,19,1,32.76218753481015,1,0,1
146.96479404457352,20,9,12.100549499284654,0,1,1
17.23152941098696,18,4,24.12334355868058,0,0,1
59.29985914247256,8,5,28.030353162912096,0,0,1
105.23320404102641,17,4,16.125892513935405,0,0,1
97.10918138763648,5,9,11.48665716766481,0,0,1
68.70925129207896,19,0,22.614732769591626,0,0,1
30.418323325927005,7,4,35.58109340480333,0,0,1
198.0810706735358,10,2,10.941605169866856,0,0,1
201.7950047367915,6,9,15.012876220074869,0,0,1
13.561816562204484,11,9,84.88505925554465,1,0,1
5.136121995053866,1,8,77.72357861622875,0,0,1
69.94394526077897,2,3,8.486359845437324,0,0,1
92.11109078171103,17,4,34.839702702365756,0,0,1
2.960459192117248,22,2,51.72460629993388,0,0,1
157.0029786395229,8,1,42.509048358152,0,0,1
27.339934203463027,0,6,35.66666050248854,0,0,1
8.86538677778067,16,4,7.7461960099927785,0,0,1
271.62086538759945,9,8,3.8804007496247026,0,0,1
12.998251116649588,1,4,42.93862292943485,0,0,1
241.7168729910249,7,7,239.9113550819812,1,0,1
36.58821279147374,21,7,5.971210506329347,0,0,1
368.0639977890095,18,4,110.66002693803014,0,0,1
467.16024641845877,18,4,27.365531245719282,0,0,1
19.49856366812427,22,9,182.60640518403096,0,0,1
29.067457241461543,16,0,78.47402086264539,0,0,1
0.6901724421494768,17,6,45.84031528872305,0,0,1
7.448198725566497,2,2,25.170525528380104,1,0,1
44.28527961865563,11,4,126.6381048702748,0,0,1
354.80715158700065,2,7,116.27550646294964,0,0,1
7.448198725566497,2,2,25.170525528380104,1,0,1
8.86538677778067,16,4,7.7461960099927785,0,0,1
6.960802571127356,6,6,2.237583313096323,1,0,1
4.4118998618501895,1,1,13.010782124673275,0,0,1
55.768407917843135,11,0,40.72693314910434,0,0,1
130.55665773552832,16,1,3.730538646854565,0,0,1
36.39868779777241,9,9,24.65422145636541,0,0,1
78.58269643247577,2,0,142.6880920648922,1,0,1
93.90454454748762,10,4,93.29159406187783,0,0,1
243.278001496574,16,6,24.07276706071405,0,0,1
75.90961826383537,14,2,153.62979874424732,0,0,1
97.59675556567069,15,9,1.3343895713138445,0,0,1
53.58816716561955,0,7,193.71183879334387,0,0,1
14.038193897663728,9,9,94.07306075433968,1,0,1
184.4077141321478,1,1,116.14923766361474,0,0,1
146.2834518066683,22,6,124.05652563442243,0,0,1
153.0171671923533,11,7,152.11546728486834,0,0,1
12.629338260806694,21,4,192.49265433535533,0,0,1
154.33927818755862,7,0,1.7768831551904174,0,0,1
104.47185341382146,9,3,52.93103635708282,0,0,1
8.86538677778067,16,4,7.7461960099927785,0,0,1
78.8398852541655,3,7,19.56151373490235,0,0,1
27.693183488830137,2,9,82.92618763549594,0,0,1
97.54214576995756,21,7,21.374595419431135,0,0,1
71.04371771341901,22,0,55.40927460058553,1,0,1
56.15460355367736,6,1,2.8902575046953327,0,0,1
69.94394526077897,2,3,8.486359845437324,0,0,1
97.63011917123741,15,1,65.88681194104558,0,0,1
49.94689052671303,21,4,92.55255299444528,0,0,1
37.40595335387715,23,6,14.32366379748467,0,0,1
38.04829531389874,0,5,175.87533526373696,0,0,1
0.6901724421494768,17,6,45.84031528872305,0,0,1
156.40973333379875,16,6,52.811839062516256,0,0,1
3.3997969868477944,3,8,206.4407024606287,0,0,1
2.2827151427937546,4,8,12.603249148574033,0,0,1
55.42650325196402,3,8,90.1964750809194,0,0,1
4.4118998618501895,1,1,13.010782124673275,0,0,1
99.49206573550218,5,1,58.69100813132518,0,0,1
0.909539960722861,2,7,9.883518851967569,1,1,1
126.62847438313909,18,2,47.130090173043165,0,0,1
59.963225243482775,16,7,13.56429692685589,0,0,1
209.9399761780521,12,4,32.01928815502401,0,0,1
12.629338260806694,21,4,192.49265433535533,0,0,1
123.15909951213125,21,3,30.564262674952264,1,0,1
59.963225243482775,16,7,13.56429692685589,0,0,1
201.60648378543686,1,0,1.641193721678437,0,0,1
23.800106695362913,18,0,26.36678996843194,0,0,1
17.78149123609272,8,1,44.58080881423314,1,0,1
19.49856366812427,22,9,182.60640518403096,0,0,1
130.81429681679046,22,3,23.345393052913156,0,0,1
72.12472435450759,4,2,23.4891106601453,0,0,1
172.65514506301994,17,2,2.0613637751341005,0,0,1
38.0025611056787,0,5,2.9625594551208274,0,0,1
1.4651476265668781,13,6,2.5306785462349444,0,0,1
30.418323325927005,7,4,35.58109340480333,0,0,1
130.7877525483067,21,8,11.075629952719003,0,0,1
105.88997460922201,16,9,49.8988123155336,1,0,1
58.20966897077567,15,2,2.9912846372219137,0,0,1
108.9527839812185,4,5,92.85477538665799,0,0,1
260.9977449209915,9,7,39.95697005943845,1,0,1
172.51858538085813,15,5,41.15226229400994,0,0,1
52.636164143488465,2,0,39.15405985821817,0,0,1
186.350049185203,20,8,98.07815955179719,0,0,1
36.02044760747379,23,1,22.757677668201467,1,0,1
184.8548945368862,11,4,56.98892667189076,0,0,1
30.252302491911642,6,5,15.913460006143504,0,0,1
15.311853406083515,5,3,17.724084454466578,1,0,1
30.252302491911642,6,5,15.913460006143504,0,0,1
19.896792853683777,4,9,67.00050537001484,0,0,1
38.81213685465557,19,1,26.504055206552724,0,0,1
23.800106695362913,18,0,26.36678996843194,0,0,1
102.96887677502349,4,7,44.29138601036244,0,1,1
15.311853406083515,5,3,17.724084454466578,1,0,1
1.2075645280140084,19,6,103.77330960621956,0,0,1
40.091673087853,19,0,51.39021762867748,0,0,1
1.2075645280140084,19,6,103.77330960621956,0,0,1
121.49665279329646,3,0,104.63752819688388,0,0,1
187.44086668722915,3,2,119.5404162486662,0,0,1
58.089606501413904,7,5,3.309744306666461,0,0,1
163.42777671764387,8,8,20.612449766892418,0,0,1
71.7314124236385,7,5,7.072728815792758,0,0,1
60.57691464212985,8,1,8.02041865969103,0,0,1
178.1258354898527,13,9,32.4277718689277,0,0,1
1.6333058503340645,18,4,40.925292977217126,0,0,1
153.0171671923533,11,7,152.11546728486834,0,0,1
3.970799371386665,23,9,73.52450008743064,0,1,1
19.734781486214786,8,1,34.11532667385372,0,0,1
226.65986286309044,9,4,64.16885948004443,0,0,1
196.78845032231982,9,1,4.488704299180643,0,0,1
90.8131583702163,20,3,9.284065335978271,0,0,1
1.6333058503340645,18,4,40.925292977217126,0,0,1
226.65986286309044,9,4,64.16885948004443,0,0,1
117.96898763803539,16,4,13.627886140722412,0,0,1
18.255382580481637,6,0,74.55072477507692,0,0,1
271.62086538759945,9,8,3.8804007496247026,0,0,1
97.59675556567069,15,9,1.3343895713138445,0,0,1
31.14184672257246,11,5,12.207385591516394,0,0,1
68.70925129207896,19,0,22.614732769591626,0,0,1
12.998251116649588,1,4,42.93862292943485,0,0,1
122.69125744285758,14,2,39.720796165964835,0,0,1
363.0194375144341,21,3,16.795974760707328,0,0,1
373.02775845358445,6,4,0.9451853579518589,0,0,1
1.8561887410766007,18,9,35.69885771934009,0,0,1
55.92315127740618,21,9,6.579760873271215,0,0,1
73.79028642493967,15,5,8.192885193599125,0,0,1
154.3080106811237,14,4,41.954706867452494,0,0,1
15.311853406083515,5,3,17.724084454466578,1,0,1
184.8548945368862,11,4,56.98892667189076,0,0,1
55.42650325196402,3,8,90.1964750809194,0,0,1
163.42777671764387,8,8,20.612449766892418,0,0,1
88.69412861449368,4,9,90.08662304274728,0,0,1
1.6333058503340645,18,4,40.925292977217126,0,0,1
17.36332712183605,21,1,152.36697106267272,0,0,1
75.91437829608314,12,2,48.31941340506077,0,0,1
49.31422569251884,13,6,4.895097662460259,0,0,1
21.748210803096157,14,8,51.35435124634501,1,0,1
59.963225243482775,16,7,13.56429692685589,0,0,1
166.23287934593068,11,9,250.19273467516268,0,0,1
29.827508353350463,5,4,80.47651619729994,0,0,1
351.0461721282546,11,9,116.60730496916878,0,0,1
53.05992863850641,18,6,151.8477595109053,0,0,1
20.103710397885287,16,8,44.848943112779864,0,0,1
180.1547870008433,14,4,7.599879100922198,0,0,1
20.691014942823468,19,0,14.916706069510832,0,0,1
85.68456724540113,14,9,24.441976045653327,0,0,1
24.17341978858234,18,1,7.088503346634613,0,0,1
160.87144539299004,0,5,31.10990651742529,1,0,1
53.58816716561955,0,7,193.71183879334387,0,0,1
5.878110672996271,12,3,46.444199732526116,0,0,1
260.9977449209915,9,7,39.95697005943845,1,0,1
29.947454226575402,3,2,32.27109231080576,0,0,1
108.9527839812185,4,5,92.85477538665799,0,0,1
368.0639977890095,18,4,110.66002693803014,0,0,1
68.70925129207896,19,0,22.614732769591626,0,0,1
153.0171671923533,11,7,152.11546728486834,0,0,1
92.36751206847723,21,9,32.53045119772402,0,0,1
28.7645927596787,7,3,30.408062093304896,0,0,1
16.400743025106447,21,5,54.170914968980796,0,0,1
6.720959348940872,12,8,29.198395355013538,0,0,1
76.22542630659325,7,2,38.788162882964606,0,0,1
478.24257519575656,15,8,2.4584440072756517,1,1,1
58.089606501413904,7,5,3.309744306666461,0,0,1
94.91744805522319,1,4,13.04308586663246,0,0,1
74.0839071582705,4,2,20.66175946995104,0,0,1
161.86093410817165,19,8,93.74823895904424,0,0,1
1.9341328972891516,15,4,46.90460818307017,0,1,1
680.5751219889282,21,0,12.556303011845188,1,0,1
52.03953077789556,23,6,32.935962231166585,0,0,1
14.10628908770694,6,8,24.969036020069872,0,0,1
12.629338260806694,21,4,192.49265433535533,0,0,1
154.33927818755862,7,0,1.7768831551904174,0,0,1
110.12890836523806,20,1,13.528984514017731,0,0,1
128.8582765673542,9,8,79.82000742516172,0,0,1
72.12472435450759,4,2,23.4891106601453,0,0,1
135.79848888102285,1,8,214.02085544927704,0,0,1
110.45595986817835,1,6,59.25661665155136,1,0,1
24.90867335410724,23,0,17.360793805487482,0,0,1
45.42781969054579,21,9,72.58094734078766,0,0,1
47.21047421663407,20,0,41.049500475642255,0,0,1
14.10628908770694,6,8,24.969036020069872,0,0,1
106.9894100615944,19,9,43.181359069670435,0,0,1
45.42781969054579,21,9,72.58094734078766,0,0,1
104.74077979914793,12,6,39.61876254247438,0,0,1
110.62988444669864,22,5,55.09817975591079,0,0,1
29.235129399663172,16,6,1.0822483439467454,0,0,1
36.787432595670374,9,7,17.609865246165043,0,1,1
195.1148140133525,8,5,10.575738781709457,1,1,1
110.62988444669864,22,5,55.09817975591079,0,0,1
27.662202201299042,7,4,34.54578915472505,0,0,1
57.02146898831339,18,0,13.263746435734644,0,0,1
6.960802571127356,6,6,2.237583313096323,1,0,1
38.04829531389874,0,5,175.87533526373696,0,0,1
12.998251116649588,1,4,42.93862292943485,0,0,1
1.9341328972891516,15,4,46.90460818307017,0,1,1
133.1561478267037,19,9,40.76066214538501,0,0,1
106.9894100615944,19,9,43.181359069670435,0,0,1
201.30785624263493,6,6,51.5315207055267,0,0,1
9.97819661049211,18,3,15.612721457696619,0,0,1
368.0639977890095,18,4,110.66002693803014,0,0,1
292.0911709264685,21,2,20.005455775504004,0,0,1
9.296352899619693,15,4,19.035260244943508,0,0,1
71.7314124236385,7,5,7.072728815792758,0,0,1
36.02044760747379,23,1,22.757677668201467,1,0,1
263.98855421040753,3,9,87.42629136603884,0,0,1
154.3080106811237,14,4,41.954706867452494,0,0,1
128.8582765673542,9,8,79.82000742516172,0,0,1
32.18460196170109,6,6,5.0153298360278615,0,0,1
79.99764615179966,20,8,37.54433800831344,1,0,1
71.15421049175391,12,4,26.999163542605366,0,0,1
69.93027324199502,11,2,24.711443891440837,0,0,1
8.719399369795726,13,3,0.16611084305614982,0,0,1
16.16363423177122,11,8,88.3553376031359,0,0,1
43.900081917116495,0,3,30.90807939371187,0,0,1
71.41516813681919,0,6,51.425448523330644,0,0,1
196.78845032231982,9,1,4.488704299180643,0,0,1
108.9162387290241,11,6,4.268031805059065,0,0,1
368.0639977890095,18,4,110.66002693803014,0,0,1
42.66024955171008,17,7,107.58992553589543,0,0,1
90.8131583702163,20,3,9.284065335978271,0,0,1
20.61841490643128,16,5,70.0193676401906,0,0,1
173.1514053654731,21,4,74.38471880202704,0,0,1
125.57048609797414,0,8,86.50474372202484,0,0,1
130.48178060225274,7,5,23.00558301625234,0,0,1
3.970799371386665,23,9,73.52450008743064,0,1,1
51.442606733099105,18,4,7.182053409558,0,0,1
59.361578701023376,6,0,22.479642167803654,1,0,1
52.636164143488465,2,0,39.15405985821817,0,0,1
220.64877354850609,5,0,26.035450136692738,0,0,1
53.58816716561955,0,7,193.71183879334387,0,0,1
166.23287934593068,11,9,250.19273467516268,0,0,1
130.55665773552832,16,1,3.730538646854565,0,0,1
135.40458792968136,6,6,63.75848791377457,0,0,1
2.2827151427937546,4,8,12.603249148574033,0,0,1
139.59780297071188,18,2,19.917240521131358,0,0,1
99.67467068014915,6,9,35.94526700431902,0,0,1
58.089606501413904,7,5,3.309744306666461,0,0,1
49.59909850233758,20,2,16.800113583679813,0,0,1
30.418323325927005,7,4,35.58109340480333,0,0,1
8.719399369795726,13,3,0.16611084305614982,0,0,1
126.62847438313909,18,2,47.130090173043165,0,0,1
20.103710397885287,16,8,44.848943112779864,0,0,1
158.23848901976177,14,2,118.93899447787265,1,0,1
108.42337269652312,16,0,208.28606659145765,0,0,1
50.41826810247863,20,2,147.31680072853374,0,0,1
85.68456724540113,14,9,24.441976045653327,0,0,1
51.442606733099105,18,4,7.182053409558,0,0,1
201.60648378543686,1,0,1.641193721678437,0,0,1
59.963225243482775,16,7,13.56429692685589,0,0,1
75.94725215107503,2,2,96.15674217510005,0,0,1
312.3112539233472,23,7,50.546342847293744,0,0,1
190.70974725278722,23,7,73.70803548315494,1,0,1
139.59780297071188,18,2,19.917240521131358,0,0,1
188.89374551533777,15,0,34.97417598815268,0,1,1
1.2838542227578875,20,5,22.117679122232147,0,0,1
162.7305474991052,5,8,22.060525338496248,0,0,1
60.57691464212985,8,1,8.02041865969103,0,0,1
43.900081917116495,0,3,30.90807939371187,0,0,1
105.88997460922201,16,9,49.8988123155336,1,0,1
16.16363423177122,11,8,88.3553376031359,0,0,1
22.333633395729795,10,0,16.546730375433516,1,0,1
64.01626731526842,9,0,58.142929198173775,0,0,1
170.57321038928245,14,6,3.501080431941519,0,0,1
105.23320404102641,17,4,16.125892513935405,0,0,1
98.57289822107595,18,0,11.135308068286568,1,0,1
110.13963171723069,22,5,4.5060190155917415,0,0,1
72.12472435450759,4,2,23.4891106601453,0,0,1
363.0194375144341,21,3,16.795974760707328,0,0,1
363.0194375144341,21,3,16.795974760707328,0,0,1
44.06852222652278,1,9,74.56416670821966,0,0,1
2.920502143209468,7,8,19.549491693078146,0,0,1
5.040792183650127,23,2,16.557093276121243,0,0,1
3.723434185767217,17,5,5.8768014907265425,0,0,1
90.92041659771152,16,7,0.5112962536960337,0,0,1
27.64206896617385,0,4,47.78003340342137,0,0,1
105.23320404102641,17,4,16.125892513935405,0,0,1
227.65847094790317,20,5,95.59773563842165,0,0,1
38.41571882948685,17,9,13.597367581685848,0,0,1
114.01463466715083,8,9,30.553518452324607,0,0,1
157.02322288658587,2,8,33.46857241480386,0,0,1
58.564515422876184,13,4,122.1499019224478,1,0,1
1.6333058503340645,18,4,40.925292977217126,0,0,1
114.01463466715083,8,9,30.553518452324607,0,0,1
253.6383301814264,19,9,94.61850821010707,0,0,1
42.4077810311421,19,4,165.21939414520153,0,0,1
190.70974725278722,23,7,73.70803548315494,1,0,1
424.40369826152596,22,5,16.512730645106213,0,0,1
45.6277218220847,10,2,39.123228018931286,0,0,1
81.7360407561493,22,1,12.40304796253427,0,0,1
27.427121830813526,19,1,32.76218753481015,1,0,1
154.33927818755862,7,0,1.7768831551904174,0,0,1
22.37996748916361,5,7,43.76893266378124,0,0,1
42.4077810311421,19,4,165.21939414520153,0,0,1
114.01463466715083,8,9,30.553518452324607,0,0,1
27.693113030920475,13,8,18.029056298044804,0,0,1
2.3711872924350015,4,7,110.6105287369864,0,0,1
200.788200396462,2,1,37.18478398632975,0,0,1
61.34547044538154,10,5,117.24357062881636,0,0,1
7.118850626264504,8,5,53.08686896522589,0,0,1
105.23320404102641,17,4,16.125892513935405,0,0,1
38.0025611056787,0,5,2.9625594551208274,0,0,1
171.14608427343396,7,2,55.34410071430882,0,0,1
81.69698563089183,15,7,0.8081126410891086,0,0,1
71.27850914938828,8,9,178.105644021577,1,0,1
35.677078125303815,0,1,10.30511560686879,0,0,1
70.46982345650964,14,1,19.815190625218076,0,0,1
30.083969701011704,2,3,43.31571140157153,0,0,1
373.02775845358445,6,4,0.9451853579518589,0,0,1
46.548110941267964,11,1,5.039088191749021,0,0,1
260.9977449209915,9,7,39.95697005943845,1,0,1
241.7168729910249,7,7,239.9113550819812,1,0,1
23.800106695362913,18,0,26.36678996843194,0,0,1
160.87144539299004,0,5,31.10990651742529,1,0,1
58.50358284000809,8,4,57.13955666457806,0,0,1
9.288590786036757,17,2,20.335123104282545,0,0,1
29.235129399663172,16,6,1.0822483439467454,0,0,1
15.854396621277056,11,3,235.1822909526317,0,0,1
8.86538677778067,16,4,7.7461960099927785,0,0,1
130.55665773552832,16,1,3.730538646854565,0,0,1
22.333633395729795,10,0,16.546730375433516,1,0,1
125.20674728720263,14,9,11.35805512257363,1,0,1
17.78149123609272,8,1,44.58080881423314,1,0,1
31.265816268805423,14,6,49.292883551554624,0,0,1
83.47531994414878,11,8,66.50578222706646,0,0,1
59.361578701023376,6,0,22.479642167803654,1,0,1
2.2827151427937546,4,8,12.603249148574033,0,0,1
139.47876580584736,19,7,16.02604882792193,0,0,1
24.90867335410724,23,0,17.360793805487482,0,0,1
203.18329093679114,14,0,5.4912170224102335,0,0,1
83.47531994414878,11,8,66.50578222706646,0,0,1
102.96887677502349,4,7,44.29138601036244,0,1,1
202.53829191556267,23,6,13.248169642927952,0,0,1
27.662202201299042,7,4,34.54578915472505,0,0,1
159.85097044557224,13,2,1.3803452063470847,0,0,1
354.80715158700065,2,7,116.27550646294964,0,0,1
58.882083017236965,9,4,32.220508105571994,0,0,1
15.120030768442408,20,6,32.74567331184915,0,0,1
139.72203916260642,20,8,14.335984542236385,0,0,1
9.822978531124464,21,0,29.744815523454527,0,0,1
43.595353461673334,20,5,120.32559522287973,0,0,1
66.839180986861,21,2,49.62493262255756,0,0,1
111.32543847202942,9,8,2.5869896164030437,0,0,1
22.37996748916361,5,7,43.76893266378124,0,0,1
36.44385724094443,5,4,11.98276058945257,0,0,1
125.57048609797414,0,8,86.50474372202484,0,0,1
55.42650325196402,3,8,90.1964750809194,0,0,1
36.562811166817646,15,8,30.54868057370856,0,0,1
18.897677461991314,6,7,17.794841356172462,0,0,1
292.0911709264685,21,2,20.005455775504004,0,0,1
146.66583261701916,21,6,36.86064363449983,0,0,1
133.3490303883392,20,6,52.53986846111053,0,0,1
55.768407917843135,11,0,40.72693314910434,0,0,1
296.3643718282635,6,4,177.37795579499183,0,0,1
7.118850626264504,8,5,53.08686896522589,0,0,1
29.044573699054165,2,4,33.05236990889673,0,0,1
54.98151727917913,22,6,51.384023326872565,1,0,1
72.50082520454396,18,4,6.415021171062962,0,0,1
108.46201550855181,10,9,59.829522054279984,0,0,1
43.900081917116495,0,3,30.90807939371187,0,0,1
2.276141416943498,3,5,12.005336251366716,0,0,1
59.963225243482775,16,7,13.56429692685589,0,0,1
174.90717991613752,23,8,2.2289712685383747,0,0,1
82.70338886506579,20,5,22.44674257703255,0,0,1
52.95216724374391,2,3,5.313898822800285,0,0,1
61.679567819699386,5,5,15.914869521472768,0,0,1
5.878110672996271,12,3,46.444199732526116,0,0,1
246.35098846338414,2,3,102.47334021733414,0,0,1
47.21047421663407,20,0,41.049500475642255,0,0,1
40.091673087853,19,0,51.39021762867748,0,0,1
161.86093410817165,19,8,93.74823895904424,0,0,1
126.8474411846264,1,9,48.81637418511437,0,0,1
45.48415324234035,21,9,13.757177302436402,0,0,1
21.302903185996403,1,1,45.88939038061029,1,0,1
176.54098841221574,13,6,17.942465585956217,0,0,1
156.40973333379875,16,6,52.811839062516256,0,0,1
17.23152941098696,18,4,24.12334355868058,0,0,1
226.65986286309044,9,4,64.16885948004443,0,0,1
90.8131583702163,20,3,9.284065335978271,0,0,1
52.636164143488465,2,0,39.15405985821817,0,0,1
7.314681316131341,4,8,16.90125239766193,0,0,1
101.10887957798545,10,3,109.75078234336313,1,0,1
13.278406215222638,6,6,54.02987643434668,0,0,1
133.3490303883392,20,6,52.53986846111053,0,0,1
52.03953077789556,23,6,32.935962231166585,0,0,1
24.17341978858234,18,1,7.088503346634613,0,0,1
157.02322288658587,2,8,33.46857241480386,0,0,1
61.679567819699386,5,5,15.914869521472768,0,0,1
5.491521657386787,8,0,132.22501027214537,0,0,1
17.607830972219595,5,2,2.0772988863842015,0,0,1
38.04829531389874,0,5,175.87533526373696,0,0,1
36.562811166817646,15,8,30.54868057370856,0,0,1
75.91437829608314,12,2,48.31941340506077,0,0,1
55.92315127740618,21,9,6.579760873271215,0,0,1
131.62935503107585,1,4,7.737477804786633,0,0,1
97.00306153489309,3,2,76.29218907128815,0,0,1
71.15421049175391,12,4,26.999163542605366,0,0,1
102.48442087373908,8,2,27.67942806544158,0,0,1
130.7877525483067,21,8,11.075629952719003,0,0,1
71.41516813681919,0,6,51.425448523330644,0,0,1
110.62988444669864,22,5,55.09817975591079,0,0,1
76.22542630659325,7,2,38.788162882964606,0,0,1
246.35098846338414,2,3,102.47334021733414,0,0,1
29.067457241461543,16,0,78.47402086264539,0,0,1
7.7432450996429845,17,5,19.062598310789326,0,0,1
225.15307037607616,10,2,31.689396378004016,0,0,1
198.77512246541207,2,7,32.472176755808576,0,0,1
154.3080106811237,14,4,41.954706867452494,0,0,1
29.067457241461543,16,0,78.47402086264539,0,0,1
153.0171671923533,11,7,152.11546728486834,0,0,1
125.20677895857905,16,5,19.482186740937074,0,0,1
157.02322288658587,2,8,33.46857241480386,0,0,1
17.78149123609272,8,1,44.58080881423314,1,0,1
41.37344285219658,22,3,21.285205372776765,0,0,1
59.60890027945429,8,8,18.896989502350838,0,0,1
9.288590786036757,17,2,20.335123104282545,0,0,1
31.14184672257246,11,5,12.207385591516394,0,0,1
201.7950047367915,6,9,15.012876220074869,0,0,1
16.310203838164476,19,3,16.90541155206449,0,0,1
351.0461721282546,11,9,116.60730496916878,0,0,1
204.63718019452122,15,5,71.09537673840633,0,0,1
114.88748725771671,11,5,96.84144436411253,0,0,1
76.22542630659325,7,2,38.788162882964606,0,0,1
54.425714269355005,5,8,39.63701218118999,0,0,1
172.65514506301994,17,2,2.0613637751341005,0,0,1
204.63718019452122,15,5,71.09537673840633,0,0,1
8.719399369795726,13,3,0.16611084305614982,0,0,1
0.909539960722861,2,7,9.883518851967569,1,1,1
24.021704555933255,23,8,3.8382288633517407,0,0,1
99.49206573550218,5,1,58.69100813132518,0,0,1
153.0171671923533,11,7,152.11546728486834,0,0,1
95.11616399750737,21,6,13.033699526459957,0,0,1
160.97928189017483,5,5,85.80140300607214,0,0,1
36.58821279147374,21,7,5.971210506329347,0,0,1
30.083969701011704,2,3,43.31571140157153,0,0,1
90.98844027249767,23,0,39.797388261138686,0,0,1
22.478503258578506,5,6,25.112107673285024,0,1,1
131.62935503107585,1,4,7.737477804786633,0,0,1
122.69125744285758,14,2,39.720796165964835,0,0,1
62.305859880409876,11,9,42.35225729764671,0,0,1
158.23848901976177,14,2,118.93899447787265,1,0,1
3.9572207838343934,5,9,32.513903918786504,0,0,1
16.16363423177122,11,8,88.3553376031359,0,0,1
158.52834081430325,11,7,8.87210737174755,0,0,1
40.551686662245736,17,3,4.767552216736174,0,0,1
2.960459192117248,22,2,51.72460629993388,0,0,1
130.55665773552832,16,1,3.730538646854565,0,0,1
40.450084270052386,20,0,95.02240871157768,1,0,1
99.30575734759223,19,9,60.12707975729696,0,1,1
55.768407917843135,11,0,40.72693314910434,0,0,1
36.88462597889831,17,1,4.938231155170579,0,0,1
40.091673087853,19,0,51.39021762867748,0,0,1
69.52441332180219,0,7,9.329000889381454,0,0,1
77.26669123908864,22,0,43.61739099778183,0,0,1
31.265816268805423,14,6,49.292883551554624,0,0,1
130.7877525483067,21,8,11.075629952719003,0,0,1
165.10782053369465,19,7,109.19781060393392,0,0,1
6.474080465882678,17,9,161.65216256153516,0,0,1
19.49856366812427,22,9,182.60640518403096,0,0,1
123.15909951213125,21,3,30.564262674952264,1,0,1
63.631778423913055,5,5,121.96250833720867,0,0,1
27.339934203463027,0,6,35.66666050248854,0,0,1
16.310203838164476,19,3,16.90541155206449,0,0,1
39.860765678899796,23,2,41.15391763330044,0,0,1
1.5112115351447397,23,4,54.02382996180876,0,1,1
14.10628908770694,6,8,24.969036020069872,0,0,1
14.10628908770694,6,8,24.969036020069872,0,0,1
31.603107893455572,7,0,76.56776118900214,0,0,1
24.90867335410724,23,0,17.360793805487482,0,0,1
49.94689052671303,21,4,92.55255299444528,0,0,1
195.97883103082512,0,2,2.240969791578799,0,0,1
9.922650699345185,10,0,26.333716765914883,0,0,1
158.23848901976177,14,2,118.93899447787265,1,0,1
38.0025611056787,0,5,2.9625594551208274,0,0,1
40.091673087853,19,0,51.39021762867748,0,0,1
1.9847140688670828,1,8,8.182142007831459,0,0,1
30.50646073151543,3,5,53.434101830940484,0,0,1
59.85339945794067,12,8,16.043688565562707,0,0,1
15.854396621277056,11,3,235.1822909526317,0,0,1
57.56509916369589,20,0,3.0083315455548894,0,0,1
125.57048609797414,0,8,86.50474372202484,0,0,1
50.41826810247863,20,2,147.31680072853374,0,0,1
130.33175780816856,23,0,81.97949830048015,0,0,1
71.41516813681919,0,6,51.425448523330644,0,0,1
93.90454454748762,10,4,93.29159406187783,0,0,1
36.787432595670374,9,7,17.609865246165043,0,1,1
261.89929190405377,16,1,13.301917068014745,0,0,1
28.230684939514095,3,6,54.90513206366566,1,0,1
29.00836992594099,20,2,98.12500162757219,1,0,1
82.70338886506579,20,5,22.44674257703255,0,0,1
1.5112115351447397,23,4,54.02382996180876,0,1,1
32.18460196170109,6,6,5.0153298360278615,0,0,1
30.418323325927005,7,4,35.58109340480333,0,0,1
271.62086538759945,9,8,3.8804007496247026,0,0,1
69.93027324199502,11,2,24.711443891440837,0,0,1
54.98151727917913,22,6,51.384023326872565,1,0,1
198.77512246541207,2,7,32.472176755808576,0,0,1
139.59780297071188,18,2,19.917240521131358,0,0,1
135.43939412806242,0,5,90.92136883560278,0,1,1
78.8398852541655,3,7,19.56151373490235,0,0,1
122.69125744285758,14,2,39.720796165964835,0,0,1
211.67850510798343,17,3,53.470203262213126,0,0,1
15.175698737108501,15,6,51.748183747845246,0,0,1
184.8548945368862,11,4,56.98892667189076,0,0,1
0.9876161699253505,7,8,18.482480898162706,0,1,1
53.33140363376775,15,4,38.34052084947605,0,0,1
6.720959348940872,12,8,29.198395355013538,0,0,1
98.57289822107595,18,0,11.135308068286568,1,0,1
80.89779289437242,1,6,27.807796710670964,0,0,1
354.80715158700065,2,7,116.27550646294964,0,0,1
86.58671471970726,10,5,10.647582756432385,0,0,1
2.960459192117248,22,2,51.72460629993388,0,0,1
22.37996748916361,5,7,43.76893266378124,0,0,1
16.83497609067831,3,4,17.19370528815662,0,0,1
71.27850914938828,8,9,178.105644021577,1,0,1
125.57048609797414,0,8,86.50474372202484,0,0,1
57.56509916369589,20,0,3.0083315455548894,0,0,1
226.65986286309044,9,4,64.16885948004443,0,0,1
27.64206896617385,0,4,47.78003340342137,0,0,1
157.02322288658587,2,8,33.46857241480386,0,0,1
117.88065028200192,7,1,90.90737513383257,0,0,1
3.970799371386665,23,9,73.52450008743064,0,1,1
18.255382580481637,6,0,74.55072477507692,0,0,1
23.8687625248947,3,2,49.915495354243774,0,0,1
18.897677461991314,6,7,17.794841356172462,0,0,1
90.98844027249767,23,0,39.797388261138686,0,0,1
2.0326921004244554,9,5,0.6659690613441591,0,0,1
22.478503258578506,5,6,25.112107673285024,0,1,1
108.38774297986396,6,8,101.31439896464151,0,0,1
3.2095746736032114,4,6,21.860923497442787,0,0,1
71.04371771341901,22,0,55.40927460058553,1,0,1
5.040792183650127,23,2,16.557093276121243,0,0,1
36.44385724094443,5,4,11.98276058945257,0,0,1
121.49665279329646,3,0,104.63752819688388,0,0,1
35.677078125303815,0,1,10.30511560686879,0,0,1
59.361578701023376,6,0,22.479642167803654,1,0,1
108.38774297986396,6,8,101.31439896464151,0,0,1
8.719399369795726,13,3,0.16611084305614982,0,0,1
55.768407917843135,11,0,40.72693314910434,0,0,1
58.089606501413904,7,5,3.309744306666461,0,0,1
105.88997460922201,16,9,49.8988123155336,1,0,1
157.0029786395229,8,1,42.509048358152,0,0,1
351.0461721282546,11,9,116.60730496916878,0,0,1
99.67467068014915,6,9,35.94526700431902,0,0,1
80.92468400058256,6,9,49.84709678707323,0,0,1
166.45314340477654,3,0,12.256985114851783,1,0,1
178.1258354898527,13,9,32.4277718689277,0,0,1
74.03759563460443,21,4,21.455845630550183,0,0,1
17.23152941098696,18,4,24.12334355868058,0,0,1
33.447783150357694,15,7,27.959535512243423,0,0,1
25.59115459033342,1,5,15.166679517164042,0,0,1
52.40700059673562,8,4,25.024125044809537,0,0,1
68.94140444876165,18,8,22.243850415431986,0,0,1
13.278406215222638,6,6,54.02987643434668,0,0,1
115.94048640248865,0,2,86.47686887981676,0,0,1
269.93819649542957,18,4,110.18881019041467,0,0,1
6.474080465882678,17,9,161.65216256153516,0,0,1
1.2075645280140084,19,6,103.77330960621956,0,0,1
43.918633746988384,22,0,19.568478523206764,0,0,1
2.245300569573935,18,8,5.429270726064513,0,0,1
1.9227070420597503,12,6,25.69548721435871,1,0,1
12.371277950994294,3,6,24.8883455935904,0,0,1
44.06852222652278,1,9,74.56416670821966,0,0,1
2.2827151427937546,4,8,12.603249148574033,0,0,1
25.0992973866705,13,0,1.0696323636276297,0,0,1
184.4077141321478,1,1,116.14923766361474,0,0,1
99.67467068014915,6,9,35.94526700431902,0,0,1
94.91744805522319,1,4,13.04308586663246,0,0,1
53.10584998237119,10,0,43.148984273605315,1,0,1
130.33175780816856,23,0,81.97949830048015,0,0,1
29.827508353350463,5,4,80.47651619729994,0,0,1
83.02828409517736,16,3,37.027969155698685,0,0,1
1.4651476265668781,13,6,2.5306785462349444,0,0,1
36.28476586043416,15,3,110.56038406384316,0,0,1
128.8582765673542,9,8,79.82000742516172,0,0,1
66.839180986861,21,2,49.62493262255756,0,0,1
158.52834081430325,11,7,8.87210737174755,0,0,1
71.27850914938828,8,9,178.105644021577,1,0,1
171.14608427343396,7,2,55.34410071430882,0,0,1
27.662202201299042,7,4,34.54578915472505,0,0,1
130.55665773552832,16,1,3.730538646854565,0,0,1
160.97928189017483,5,5,85.80140300607214,0,0,1
291.8232300734288,9,2,31.24082205840224,1,0,1
135.43939412806242,0,5,90.92136883560278,0,1,1
52.636164143488465,2,0,39.15405985821817,0,0,1
117.90725753198146,0,9,112.71084031749447,0,0,1
157.4333443217474,21,5,60.70224840729944,0,0,1
200.788200396462,2,1,37.18478398632975,0,0,1
36.562811166817646,15,8,30.54868057370856,0,0,1
166.23287934593068,11,9,250.19273467516268,0,0,1
59.60890027945429,8,8,18.896989502350838,0,0,1
117.88065028200192,7,1,90.90737513383257,0,0,1
9.822978531124464,21,0,29.744815523454527,0,0,1
24.17341978858234,18,1,7.088503346634613,0,0,1
186.350049185203,20,8,98.07815955179719,0,0,1
170.57321038928245,14,6,3.501080431941519,0,0,1
21.846167430754427,16,6,16.129986777661173,0,0,1
54.425714269355005,5,8,39.63701218118999,0,0,1
109.0062525147099,17,9,13.055022757160526,0,0,1
1.2075645280140084,19,6,103.77330960621956,0,0,1
18.255382580481637,6,0,74.55072477507692,0,0,1
204.63718019452122,15,5,71.09537673840633,0,0,1
92.11109078171103,17,4,34.839702702365756,0,0,1
59.60890027945429,8,8,18.896989502350838,0,0,1
1.5112115351447397,23,4,54.02382996180876,0,1,1
8.293404321158143,7,9,13.760539205909467,0,0,1
57.02146898831339,18,0,13.263746435734644,0,0,1
67.63180399553154,15,5,61.30764959089332,0,0,1
157.0029786395229,8,1,42.509048358152,0,0,1
42.66200150101238,16,0,32.05991518120339,0,0,1
126.8474411846264,1,9,48.81637418511437,0,0,1
71.27850914938828,8,9,178.105644021577,1,0,1
95.23939916983089,18,7,12.951366069445115,0,0,1
1.9847140688670828,1,8,8.182142007831459,0,0,1
77.26669123908864,22,0,43.61739099778183,0,0,1
20.691014942823468,19,0,14.916706069510832,0,0,1
60.57691464212985,8,1,8.02041865969103,0,0,1
2.2827151427937546,4,8,12.603249148574033,0,0,1
44.53872370520718,6,4,11.424365320175406,0,0,1
72.50082520454396,18,4,6.415021171062962,0,0,1
99.67467068014915,6,9,35.94526700431902,0,0,1
130.48178060225274,7,5,23.00558301625234,0,0,1
126.29497426093292,10,3,3.2457719378637173,0,0,1
55.768407917843135,11,0,40.72693314910434,0,0,1
58.882083017236965,9,4,32.220508105571994,0,0,1
1.9227070420597503,12,6,25.69548721435871,1,0,1
36.28476586043416,15,3,110.56038406384316,0,0,1
28.350019881455186,23,6,69.12281784719994,0,0,1
29.00836992594099,20,2,98.12500162757219,1,0,1
16.16363423177122,11,8,88.3553376031359,0,0,1
125.20674728720263,14,9,11.35805512257363,1,0,1
40.091673087853,19,0,51.39021762867748,0,0,1
538.6386668497049,4,4,8.902415376242699,0,0,1
45.6277218220847,10,2,39.123228018931286,0,0,1
2.8596346211614394,13,4,28.88054872273366,0,0,1
61.34547044538154,10,5,117.24357062881636,0,0,1
157.4333443217474,21,5,60.70224840729944,0,0,1
105.23320404102641,17,4,16.125892513935405,0,0,1
162.7305474991052,5,8,22.060525338496248,0,0,1
57.02146898831339,18,0,13.263746435734644,0,0,1
42.66024955171008,17,7,107.58992553589543,0,0,1
126.4700490305277,6,5,45.74630483563026,0,0,1
30.252302491911642,6,5,15.913460006143504,0,0,1
114.88748725771671,11,5,96.84144436411253,0,0,1
69.52441332180219,0,7,9.329000889381454,0,0,1
31.969116255840703,4,9,0.5632160150714738,0,0,1
66.839180986861,21,2,49.62493262255756,0,0,1
52.636164143488465,2,0,39.15405985821817,0,0,1
0.909539960722861,2,7,9.883518851967569,1,1,1
61.679567819699386,5,5,15.914869521472768,0,0,1
29.827508353350463,5,4,80.47651619729994,0,0,1
52.95216724374391,2,3,5.313898822800285,0,0,1
3.306691334998571,3,1,202.61529626729663,0,0,1
58.564515422876184,13,4,122.1499019224478,1,0,1
1.8561887410766007,18,9,35.69885771934009,0,0,1
93.90454454748762,10,4,93.29159406187783,0,0,1
126.4700490305277,6,5,45.74630483563026,0,0,1
64.69045124116816,11,7,37.05794681869068,0,1,1
122.69125744285758,14,2,39.720796165964835,0,0,1
51.46000942652068,21,7,118.14063659614911,0,0,1
2.6968776316331806,22,1,110.52651187105394,0,0,1
162.28081173648155,9,5,18.08697377004817,0,0,1
101.4580136639517,12,6,36.11357645825737,0,0,1
27.89161829949456,23,6,50.516393786296774,0,0,1
71.41516813681919,0,6,51.425448523330644,0,0,1
117.88065028200192,7,1,90.90737513383257,0,0,1
1.2838542227578875,20,5,22.117679122232147,0,0,1
17.23152941098696,18,4,24.12334355868058,0,0,1
27.46363340482561,22,4,2.424691816423996,0,0,1
29.827508353350463,5,4,80.47651619729994,0,0,1
95.23939916983089,18,7,12.951366069445115,0,0,1
22.315470276732146,23,7,27.77063921442287,0,0,1
49.94689052671303,21,4,92.55255299444528,0,0,1
137.14250368917845,8,3,1.1245491205495792,0,0,1
253.6383301814264,19,9,94.61850821010707,0,0,1
246.35098846338414,2,3,102.47334021733414,0,0,1
71.7314124236385,7,5,7.072728815792758,0,0,1
2.0326921004244554,9,5,0.6659690613441591,0,0,1
1.5112115351447397,23,4,54.02382996180876,0,1,1
71.27850914938828,8,9,178.105644021577,1,0,1
18.763882868982012,1,4,12.110386217410984,0,0,1
13.602729246922369,2,3,106.08831044086573,1,0,1
38.0025611056787,0,5,2.9625594551208274,0,0,1
680.5751219889282,21,0,12.556303011845188,1,0,1
226.65986286309044,9,4,64.16885948004443,0,0,1
102.83941471088912,21,5,38.35746184743651,1,0,1
2.8596346211614394,13,4,28.88054872273366,0,0,1
83.02828409517736,16,3,37.027969155698685,0,0,1
43.595353461673334,20,5,120.32559522287973,0,0,1
44.53872370520718,6,4,11.424365320175406,0,0,1
337.6177831884106,3,5,11.99458343819426,0,0,1
130.81429681679046,22,3,23.345393052913156,0,0,1
139.47876580584736,19,7,16.02604882792193,0,0,1
8.719399369795726,13,3,0.16611084305614982,0,0,1
82.70338886506579,20,5,22.44674257703255,0,0,1
184.4077141321478,1,1,116.14923766361474,0,0,1
2.6968776316331806,22,1,110.52651187105394,0,0,1
1.5226013884891114,6,9,26.50763268043463,0,0,1
24.680862366950556,7,0,20.59848937632275,0,0,1
7.448198725566497,2,2,25.170525528380104,1,0,1
75.5133950505363,1,7,39.014884288711954,0,0,1
123.72011801262866,1,1,56.85756721715474,0,0,1
175.98245865414893,10,2,34.378438709357454,0,0,1
2.920502143209468,7,8,19.549491693078146,0,0,1
153.0171671923533,11,7,152.11546728486834,0,0,1
130.81429681679046,22,3,23.345393052913156,0,0,1
38.0025611056787,0,5,2.9625594551208274,0,0,1
104.47185341382146,9,3,52.93103635708282,0,0,1
3.2095746736032114,4,6,21.860923497442787,0,0,1
104.74077979914793,12,6,39.61876254247438,0,0,1
135.40458792968136,6,6,63.75848791377457,0,0,1
23.71485938913611,23,0,34.61604141634013,0,0,1
51.442606733099105,18,4,7.182053409558,0,0,1
99.49206573550218,5,1,58.69100813132518,0,0,1
53.33140363376775,15,4,38.34052084947605,0,0,1
195.1148140133525,8,5,10.575738781709457,1,1,1
2.8596346211614394,13,4,28.88054872273366,0,0,1
221.76934692017682,17,3,13.950336136706293,1,0,1
176.54098841221574,13,6,17.942465585956217,0,0,1
108.42337269652312,16,0,208.28606659145765,0,0,1
67.63180399553154,15,5,61.30764959089332,0,0,1
296.3643718282635,6,4,177.37795579499183,0,0,1
83.47531994414878,11,8,66.50578222706646,0,0,1
125.29062038255496,11,3,2.6808369218310233,1,0,1
13.278406215222638,6,6,54.02987643434668,0,0,1
178.1258354898527,13,9,32.4277718689277,0,0,1
363.0194375144341,21,3,16.795974760707328,0,0,1
61.679567819699386,5,5,15.914869521472768,0,0,1
296.3643718282635,6,4,177.37795579499183,0,0,1
50.41826810247863,20,2,147.31680072853374,0,0,1
131.62935503107585,1,4,7.737477804786633,0,0,1
72.53850879884061,21,1,1.6902670386502845,0,0,1
62.412939878869224,4,3,52.866598100308536,0,0,1
225.15307037607616,10,2,31.689396378004016,0,0,1
134.14702971609447,15,6,9.200537972952102,0,0,1
131.78530934609608,13,1,29.434637969770773,0,0,1
69.93027324199502,11,2,24.711443891440837,0,0,1
337.6177831884106,3,5,11.99458343819426,0,0,1
172.65514506301994,17,2,2.0613637751341005,0,0,1
21.901234315893586,9,6,22.65321621619728,0,0,1
33.447783150357694,15,7,27.959535512243423,0,0,1
71.27850914938828,8,9,178.105644021577,1,0,1
99.67467068014915,6,9,35.94526700431902,0,0,1
17.537807086470178,12,3,15.277085575097377,0,0,1
52.636164143488465,2,0,39.15405985821817,0,0,1
6.2116863612178825,4,6,98.12641121588777,0,0,1
38.814551496387395,13,7,30.68817761402417,0,0,1
467.16024641845877,18,4,27.365531245719282,0,0,1
227.65847094790317,20,5,95.59773563842165,0,0,1
15.895201566782516,12,3,194.89984263578597,0,0,1
36.88462597889831,17,1,4.938231155170579,0,0,1
130.7877525483067,21,8,11.075629952719003,0,0,1
160.87144539299004,0,5,31.10990651742529,1,0,1
351.0461721282546,11,9,116.60730496916878,0,0,1
66.839180986861,21,2,49.62493262255756,0,0,1
130.33175780816856,23,0,81.97949830048015,0,0,1
72.53850879884061,21,1,1.6902670386502845,0,0,1
3.723434185767217,17,5,5.8768014907265425,0,0,1
40.551686662245736,17,3,4.767552216736174,0,0,1
225.15307037607616,10,2,31.689396378004016,0,0,1
3.9572207838343934,5,9,32.513903918786504,0,0,1
68.70925129207896,19,0,22.614732769591626,0,0,1
16.400743025106447,21,5,54.170914968980796,0,0,1
190.70974725278722,23,7,73.70803548315494,1,0,1
21.748210803096157,14,8,51.35435124634501,1,0,1
76.29805773424295,19,2,14.128919921172217,0,0,1
260.9977449209915,9,7,39.95697005943845,1,0,1
271.8600527545924,1,1,16.239583117547753,1,0,1
106.9894100615944,19,9,43.181359069670435,0,0,1
71.15421049175391,12,4,26.999163542605366,0,0,1
243.278001496574,16,6,24.07276706071405,0,0,1
40.450084270052386,20,0,95.02240871157768,1,0,1
54.24799494631557,1,9,0.163814325068087,0,0,1
77.26669123908864,22,0,43.61739099778183,0,0,1
171.14608427343396,7,2,55.34410071430882,0,0,1
16.76647527706798,9,2,163.58542046727925,0,0,1
201.60648378543686,1,0,1.641193721678437,0,0,1
29.00836992594099,20,2,98.12500162757219,1,0,1
38.41571882948685,17,9,13.597367581685848,0,0,1
171.14608427343396,7,2,55.34410071430882,0,0,1
15.854396621277056,11,3,235.1822909526317,0,0,1
82.70338886506579,20,5,22.44674257703255,0,0,1
30.083969701011704,2,3,43.31571140157153,0,0,1
27.64206896617385,0,4,47.78003340342137,0,0,1
30.252302491911642,6,5,15.913460006143504,0,0,1
29.00836992594099,20,2,98.12500162757219,1,0,1
74.03759563460443,21,4,21.455845630550183,0,0,1
86.0431332045955,19,5,109.85978174066868,0,0,1
260.9977449209915,9,7,39.95697005943845,1,0,1
52.95216724374391,2,3,5.313898822800285,0,0,1
58.564515422876184,13,4,122.1499019224478,1,0,1
83.02828409517736,16,3,37.027969155698685,0,0,1
16.310203838164476,19,3,16.90541155206449,0,0,1
52.40700059673562,8,4,25.024125044809537,0,0,1
42.66024955171008,17,7,107.58992553589543,0,0,1
25.0992973866705,13,0,1.0696323636276297,0,0,1
103.28232650944571,13,9,29.38385845272718,1,0,1
23.8687625248947,3,2,49.915495354243774,0,0,1
15.120030768442408,20,6,32.74567331184915,0,0,1
211.67850510798343,17,3,53.470203262213126,0,0,1
172.51858538085813,15,5,41.15226229400994,0,0,1
18.763882868982012,1,4,12.110386217410984,0,0,1
176.54098841221574,13,6,17.942465585956217,0,0,1
18.897677461991314,6,7,17.794841356172462,0,0,1
1.2838542227578875,20,5,22.117679122232147,0,0,1
172.65514506301994,17,2,2.0613637751341005,0,0,1
61.679567819699386,5,5,15.914869521472768,0,0,1
1.2838542227578875,20,5,22.117679122232147,0,0,1
19.734781486214786,8,1,34.11532667385372,0,0,1
71.41516813681919,0,6,51.425448523330644,0,0,1
71.7314124236385,7,5,7.072728815792758,0,0,1
68.70925129207896,19,0,22.614732769591626,0,0,1
82.43603206028806,22,8,104.3820864918417,0,0,1
40.091673087853,19,0,51.39021762867748,0,0,1
79.99764615179966,20,8,37.54433800831344,1,0,1
23.789783550402998,12,2,40.53317258268741,0,0,1
246.35098846338414,2,3,102.47334021733414,0,0,1
125.29062038255496,11,3,2.6808369218310233,1,0,1
53.33140363376775,15,4,38.34052084947605,0,0,1
680.5751219889282,21,0,12.556303011845188,1,0,1
2.0326921004244554,9,5,0.6659690613441591,0,0,1
0.909539960722861,2,7,9.883518851967569,1,1,1
88.69412861449368,4,9,90.08662304274728,0,0,1
1.5112115351447397,23,4,54.02382996180876,0,1,1
291.8232300734288,9,2,31.24082205840224,1,0,1
227.65847094790317,20,5,95.59773563842165,0,0,1
112.32727809391316,11,7,123.44213403411861,1,0,1
38.814551496387395,13,7,30.68817761402417,0,0,1
32.18460196170109,6,6,5.0153298360278615,0,0,1
38.81213685465557,19,1,26.504055206552724,0,0,1
39.860765678899796,23,2,41.15391763330044,0,0,1
27.46363340482561,22,4,2.424691816423996,0,0,1
125.20677895857905,16,5,19.482186740937074,0,0,1
60.57691464212985,8,1,8.02041865969103,0,0,1
42.66024955171008,17,7,107.58992553589543,0,0,1
59.29985914247256,8,5,28.030353162912096,0,0,1
126.62847438313909,18,2,47.130090173043165,0,0,1
45.48415324234035,21,9,13.757177302436402,0,0,1
83.02828409517736,16,3,37.027969155698685,0,0,1
171.27165386597838,0,9,106.16524512537701,0,0,1
95.11616399750737,21,6,13.033699526459957,0,0,1
71.27850914938828,8,9,178.105644021577,1,0,1
128.8582765673542,9,8,79.82000742516172,0,0,1
15.311853406083515,5,3,17.724084454466578,1,0,1
269.93819649542957,18,4,110.18881019041467,0,0,1
18.763882868982012,1,4,12.110386217410984,0,0,1
69.35431299831438,22,9,56.19703879064441,1,0,1
241.7168729910249,7,7,239.9113550819812,1,0,1
59.361578701023376,6,0,22.479642167803654,1,0,1
29.00836992594099,20,2,98.12500162757219,1,0,1
27.64206896617385,0,4,47.78003340342137,0,0,1
4.015750682000012,7,5,4.746778541553791,0,0,1
111.32543847202942,9,8,2.5869896164030437,0,0,1
15.534023502232127,5,9,245.48617901450157,0,0,1
130.7513601315038,9,7,53.672783262559555,0,0,1
14.038193897663728,9,9,94.07306075433968,1,0,1
39.860765678899796,23,2,41.15391763330044,0,0,1
82.70338886506579,20,5,22.44674257703255,0,0,1
46.62620455388791,14,3,82.35686678457765,0,0,1
73.79028642493967,15,5,8.192885193599125,0,0,1
340.3226264506965,5,5,63.58164509541857,0,0,1
8.293404321158143,7,9,13.760539205909467,0,0,1
13.278406215222638,6,6,54.02987643434668,0,0,1
49.31422569251884,13,6,4.895097662460259,0,0,1
163.42777671764387,8,8,20.612449766892418,0,0,1
117.88065028200192,7,1,90.90737513383257,0,0,1
27.339934203463027,0,6,35.66666050248854,0,0,1
74.03759563460443,21,4,21.455845630550183,0,0,1
2.920502143209468,7,8,19.549491693078146,0,0,1
55.92315127740618,21,9,6.579760873271215,0,0,1
128.8582765673542,9,8,79.82000742516172,0,0,1
157.02322288658587,2,8,33.46857241480386,0,0,1
68.56925413210558,5,4,13.540082908604326,1,0,1
105.88997460922201,16,9,49.8988123155336,1,0,1
45.6277218220847,10,2,39.123228018931286,0,0,1
337.6177831884106,3,5,11.99458343819426,0,0,1
38.73729908946474,22,0,1.7549264752632747,0,0,1
36.562811166817646,15,8,30.54868057370856,0,0,1
12.998251116649588,1,4,42.93862292943485,0,0,1
184.8548945368862,11,4,56.98892667189076,0,0,1
270.59461718602284,16,7,158.3295028684857,1,0,1
4.015750682000012,7,5,4.746778541553791,0,0,1
110.13963171723069,22,5,4.5060190155917415,0,0,1
162.7305474991052,5,8,22.060525338496248,0,0,1
61.679567819699386,5,5,15.914869521472768,0,0,1
6.720959348940872,12,8,29.198395355013538,0,0,1
66.01613947623754,5,4,46.0280273105047,0,1,1
231.90318981262067,3,9,21.84056203846677,0,0,1
75.5133950505363,1,7,39.014884288711954,0,0,1
71.7314124236385,7,5,7.072728815792758,0,0,1
29.605694249926774,0,7,54.651287626433806,0,0,1
30.50646073151543,3,5,53.434101830940484,0,0,1
162.28081173648155,9,5,18.08697377004817,0,0,1
24.90867335410724,23,0,17.360793805487482,0,0,1
31.969116255840703,4,9,0.5632160150714738,0,0,1
160.87144539299004,0,5,31.10990651742529,1,0,1
42.66024955171008,17,7,107.58992553589543,0,0,1
36.58821279147374,21,7,5.971210506329347,0,0,1
36.44385724094443,5,4,11.98276058945257,0,0,1
54.98151727917913,22,6,51.384023326872565,1,0,1
47.21047421663407,20,0,41.049500475642255,0,0,1
35.677078125303815,0,1,10.30511560686879,0,0,1
9.822978531124464,21,0,29.744815523454527,0,0,1
15.854396621277056,11,3,235.1822909526317,0,0,1
13.602729246922369,2,3,106.08831044086573,1,0,1
154.3080106811237,14,4,41.954706867452494,0,0,1
38.81213685465557,19,1,26.504055206552724,0,0,1
59.29985914247256,8,5,28.030353162912096,0,0,1
46.548110941267964,11,1,5.039088191749021,0,0,1
104.47185341382146,9,3,52.93103635708282,0,0,1
204.63718019452122,15,5,71.09537673840633,0,0,1
109.0062525147099,17,9,13.055022757160526,0,0,1
157.0029786395229,8,1,42.509048358152,0,0,1
130.7877525483067,21,8,11.075629952719003,0,0,1
90.05669785734462,6,1,55.57849901670052,0,0,1
1.4651476265668781,13,6,2.5306785462349444,0,0,1
12.629338260806694,21,4,192.49265433535533,0,0,1
14.10628908770694,6,8,24.969036020069872,0,0,1
44.06852222652278,1,9,74.56416670821966,0,0,1
9.147602822482632,20,5,143.6409779987174,0,0,1
101.4580136639517,12,6,36.11357645825737,0,0,1
50.18201538710777,22,5,6.723303917634582,1,0,1
57.56509916369589,20,0,3.0083315455548894,0,0,1
27.89161829949456,23,6,50.516393786296774,0,0,1
36.16930983379011,13,5,36.66870624187419,0,0,1
29.00836992594099,20,2,98.12500162757219,1,0,1
54.425714269355005,5,8,39.63701218118999,0,0,1
87.55537772028686,16,3,131.84747529261867,0,0,1
85.32576598372877,19,9,9.468822453719547,0,0,1
271.62086538759945,9,8,3.8804007496247026,0,0,1
223.18630208218275,5,3,6.73592088121774,0,0,1
173.1514053654731,21,4,74.38471880202704,0,0,1
58.089606501413904,7,5,3.309744306666461,0,0,1
163.42777671764387,8,8,20.612449766892418,0,0,1
94.91744805522319,1,4,13.04308586663246,0,0,1
225.15307037607616,10,2,31.689396378004016,0,0,1
71.41516813681919,0,6,51.425448523330644,0,0,1
47.21047421663407,20,0,41.049500475642255,0,0,1
7.118850626264504,8,5,53.08686896522589,0,0,1
10.665648797073594,21,2,85.8910044663252,1,0,1
4.278265894923065,4,6,235.96984168512623,0,0,1
57.56509916369589,20,0,3.0083315455548894,0,0,1
85.68456724540113,14,9,24.441976045653327,0,0,1
108.9162387290241,11,6,4.268031805059065,0,0,1
16.16363423177122,11,8,88.3553376031359,0,0,1
85.68456724540113,14,9,24.441976045653327,0,0,1
439.99779791123024,6,1,21.41526179740357,0,0,1
231.90318981262067,3,9,21.84056203846677,0,0,1
78.56982277819277,19,5,25.996533128313448,0,0,1
226.65986286309044,9,4,64.16885948004443,0,0,1
3.970799371386665,23,9,73.52450008743064,0,1,1
59.60890027945429,8,8,18.896989502350838,0,0,1
1.5226013884891114,6,9,26.50763268043463,0,0,1
14.038193897663728,9,9,94.07306075433968,1,0,1
70.46982345650964,14,1,19.815190625218076,0,0,1
37.810457768796724,9,2,25.419138158091346,0,0,1
40.091673087853,19,0,51.39021762867748,0,0,1
6.720959348940872,12,8,29.198395355013538,0,0,1
2.276141416943498,3,5,12.005336251366716,0,0,1
81.69698563089183,15,7,0.8081126410891086,0,0,1
133.1561478267037,19,9,40.76066214538501,0,0,1
196.78845032231982,9,1,4.488704299180643,0,0,1
92.36751206847723,21,9,32.53045119772402,0,0,1
16.310203838164476,19,3,16.90541155206449,0,0,1
201.60648378543686,1,0,1.641193721678437,0,0,1
66.839180986861,21,2,49.62493262255756,0,0,1
35.677078125303815,0,1,10.30511560686879,0,0,1
3.306691334998571,3,1,202.61529626729663,0,0,1
122.69125744285758,14,2,39.720796165964835,0,0,1
9.988280887183773,12,1,14.137935080198885,0,0,1
2.960459192117248,22,2,51.72460629993388,0,0,1
198.77512246541207,2,7,32.472176755808576,0,0,1
102.96887677502349,4,7,44.29138601036244,0,1,1
4.278265894923065,4,6,235.96984168512623,0,0,1
8.889283909093013,18,8,52.685541651173764,0,0,1
130.7877525483067,21,8,11.075629952719003,0,0,1
231.90318981262067,3,9,21.84056203846677,0,0,1
110.12890836523806,20,1,13.528984514017731,0,0,1
3.3997969868477944,3,8,206.4407024606287,0,0,1
15.311853406083515,5,3,17.724084454466578,1,0,1
75.91437829608314,12,2,48.31941340506077,0,0,1
165.10782053369465,19,7,109.19781060393392,0,0,1
122.69125744285758,14,2,39.720796165964835,0,0,1
45.42781969054579,21,9,72.58094734078766,0,0,1
2.2827151427937546,4,8,12.603249148574033,0,0,1
171.14608427343396,7,2,55.34410071430882,0,0,1
1.9227070420597503,12,6,25.69548721435871,1,0,1
3.2095746736032114,4,6,21.860923497442787,0,0,1
271.62086538759945,9,8,3.8804007496247026,0,0,1
103.28232650944571,13,9,29.38385845272718,1,0,1
153.0171671923533,11,7,152.11546728486834,0,0,1
130.55665773552832,16,1,3.730538646854565,0,0,1
68.56925413210558,5,4,13.540082908604326,1,0,1
146.2834518066683,22,6,124.05652563442243,0,0,1
71.15421049175391,12,4,26.999163542605366,0,0,1
58.50358284000809,8,4,57.13955666457806,0,0,1
196.78845032231982,9,1,4.488704299180643,0,0,1
97.10918138763648,5,9,11.48665716766481,0,0,1
49.31422569251884,13,6,4.895097662460259,0,0,1
96.64861891767073,15,8,25.10833323871784,1,0,1
296.3643718282635,6,4,177.37795579499183,0,0,1
346.78081469049494,21,4,49.94025281979742,0,0,1
61.34547044538154,10,5,117.24357062881636,0,0,1
90.8131583702163,20,3,9.284065335978271,0,0,1
21.748210803096157,14,8,51.35435124634501,1,0,1
1.4651476265668781,13,6,2.5306785462349444,0,0,1
166.23287934593068,11,9,250.19273467516268,0,0,1
45.48415324234035,21,9,13.757177302436402,0,0,1
90.05669785734462,6,1,55.57849901670052,0,0,1
61.34547044538154,10,5,117.24357062881636,0,0,1
16.76647527706798,9,2,163.58542046727925,0,0,1
106.17002105589255,6,4,59.78172599849226,0,0,1
18.255382580481637,6,0,74.55072477507692,0,0,1
162.28081173648155,9,5,18.08697377004817,0,0,1
29.827508353350463,5,4,80.47651619729994,0,0,1
108.42337269652312,16,0,208.28606659145765,0,0,1
6.474080465882678,17,9,161.65216256153516,0,0,1
16.16363423177122,11,8,88.3553376031359,0,0,1
11.935028499273859,18,2,5.198447477603523,0,0,1
117.88065028200192,7,1,90.90737513383257,0,0,1
66.839180986861,21,2,49.62493262255756,0,0,1
15.534023502232127,5,9,245.48617901450157,0,0,1
58.65378397571735,22,3,62.56598345064862,0,0,1
30.083969701011704,2,3,43.31571140157153,0,0,1
1.5112115351447397,23,4,54.02382996180876,0,1,1
92.36751206847723,21,9,32.53045119772402,0,0,1
178.1258354898527,13,9,32.4277718689277,0,0,1
172.65514506301994,17,2,2.0613637751341005,0,0,1
1.3959112564237626,11,2,8.128285605537146,0,0,1
59.85339945794067,12,8,16.043688565562707,0,0,1
30.881795635781096,18,8,132.86772408639308,0,0,1
125.20674728720263,14,9,11.35805512257363,1,0,1
20.103710397885287,16,8,44.848943112779864,0,0,1
49.59909850233758,20,2,16.800113583679813,0,0,1
58.882083017236965,9,4,32.220508105571994,0,0,1
201.60648378543686,1,0,1.641193721678437,0,0,1
86.0431332045955,19,5,109.85978174066868,0,0,1
99.49206573550218,5,1,58.69100813132518,0,0,1
75.91437829608314,12,2,48.31941340506077,0,0,1
104.74077979914793,12,6,39.61876254247438,0,0,1
126.29497426093292,10,3,3.2457719378637173,0,0,1
108.46201550855181,10,9,59.829522054279984,0,0,1
2.0326921004244554,9,5,0.6659690613441591,0,0,1
200.788200396462,2,1,37.18478398632975,0,0,1
36.562811166817646,15,8,30.54868057370856,0,0,1
133.3490303883392,20,6,52.53986846111053,0,0,1
44.06852222652278,1,9,74.56416670821966,0,0,1
7.7432450996429845,17,5,19.062598310789326,0,0,1
172.65514506301994,17,2,2.0613637751341005,0,0,1
49.31422569251884,13,6,4.895097662460259,0,0,1
79.99764615179966,20,8,37.54433800831344,1,0,1
190.70974725278722,23,7,73.70803548315494,1,0,1
146.2834518066683,22,6,124.05652563442243,0,0,1
22.333633395729795,10,0,16.546730375433516,1,0,1
135.40458792968136,6,6,63.75848791377457,0,0,1
8.719399369795726,13,3,0.16611084305614982,0,0,1
67.12896590224157,6,6,8.970474446336452,0,0,1
15.175698737108501,15,6,51.748183747845246,0,0,1
97.59675556567069,15,9,1.3343895713138445,0,0,1
27.46363340482561,22,4,2.424691816423996,0,0,1
82.40667280277229,23,1,34.04924265911898,0,0,1
202.53829191556267,23,6,13.248169642927952,0,0,1
111.32543847202942,9,8,2.5869896164030437,0,0,1
478.24257519575656,15,8,2.4584440072756517,1,1,1
61.34547044538154,10,5,117.24357062881636,0,0,1
16.83497609067831,3,4,17.19370528815662,0,0,1
86.0431332045955,19,5,109.85978174066868,0,0,1
44.28527961865563,11,4,126.6381048702748,0,0,1
44.06852222652278,1,9,74.56416670821966,0,0,1
15.175698737108501,15,6,51.748183747845246,0,0,1
80.92468400058256,6,9,49.84709678707323,0,0,1
200.788200396462,2,1,37.18478398632975,0,0,1
78.8398852541655,3,7,19.56151373490235,0,0,1
46.548110941267964,11,1,5.039088191749021,0,0,1
25.59115459033342,1,5,15.166679517164042,0,0,1
32.18460196170109,6,6,5.0153298360278615,0,0,1
101.10887957798545,10,3,109.75078234336313,1,0,1
83.47531994414878,11,8,66.50578222706646,0,0,1
378.4677972921234,22,2,21.02503840380716,0,0,1
72.12472435450759,4,2,23.4891106601453,0,0,1
79.99764615179966,20,8,37.54433800831344,1,0,1
59.60890027945429,8,8,18.896989502350838,0,0,1
49.59909850233758,20,2,16.800113583679813,0,0,1
4.24858323649007,11,9,38.002181425950184,1,1,1
190.70974725278722,23,7,73.70803548315494,1,0,1
246.35098846338414,2,3,102.47334021733414,0,0,1
9.822978531124464,21,0,29.744815523454527,0,0,1
424.40369826152596,22,5,16.512730645106213,0,0,1
109.84137455189628,16,6,5.726814428094363,0,0,1
29.067457241461543,16,0,78.47402086264539,0,0,1
126.8474411846264,1,9,48.81637418511437,0,0,1
101.96057941803029,19,4,4.860604814858531,0,1,1
83.02828409517736,16,3,37.027969155698685,0,0,1
3.306691334998571,3,1,202.61529626729663,0,0,1
12.371277950994294,3,6,24.8883455935904,0,0,1
105.88997460922201,16,9,49.8988123155336,1,0,1
44.06852222652278,1,9,74.56416670821966,0,0,1
52.95216724374391,2,3,5.313898822800285,0,0,1
243.278001496574,16,6,24.07276706071405,0,0,1
186.350049185203,20,8,98.07815955179719,0,0,1
226.65986286309044,9,4,64.16885948004443,0,0,1
152.01542911231599,22,5,61.76793548477574,0,0,1
41.37344285219658,22,3,21.285205372776765,0,0,1
64.69045124116816,11,7,37.05794681869068,0,1,1
41.37344285219658,22,3,21.285205372776765,0,0,1
16.310203838164476,19,3,16.90541155206449,0,0,1
4.24858323649007,11,9,38.002181425950184,1,1,1
40.091673087853,19,0,51.39021762867748,0,0,1
424.40369826152596,22,5,16.512730645106213,0,0,1
95.23939916983089,18,7,12.951366069445115,0,0,1
263.98855421040753,3,9,87.42629136603884,0,0,1
8.86538677778067,16,4,7.7461960099927785,0,0,1
162.7305474991052,5,8,22.060525338496248,0,0,1
25.0992973866705,13,0,1.0696323636276297,0,0,1
201.7950047367915,6,9,15.012876220074869,0,0,1
368.0639977890095,18,4,110.66002693803014,0,0,1
38.41571882948685,17,9,13.597367581685848,0,0,1
75.94725215107503,2,2,96.15674217510005,0,0,1
83.02828409517736,16,3,37.027969155698685,0,0,1
130.55665773552832,16,1,3.730538646854565,0,0,1
51.46000942652068,21,7,118.14063659614911,0,0,1
211.67850510798343,17,3,53.470203262213126,0,0,1
54.024547865953565,23,1,63.681676067027105,1,0,1
44.53872370520718,6,4,11.424365320175406,0,0,1
242.56218872119706,20,7,17.693719229645357,0,0,1
368.0639977890095,18,4,110.66002693803014,0,0,1
30.252302491911642,6,5,15.913460006143504,0,0,1
79.99764615179966,20,8,37.54433800831344,1,0,1
36.02044760747379,23,1,22.757677668201467,1,0,1
160.97928189017483,5,5,85.80140300607214,0,0,1
271.62086538759945,9,8,3.8804007496247026,0,0,1
71.41516813681919,0,6,51.425448523330644,0,0,1
118.8196755663473,12,7,49.31546772180872,0,0,1
49.94689052671303,21,4,92.55255299444528,0,0,1
2.245300569573935,18,8,5.429270726064513,0,0,1
90.8131583702163,20,3,9.284065335978271,0,0,1
159.85097044557224,13,2,1.3803452063470847,0,0,1
130.48178060225274,7,5,23.00558301625234,0,0,1
260.9977449209915,9,7,39.95697005943845,1,0,1
378.4677972921234,22,2,21.02503840380716,0,0,1
119.09903146114227,5,2,42.07570687795267,1,0,1
95.23939916983089,18,7,12.951366069445115,0,0,1
24.680862366950556,7,0,20.59848937632275,0,0,1
157.0029786395229,8,1,42.509048358152,0,0,1
5.136121995053866,1,8,77.72357861622875,0,0,1
43.918633746988384,22,0,19.568478523206764,0,0,1
126.62847438313909,18,2,47.130090173043165,0,0,1
202.53829191556267,23,6,13.248169642927952,0,0,1
200.788200396462,2,1,37.18478398632975,0,0,1
112.32727809391316,11,7,123.44213403411861,1,0,1
171.27165386597838,0,9,106.16524512537701,0,0,1
153.0171671923533,11,7,152.11546728486834,0,0,1
29.235129399663172,16,6,1.0822483439467454,0,0,1
75.91437829608314,12,2,48.31941340506077,0,0,1
36.787432595670374,9,7,17.609865246165043,0,1,1
223.18630208218275,5,3,6.73592088121774,0,0,1
9.296352899619693,15,4,19.035260244943508,0,0,1
53.10584998237119,10,0,43.148984273605315,1,0,1
102.96887677502349,4,7,44.29138601036244,0,1,1
104.47185341382146,9,3,52.93103635708282,0,0,1
17.36332712183605,21,1,152.36697106267272,0,0,1
17.36332712183605,21,1,152.36697106267272,0,0,1
66.839180986861,21,2,49.62493262255756,0,0,1
269.93819649542957,18,4,110.18881019041467,0,0,1
242.56218872119706,20,7,17.693719229645357,0,0,1
53.10584998237119,10,0,43.148984273605315,1,0,1
83.02828409517736,16,3,37.027969155698685,0,0,1
54.425714269355005,5,8,39.63701218118999,0,0,1
35.677078125303815,0,1,10.30511560686879,0,0,1
69.8729617097775,2,6,0.3381691896491799,1,0,1
1.9227070420597503,12,6,25.69548721435871,1,0,1
122.69125744285758,14,2,39.720796165964835,0,0,1
146.96479404457352,20,9,12.100549499284654,0,1,1
1.5112115351447397,23,4,54.02382996180876,0,1,1
58.564515422876184,13,4,122.1499019224478,1,0,1
36.88462597889831,17,1,4.938231155170579,0,0,1
238.33748858765222,8,4,4.705586618471598,0,0,1
58.34562125363503,11,7,63.72697315013257,0,0,1
97.00306153489309,3,2,76.29218907128815,0,0,1
137.14250368917845,8,3,1.1245491205495792,0,0,1
81.7360407561493,22,1,12.40304796253427,0,0,1
180.1547870008433,14,4,7.599879100922198,0,0,1
83.47531994414878,11,8,66.50578222706646,0,0,1
219.93782101996536,2,9,24.66247992528514,0,0,1
69.8729617097775,2,6,0.3381691896491799,1,0,1
198.0810706735358,10,2,10.941605169866856,0,0,1
6.960802571127356,6,6,2.237583313096323,1,0,1
66.82103205735585,7,4,70.43385671179558,0,0,1
20.691014942823468,19,0,14.916706069510832,0,0,1
92.36751206847723,21,9,32.53045119772402,0,0,1
15.854396621277056,11,3,235.1822909526317,0,0,1
11.200018885465623,7,6,9.106130453543008,0,0,1
8.889283909093013,18,8,52.685541651173764,0,0,1
23.71485938913611,23,0,34.61604141634013,0,0,1
90.92041659771152,16,7,0.5112962536960337,0,0,1
72.12472435450759,4,2,23.4891106601453,0,0,1
29.827508353350463,5,4,80.47651619729994,0,0,1
263.98855421040753,3,9,87.42629136603884,0,0,1
1.9847140688670828,1,8,8.182142007831459,0,0,1
154.33927818755862,7,0,1.7768831551904174,0,0,1
28.350019881455186,23,6,69.12281784719994,0,0,1
121.49665279329646,3,0,104.63752819688388,0,0,1
36.787432595670374,9,7,17.609865246165043,0,1,1
172.51858538085813,15,5,41.15226229400994,0,0,1
56.26742092155651,23,8,91.40563627302856,0,0,1
538.6386668497049,4,4,8.902415376242699,0,0,1
5.829199921078438,20,8,16.137844927876014,0,0,1
15.311853406083515,5,3,17.724084454466578,1,0,1
75.90961826383537,14,2,153.62979874424732,0,0,1
170.57321038928245,14,6,3.501080431941519,0,0,1
1.4651476265668781,13,6,2.5306785462349444,0,0,1
63.91928577607432,17,2,69.40096216047533,0,0,1
3.2095746736032114,4,6,21.860923497442787,0,0,1
253.6383301814264,19,9,94.61850821010707,0,0,1
300.1332397244468,8,8,4.283054084663725,1,1,1
62.305859880409876,11,9,42.35225729764671,0,0,1
16.76647527706798,9,2,163.58542046727925,0,0,1
23.8687625248947,3,2,49.915495354243774,0,0,1
90.8131583702163,20,3,9.284065335978271,0,0,1
16.76647527706798,9,2,163.58542046727925,0,0,1
15.895201566782516,12,3,194.89984263578597,0,0,1
139.47876580584736,19,7,16.02604882792193,0,0,1
72.53850879884061,21,1,1.6902670386502845,0,0,1
271.32472745175227,21,4,243.17541105901563,0,0,1
12.629338260806694,21,4,192.49265433535533,0,0,1
22.478503258578506,5,6,25.112107673285024,0,1,1
117.88065028200192,7,1,90.90737513383257,0,0,1
42.66024955171008,17,7,107.58992553589543,0,0,1
221.76934692017682,17,3,13.950336136706293,1,0,1
126.8474411846264,1,9,48.81637418511437,0,0,1
29.827508353350463,5,4,80.47651619729994,0,0,1
23.71485938913611,23,0,34.61604141634013,0,0,1
108.38774297986396,6,8,101.31439896464151,0,0,1
101.10887957798545,10,3,109.75078234336313,1,0,1
87.55537772028686,16,3,131.84747529261867,0,0,1
77.26669123908864,22,0,43.61739099778183,0,0,1
10.665648797073594,21,2,85.8910044663252,1,0,1
146.2834518066683,22,6,124.05652563442243,0,0,1
5.136121995053866,1,8,77.72357861622875,0,0,1
139.59780297071188,18,2,19.917240521131358,0,0,1
153.0171671923533,11,7,152.11546728486834,0,0,1
45.42781969054579,21,9,72.58094734078766,0,0,1
133.1561478267037,19,9,40.76066214538501,0,0,1
56.64038163132389,17,4,47.11505799709146,0,0,1
271.62086538759945,9,8,3.8804007496247026,0,0,1
33.447783150357694,15,7,27.959535512243423,0,0,1
176.54098841221574,13,6,17.942465585956217,0,0,1
55.92315127740618,21,9,6.579760873271215,0,0,1
8.293404321158143,7,9,13.760539205909467,0,0,1
12.629338260806694,21,4,192.49265433535533,0,0,1
73.79028642493967,15,5,8.192885193599125,0,0,1
186.350049185203,20,8,98.07815955179719,0,0,1
137.14250368917845,8,3,1.1245491205495792,0,0,1
10.665648797073594,21,2,85.8910044663252,1,0,1
103.28232650944571,13,9,29.38385845272718,1,0,1
363.0194375144341,21,3,16.795974760707328,0,0,1
117.90725753198146,0,9,112.71084031749447,0,0,1
244.51508595398127,19,7,1.876396894073255,0,0,1
56.64038163132389,17,4,47.11505799709146,0,0,1
114.88748725771671,11,5,96.84144436411253,0,0,1
22.37996748916361,5,7,43.76893266378124,0,0,1
71.27850914938828,8,9,178.105644021577,1,0,1
109.84137455189628,16,6,5.726814428094363,0,0,1
204.63718019452122,15,5,71.09537673840633,0,0,1
99.49206573550218,5,1,58.69100813132518,0,0,1
97.10918138763648,5,9,11.48665716766481,0,0,1
225.15307037607616,10,2,31.689396378004016,0,0,1
27.693113030920475,13,8,18.029056298044804,0,0,1
56.64038163132389,17,4,47.11505799709146,0,0,1
12.629338260806694,21,4,192.49265433535533,0,0,1
68.28522587890998,22,8,48.37622855671547,0,0,1
39.860765678899796,23,2,41.15391763330044,0,0,1
30.50646073151543,3,5,53.434101830940484,0,0,1
146.96479404457352,20,9,12.100549499284654,0,1,1
263.98855421040753,3,9,87.42629136603884,0,0,1
44.28527961865563,11,4,126.6381048702748,0,0,1
58.20966897077567,15,2,2.9912846372219137,0,0,1
10.665648797073594,21,2,85.8910044663252,1,0,1
16.400743025106447,21,5,54.170914968980796,0,0,1
101.4580136639517,12,6,36.11357645825737,0,0,1
9.988280887183773,12,1,14.137935080198885,0,0,1
291.8232300734288,9,2,31.24082205840224,1,0,1
5.136121995053866,1,8,77.72357861622875,0,0,1
57.02146898831339,18,0,13.263746435734644,0,0,1
40.450084270052386,20,0,95.02240871157768,1,0,1
156.40973333379875,16,6,52.811839062516256,0,0,1
167.61174392499228,1,6,185.42247185846952,0,0,1
163.42777671764387,8,8,20.612449766892418,0,0,1
56.15460355367736,6,1,2.8902575046953327,0,0,1
28.7645927596787,7,3,30.408062093304896,0,0,1
28.289625375853163,17,8,16.94495076073306,0,0,1
16.400743025106447,21,5,54.170914968980796,0,0,1
231.90318981262067,3,9,21.84056203846677,0,0,1
178.1258354898527,13,9,32.4277718689277,0,0,1
54.24799494631557,1,9,0.163814325068087,0,0,1
0.909539960722861,2,7,9.883518851967569,1,1,1
157.0029786395229,8,1,42.509048358152,0,0,1
24.021704555933255,23,8,3.8382288633517407,0,0,1
8.719399369795726,13,3,0.16611084305614982,0,0,1
59.963225243482775,16,7,13.56429692685589,0,0,1
28.289625375853163,17,8,16.94495076073306,0,0,1
59.60890027945429,8,8,18.896989502350838,0,0,1
58.089606501413904,7,5,3.309744306666461,0,0,1
158.52834081430325,11,7,8.87210737174755,0,0,1
83.47531994414878,11,8,66.50578222706646,0,0,1
110.12890836523806,20,1,13.528984514017731,0,0,1
17.36332712183605,21,1,152.36697106267272,0,0,1
30.252302491911642,6,5,15.913460006143504,0,0,1
87.55537772028686,16,3,131.84747529261867,0,0,1
9.288590786036757,17,2,20.335123104282545,0,0,1
118.8196755663473,12,7,49.31546772180872,0,0,1
5.878110672996271,12,3,46.444199732526116,0,0,1
15.092058664226416,18,5,184.0609778092511,0,0,1
80.92468400058256,6,9,49.84709678707323,0,0,1
18.897677461991314,6,7,17.794841356172462,0,0,1
198.0810706735358,10,2,10.941605169866856,0,0,1
5.279527809977468,0,7,57.966087619565855,0,0,1
3.970799371386665,23,9,73.52450008743064,0,1,1
173.1514053654731,21,4,74.38471880202704,0,0,1
56.26742092155651,23,8,91.40563627302856,0,0,1
69.94394526077897,2,3,8.486359845437324,0,0,1
43.900081917116495,0,3,30.90807939371187,0,0,1
95.11616399750737,21,6,13.033699526459957,0,0,1
17.78149123609272,8,1,44.58080881423314,1,0,1
28.289625375853163,17,8,16.94495076073306,0,0,1
47.21047421663407,20,0,41.049500475642255,0,0,1
36.16930983379011,13,5,36.66870624187419,0,0,1
81.7360407561493,22,1,12.40304796253427,0,0,1
1.4651476265668781,13,6,2.5306785462349444,0,0,1
108.38774297986396,6,8,101.31439896464151,0,0,1
153.0171671923533,11,7,152.11546728486834,0,0,1
9.97819661049211,18,3,15.612721457696619,0,0,1
30.083969701011704,2,3,43.31571140157153,0,0,1
3.4373198347193927,9,0,33.87518464210393,0,0,1
538.6386668497049,4,4,8.902415376242699,0,0,1
20.61841490643128,16,5,70.0193676401906,0,0,1
201.7950047367915,6,9,15.012876220074869,0,0,1
27.693183488830137,2,9,82.92618763549594,0,0,1
58.20966897077567,15,2,2.9912846372219137,0,0,1
5.136121995053866,1,8,77.72357861622875,0,0,1
10.665648797073594,21,2,85.8910044663252,1,0,1
32.18460196170109,6,6,5.0153298360278615,0,0,1
125.57048609797414,0,8,86.50474372202484,0,0,1
44.06852222652278,1,9,74.56416670821966,0,0,1
42.66024955171008,17,7,107.58992553589543,0,0,1
271.62086538759945,9,8,3.8804007496247026,0,0,1
2.8596346211614394,13,4,28.88054872273366,0,0,1
8.889283909093013,18,8,52.685541651173764,0,0,1
160.87144539299004,0,5,31.10990651742529,1,0,1
203.18329093679114,14,0,5.4912170224102335,0,0,1
69.93027324199502,11,2,24.711443891440837,0,0,1
133.1561478267037,19,9,40.76066214538501,0,0,1
21.901234315893586,9,6,22.65321621619728,0,0,1
180.1547870008433,14,4,7.599879100922198,0,0,1
130.55665773552832,16,1,3.730538646854565,0,0,1
11.935028499273859,18,2,5.198447477603523,0,0,1
59.74455297927822,22,2,5.164055987644153,0,0,1
83.47531994414878,11,8,66.50578222706646,0,0,1
35.677078125303815,0,1,10.30511560686879,0,0,1
13.561816562204484,11,9,84.88505925554465,1,0,1
2.0326921004244554,9,5,0.6659690613441591,0,0,1
261.9734692704209,2,8,13.061322488136074,1,0,1
96.64861891767073,15,8,25.10833323871784,1,0,1
538.6386668497049,4,4,8.902415376242699,0,0,1
162.7305474991052,5,8,22.060525338496248,0,0,1
166.14687984884705,22,7,91.85743214090954,0,1,1
122.69125744285758,14,2,39.720796165964835,0,0,1
63.631778423913055,5,5,121.96250833720867,0,0,1
27.339934203463027,0,6,35.66666050248854,0,0,1
20.691014942823468,19,0,14.916706069510832,0,0,1
1.5226013884891114,6,9,26.50763268043463,0,0,1
57.56509916369589,20,0,3.0083315455548894,0,0,1
15.175698737108501,15,6,51.748183747845246,0,0,1
92.11109078171103,17,4,34.839702702365756,0,0,1
253.6383301814264,19,9,94.61850821010707,0,0,1
154.3080106811237,14,4,41.954706867452494,0,0,1
83.02828409517736,16,3,37.027969155698685,0,0,1
31.14184672257246,11,5,12.207385591516394,0,0,1
159.85097044557224,13,2,1.3803452063470847,0,0,1
99.49206573550218,5,1,58.69100813132518,0,0,1
63.631778423913055,5,5,121.96250833720867,0,0,1
5.369235116351659,2,1,89.29250630209306,0,0,1
94.91744805522319,1,4,13.04308586663246,0,0,1
32.18460196170109,6,6,5.0153298360278615,0,0,1
90.8131583702163,20,3,9.284065335978271,0,0,1
82.70338886506579,20,5,22.44674257703255,0,0,1
15.895201566782516,12,3,194.89984263578597,0,0,1
117.90725753198146,0,9,112.71084031749447,0,0,1
227.65847094790317,20,5,95.59773563842165,0,0,1
1.6333058503340645,18,4,40.925292977217126,0,0,1
27.427121830813526,19,1,32.76218753481015,1,0,1
439.99779791123024,6,1,21.41526179740357,0,0,1
166.45314340477654,3,0,12.256985114851783,1,0,1
24.680862366950556,7,0,20.59848937632275,0,0,1
85.68456724540113,14,9,24.441976045653327,0,0,1
178.1258354898527,13,9,32.4277718689277,0,0,1
0.6901724421494768,17,6,45.84031528872305,0,0,1
3.4373198347193927,9,0,33.87518464210393,0,0,1
50.41826810247863,20,2,147.31680072853374,0,0,1
142.04870159931824,1,7,48.23337692801359,0,0,1
71.41516813681919,0,6,51.425448523330644,0,0,1
52.03953077789556,23,6,32.935962231166585,0,0,1
196.78845032231982,9,1,4.488704299180643,0,0,1
201.30785624263493,6,6,51.5315207055267,0,0,1
57.02146898831339,18,0,13.263746435734644,0,0,1
195.1148140133525,8,5,10.575738781709457,1,1,1
6.960802571127356,6,6,2.237583313096323,1,0,1
112.32727809391316,11,7,123.44213403411861,1,0,1
87.55537772028686,16,3,131.84747529261867,0,0,1
24.90867335410724,23,0,17.360793805487482,0,0,1
53.58816716561955,0,7,193.71183879334387,0,0,1
66.01613947623754,5,4,46.0280273105047,0,1,1
146.96479404457352,20,9,12.100549499284654,0,1,1
29.067457241461543,16,0,78.47402086264539,0,0,1
71.41516813681919,0,6,51.425448523330644,0,0,1
4.4118998618501895,1,1,13.010782124673275,0,0,1
14.10628908770694,6,8,24.969036020069872,0,0,1
34.75620842670952,20,9,24.568399501530134,1,0,1
78.8398852541655,3,7,19.56151373490235,0,0,1
5.369235116351659,2,1,89.29250630209306,0,0,1
1.5112115351447397,23,4,54.02382996180876,0,1,1
158.52834081430325,11,7,8.87210737174755,0,0,1
118.75590135001512,21,0,391.0004833954609,0,0,1
117.88065028200192,7,1,90.90737513383257,0,0,1
8.719399369795726,13,3,0.16611084305614982,0,0,1
38.814551496387395,13,7,30.68817761402417,0,0,1
62.412939878869224,4,3,52.866598100308536,0,0,1
19.49856366812427,22,9,182.60640518403096,0,0,1
152.01542911231599,22,5,61.76793548477574,0,0,1
36.39868779777241,9,9,24.65422145636541,0,0,1
66.82103205735585,7,4,70.43385671179558,0,0,1
178.1258354898527,13,9,32.4277718689277,0,0,1
29.067457241461543,16,0,78.47402086264539,0,0,1
51.46000942652068,21,7,118.14063659614911,0,0,1
97.59675556567069,15,9,1.3343895713138445,0,0,1
2.920502143209468,7,8,19.549491693078146,0,0,1
29.00836992594099,20,2,98.12500162757219,1,0,1
33.447783150357694,15,7,27.959535512243423,0,0,1
121.49665279329646,3,0,104.63752819688388,0,0,1
59.85339945794067,12,8,16.043688565562707,0,0,1
38.81213685465557,19,1,26.504055206552724,0,0,1
295.04946419583877,11,7,27.06081806008065,0,0,1
5.136121995053866,1,8,77.72357861622875,0,0,1
55.768407917843135,11,0,40.72693314910434,0,0,1
54.024547865953565,23,1,63.681676067027105,1,0,1
2.8596346211614394,13,4,28.88054872273366,0,0,1
225.15307037607616,10,2,31.689396378004016,0,0,1
123.72011801262866,1,1,56.85756721715474,0,0,1
58.882083017236965,9,4,32.220508105571994,0,0,1
146.96479404457352,20,9,12.100549499284654,0,1,1
13.278406215222638,6,6,54.02987643434668,0,0,1
37.40595335387715,23,6,14.32366379748467,0,0,1
86.0431332045955,19,5,109.85978174066868,0,0,1
94.91744805522319,1,4,13.04308586663246,0,0,1
110.12890836523806,20,1,13.528984514017731,0,0,1
5.491521657386787,8,0,132.22501027214537,0,0,1
114.88748725771671,11,5,96.84144436411253,0,0,1
31.14184672257246,11,5,12.207385591516394,0,0,1
9.296352899619693,15,4,19.035260244943508,0,0,1
38.73729908946474,22,0,1.7549264752632747,0,0,1
187.44086668722915,3,2,119.5404162486662,0,0,1
243.278001496574,16,6,24.07276706071405,0,0,1
4.278265894923065,4,6,235.96984168512623,0,0,1
9.922650699345185,10,0,26.333716765914883,0,0,1
19.896792853683777,4,9,67.00050537001484,0,0,1
94.91744805522319,1,4,13.04308586663246,0,0,1
172.65514506301994,17,2,2.0613637751341005,0,0,1
2.0326921004244554,9,5,0.6659690613441591,0,0,1
186.350049185203,20,8,98.07815955179719,0,0,1
6.2116863612178825,4,6,98.12641121588777,0,0,1
99.49206573550218,5,1,58.69100813132518,0,0,1
17.23152941098696,18,4,24.12334355868058,0,0,1
49.94689052671303,21,4,92.55255299444528,0,0,1
538.6386668497049,4,4,8.902415376242699,0,0,1
17.607830972219595,5,2,2.0772988863842015,0,0,1
300.1332397244468,8,8,4.283054084663725,1,1,1
11.935028499273859,18,2,5.198447477603523,0,0,1
97.63011917123741,15,1,65.88681194104558,0,0,1
2.920502143209468,7,8,19.549491693078146,0,0,1
74.0839071582705,4,2,20.66175946995104,0,0,1
135.40458792968136,6,6,63.75848791377457,0,0,1
63.631778423913055,5,5,121.96250833720867,0,0,1
64.69045124116816,11,7,37.05794681869068,0,1,1
2.920502143209468,7,8,19.549491693078146,0,0,1
75.90961826383537,14,2,153.62979874424732,0,0,1
243.278001496574,16,6,24.07276706071405,0,0,1
13.602729246922369,2,3,106.08831044086573,1,0,1
253.6383301814264,19,9,94.61850821010707,0,0,1
108.9527839812185,4,5,92.85477538665799,0,0,1
8.719399369795726,13,3,0.16611084305614982,0,0,1
25.59115459033342,1,5,15.166679517164042,0,0,1
66.01613947623754,5,4,46.0280273105047,0,1,1
55.768407917843135,11,0,40.72693314910434,0,0,1
146.96479404457352,20,9,12.100549499284654,0,1,1
58.089606501413904,7,5,3.309744306666461,0,0,1
160.87144539299004,0,5,31.10990651742529,1,0,1
163.42777671764387,8,8,20.612449766892418,0,0,1
198.0810706735358,10,2,10.941605169866856,0,0,1
373.02775845358445,6,4,0.9451853579518589,0,0,1
28.289625375853163,17,8,16.94495076073306,0,0,1
292.0911709264685,21,2,20.005455775504004,0,0,1
121.49665279329646,3,0,104.63752819688388,0,0,1
28.289625375853163,17,8,16.94495076073306,0,0,1
5.878110672996271,12,3,46.444199732526116,0,0,1
25.0992973866705,13,0,1.0696323636276297,0,0,1
146.96479404457352,20,9,12.100549499284654,0,1,1
49.59909850233758,20,2,16.800113583679813,0,0,1
160.97928189017483,5,5,85.80140300607214,0,0,1
478.24257519575656,15,8,2.4584440072756517,1,1,1
4.015750682000012,7,5,4.746778541553791,0,0,1
9.922650699345185,10,0,26.333716765914883,0,0,1
17.36332712183605,21,1,152.36697106267272,0,0,1
108.9527839812185,4,5,92.85477538665799,0,0,1
8.293404321158143,7,9,13.760539205909467,0,0,1
373.02775845358445,6,4,0.9451853579518589,0,0,1
36.787432595670374,9,7,17.609865246165043,0,1,1
36.44385724094443,5,4,11.98276058945257,0,0,1
36.562811166817646,15,8,30.54868057370856,0,0,1
44.28527961865563,11,4,126.6381048702748,0,0,1
160.97928189017483,5,5,85.80140300607214,0,0,1
38.41571882948685,17,9,13.597367581685848,0,0,1
61.679567819699386,5,5,15.914869521472768,0,0,1
1.9341328972891516,15,4,46.90460818307017,0,1,1
31.265816268805423,14,6,49.292883551554624,0,0,1
4.4118998618501895,1,1,13.010782124673275,0,0,1
14.661255122827866,9,3,81.14562811649765,0,0,1
219.93782101996536,2,9,24.66247992528514,0,0,1
36.44385724094443,5,4,11.98276058945257,0,0,1
36.02044760747379,23,1,22.757677668201467,1,0,1
69.35431299831438,22,9,56.19703879064441,1,0,1
12.629338260806694,21,4,192.49265433535533,0,0,1
184.86759216512388,16,1,27.763464774689865,0,0,1
78.58269643247577,2,0,142.6880920648922,1,0,1
231.90318981262067,3,9,21.84056203846677,0,0,1
38.814551496387395,13,7,30.68817761402417,0,0,1
27.693183488830137,2,9,82.92618763549594,0,0,1
57.56509916369589,20,0,3.0083315455548894,0,0,1
86.58671471970726,10,5,10.647582756432385,0,0,1
112.32727809391316,11,7,123.44213403411861,1,0,1
95.23939916983089,18,7,12.951366069445115,0,0,1
101.10887957798545,10,3,109.75078234336313,1,0,1
202.53829191556267,23,6,13.248169642927952,0,0,1
0.6901724421494768,17,6,45.84031528872305,0,0,1
166.45314340477654,3,0,12.256985114851783,1,0,1
131.62935503107585,1,4,7.737477804786633,0,0,1
66.79968270904791,18,4,47.09876946922254,1,0,1
106.17002105589255,6,4,59.78172599849226,0,0,1
64.88440167417792,4,4,9.134444775559396,0,0,1
112.32727809391316,11,7,123.44213403411861,1,0,1
28.350019881455186,23,6,69.12281784719994,0,0,1
54.24799494631557,1,9,0.163814325068087,0,0,1
99.49206573550218,5,1,58.69100813132518,0,0,1
85.68456724540113,14,9,24.441976045653327,0,0,1
6.474080465882678,17,9,161.65216256153516,0,0,1
29.235129399663172,16,6,1.0822483439467454,0,0,1
137.14250368917845,8,3,1.1245491205495792,0,0,1
1.3959112564237626,11,2,8.128285605537146,0,0,1
125.29062038255496,11,3,2.6808369218310233,1,0,1
206.81346984880906,23,3,64.4211019007287,0,0,1
156.40973333379875,16,6,52.811839062516256,0,0,1
5.040792183650127,23,2,16.557093276121243,0,0,1
108.9162387290241,11,6,4.268031805059065,0,0,1
337.6475102731325,21,6,11.432832506589344,0,0,1
58.089606501413904,7,5,3.309744306666461,0,0,1
92.36751206847723,21,9,32.53045119772402,0,0,1
201.7950047367915,6,9,15.012876220074869,0,0,1
114.88748725771671,11,5,96.84144436411253,0,0,1
58.34562125363503,11,7,63.72697315013257,0,0,1
3.723434185767217,17,5,5.8768014907265425,0,0,1
39.94650606714626,4,8,26.454296010925994,1,0,1
80.92468400058256,6,9,49.84709678707323,0,0,1
73.79028642493967,15,5,8.192885193599125,0,0,1
63.91928577607432,17,2,69.40096216047533,0,0,1
36.02044760747379,23,1,22.757677668201467,1,0,1
44.28527961865563,11,4,126.6381048702748,0,0,1
82.70338886506579,20,5,22.44674257703255,0,0,1
31.603107893455572,7,0,76.56776118900214,0,0,1
173.1514053654731,21,4,74.38471880202704,0,0,1
46.62620455388791,14,3,82.35686678457765,0,0,1
538.6386668497049,4,4,8.902415376242699,0,0,1
269.93819649542957,18,4,110.18881019041467,0,0,1
3.4373198347193927,9,0,33.87518464210393,0,0,1
201.30785624263493,6,6,51.5315207055267,0,0,1
18.897677461991314,6,7,17.794841356172462,0,0,1
103.28232650944571,13,9,29.38385845272718,1,0,1
83.47531994414878,11,8,66.50578222706646,0,0,1
30.083969701011704,2,3,43.31571140157153,0,0,1
7.448198725566497,2,2,25.170525528380104,1,0,1
101.10887957798545,10,3,109.75078234336313,1,0,1
50.18201538710777,22,5,6.723303917634582,1,0,1
142.04870159931824,1,7,48.23337692801359,0,0,1
58.882083017236965,9,4,32.220508105571994,0,0,1
1.5226013884891114,6,9,26.50763268043463,0,0,1
114.01463466715083,8,9,30.553518452324607,0,0,1
195.97883103082512,0,2,2.240969791578799,0,0,1
95.11616399750737,21,6,13.033699526459957,0,0,1
9.97819661049211,18,3,15.612721457696619,0,0,1
203.18329093679114,14,0,5.4912170224102335,0,0,1
18.255382580481637,6,0,74.55072477507692,0,0,1
3.4373198347193927,9,0,33.87518464210393,0,0,1
63.631778423913055,5,5,121.96250833720867,0,0,1
50.41826810247863,20,2,147.31680072853374,0,0,1
71.04371771341901,22,0,55.40927460058553,1,0,1
68.70925129207896,19,0,22.614732769591626,0,0,1
101.10887957798545,10,3,109.75078234336313,1,0,1
17.23152941098696,18,4,24.12334355868058,0,0,1
27.693183488830137,2,9,82.92618763549594,0,0,1
99.30575734759223,19,9,60.12707975729696,0,1,1
467.16024641845877,18,4,27.365531245719282,0,0,1
59.74455297927822,22,2,5.164055987644153,0,0,1
24.17341978858234,18,1,7.088503346634613,0,0,1
165.10782053369465,19,7,109.19781060393392,0,0,1
46.62620455388791,14,3,82.35686678457765,0,0,1
59.361578701023376,6,0,22.479642167803654,1,0,1
9.147602822482632,20,5,143.6409779987174,0,0,1
2.920502143209468,7,8,19.549491693078146,0,0,1
30.881795635781096,18,8,132.86772408639308,0,0,1
54.24799494631557,1,9,0.163814325068087,0,0,1
38.41571882948685,17,9,13.597367581685848,0,0,1
30.083969701011704,2,3,43.31571140157153,0,0,1
68.70925129207896,19,0,22.614732769591626,0,0,1
135.40458792968136,6,6,63.75848791377457,0,0,1
220.64877354850609,5,0,26.035450136692738,0,0,1
134.14702971609447,15,6,9.200537972952102,0,0,1
69.93027324199502,11,2,24.711443891440837,0,0,1
43.595353461673334,20,5,120.32559522287973,0,0,1
62.305859880409876,11,9,42.35225729764671,0,0,1
6.960802571127356,6,6,2.237583313096323,1,0,1
71.7314124236385,7,5,7.072728815792758,0,0,1
8.08981934215118,12,7,17.332918959922246,0,0,1
52.95216724374391,2,3,5.313898822800285,0,0,1
73.79028642493967,15,5,8.192885193599125,0,0,1
66.79968270904791,18,4,47.09876946922254,1,0,1
18.897677461991314,6,7,17.794841356172462,0,0,1
85.32576598372877,19,9,9.468822453719547,0,0,1
125.20674728720263,14,9,11.35805512257363,1,0,1
81.69698563089183,15,7,0.8081126410891086,0,0,1
109.9723477185524,7,3,24.963652150728503,0,0,1
95.11616399750737,21,6,13.033699526459957,0,0,1
187.44086668722915,3,2,119.5404162486662,0,0,1
71.83184380046364,5,9,12.168433986195797,0,0,1
231.90318981262067,3,9,21.84056203846677,0,0,1
160.87144539299004,0,5,31.10990651742529,1,0,1
112.32727809391316,11,7,123.44213403411861,1,0,1
5.279527809977468,0,7,57.966087619565855,0,0,1
160.97928189017483,5,5,85.80140300607214,0,0,1
49.94689052671303,21,4,92.55255299444528,0,0,1
13.602729246922369,2,3,106.08831044086573,1,0,1
12.629338260806694,21,4,192.49265433535533,0,0,1
154.33927818755862,7,0,1.7768831551904174,0,0,1
226.65986286309044,9,4,64.16885948004443,0,0,1
209.9399761780521,12,4,32.01928815502401,0,0,1
58.882083017236965,9,4,32.220508105571994,0,0,1
680.5751219889282,21,0,12.556303011845188,1,0,1
119.09903146114227,5,2,42.07570687795267,1,0,1
5.829199921078438,20,8,16.137844927876014,0,0,1
21.901234315893586,9,6,22.65321621619728,0,0,1
56.26742092155651,23,8,91.40563627302856,0,0,1
424.40369826152596,22,5,16.512730645106213,0,0,1
128.8582765673542,9,8,79.82000742516172,0,0,1
44.53872370520718,6,4,11.424365320175406,0,0,1
2.8596346211614394,13,4,28.88054872273366,0,0,1
187.44086668722915,3,2,119.5404162486662,0,0,1
125.57048609797414,0,8,86.50474372202484,0,0,1
198.0810706735358,10,2,10.941605169866856,0,0,1
60.57691464212985,8,1,8.02041865969103,0,0,1
165.10782053369465,19,7,109.19781060393392,0,0,1
67.63180399553154,15,5,61.30764959089332,0,0,1
159.85097044557224,13,2,1.3803452063470847,0,0,1
195.97883103082512,0,2,2.240969791578799,0,0,1
102.83941471088912,21,5,38.35746184743651,1,0,1
1.3959112564237626,11,2,8.128285605537146,0,0,1
363.0194375144341,21,3,16.795974760707328,0,0,1
90.05669785734462,6,1,55.57849901670052,0,0,1
15.854396621277056,11,3,235.1822909526317,0,0,1
25.0992973866705,13,0,1.0696323636276297,0,0,1
23.789783550402998,12,2,40.53317258268741,0,0,1
166.14687984884705,22,7,91.85743214090954,0,1,1
35.677078125303815,0,1,10.30511560686879,0,0,1
31.969116255840703,4,9,0.5632160150714738,0,0,1
105.23320404102641,17,4,16.125892513935405,0,0,1
118.8196755663473,12,7,49.31546772180872,0,0,1
13.278406215222638,6,6,54.02987643434668,0,0,1
117.96898763803539,16,4,13.627886140722412,0,0,1
14.038193897663728,9,9,94.07306075433968,1,0,1
351.0461721282546,11,9,116.60730496916878,0,0,1
86.0431332045955,19,5,109.85978174066868,0,0,1
36.58821279147374,21,7,5.971210506329347,0,0,1
28.350019881455186,23,6,69.12281784719994,0,0,1
97.63011917123741,15,1,65.88681194104558,0,0,1
125.20677895857905,16,5,19.482186740937074,0,0,1
45.8522799264304,19,4,13.968281640229781,0,1,1
337.6177831884106,3,5,11.99458343819426,0,0,1
246.35098846338414,2,3,102.47334021733414,0,0,1
63.631778423913055,5,5,121.96250833720867,0,0,1
88.69412861449368,4,9,90.08662304274728,0,0,1
66.01613947623754,5,4,46.0280273105047,0,1,1
211.67850510798343,17,3,53.470203262213126,0,0,1
60.57691464212985,8,1,8.02041865969103,0,0,1
13.561816562204484,11,9,84.88505925554465,1,0,1
19.734781486214786,8,1,34.11532667385372,0,0,1
46.62620455388791,14,3,82.35686678457765,0,0,1
52.40700059673562,8,4,25.024125044809537,0,0,1
1.8561887410766007,18,9,35.69885771934009,0,0,1
34.75620842670952,20,9,24.568399501530134,1,0,1
109.9723477185524,7,3,24.963652150728503,0,0,1
57.56509916369589,20,0,3.0083315455548894,0,0,1
135.40458792968136,6,6,63.75848791377457,0,0,1
368.0639977890095,18,4,110.66002693803014,0,0,1
90.92041659771152,16,7,0.5112962536960337,0,0,1
86.58671471970726,10,5,10.647582756432385,0,0,1
125.20674728720263,14,9,11.35805512257363,1,0,1
33.447783150357694,15,7,27.959535512243423,0,0,1
25.59115459033342,1,5,15.166679517164042,0,0,1
223.18630208218275,5,3,6.73592088121774,0,0,1
263.98855421040753,3,9,87.42629136603884,0,0,1
20.691014942823468,19,0,14.916706069510832,0,0,1
64.88440167417792,4,4,9.134444775559396,0,0,1
68.70925129207896,19,0,22.614732769591626,0,0,1
118.8196755663473,12,7,49.31546772180872,0,0,1
18.763882868982012,1,4,12.110386217410984,0,0,1
15.175698737108501,15,6,51.748183747845246,0,0,1
162.28081173648155,9,5,18.08697377004817,0,0,1
72.50082520454396,18,4,6.415021171062962,0,0,1
11.935028499273859,18,2,5.198447477603523,0,0,1
172.51858538085813,15,5,41.15226229400994,0,0,1
3.4373198347193927,9,0,33.87518464210393,0,0,1
75.5133950505363,1,7,39.014884288711954,0,0,1
56.64038163132389,17,4,47.11505799709146,0,0,1
101.96057941803029,19,4,4.860604814858531,0,1,1
20.61841490643128,16,5,70.0193676401906,0,0,1
130.55665773552832,16,1,3.730538646854565,0,0,1
166.14687984884705,22,7,91.85743214090954,0,1,1
153.0171671923533,11,7,152.11546728486834,0,0,1
211.67850510798343,17,3,53.470203262213126,0,0,1
75.94725215107503,2,2,96.15674217510005,0,0,1
15.534023502232127,5,9,245.48617901450157,0,0,1
30.083969701011704,2,3,43.31571140157153,0,0,1
61.34547044538154,10,5,117.24357062881636,0,0,1
44.06852222652278,1,9,74.56416670821966,0,0,1
78.8398852541655,3,7,19.56151373490235,0,0,1
154.3080106811237,14,4,41.954706867452494,0,0,1
16.81654704781473,0,7,31.798557844076463,0,0,1
21.748210803096157,14,8,51.35435124634501,1,0,1
38.04829531389874,0,5,175.87533526373696,0,0,1
39.860765678899796,23,2,41.15391763330044,0,0,1
2.960459192117248,22,2,51.72460629993388,0,0,1
90.98844027249767,23,0,39.797388261138686,0,0,1
246.35098846338414,2,3,102.47334021733414,0,0,1
15.895201566782516,12,3,194.89984263578597,0,0,1
134.14702971609447,15,6,9.200537972952102,0,0,1
246.35098846338414,2,3,102.47334021733414,0,0,1
125.20677895857905,16,5,19.482186740937074,0,0,1
242.56218872119706,20,7,17.693719229645357,0,0,1
80.92468400058256,6,9,49.84709678707323,0,0,1
81.69698563089183,15,7,0.8081126410891086,0,0,1
118.75590135001512,21,0,391.0004833954609,0,0,1
231.90318981262067,3,9,21.84056203846677,0,0,1
2.276141416943498,3,5,12.005336251366716,0,0,1
74.03759563460443,21,4,21.455845630550183,0,0,1
110.13963171723069,22,5,4.5060190155917415,0,0,1
64.88440167417792,4,4,9.134444775559396,0,0,1
128.8582765673542,9,8,79.82000742516172,0,0,1
261.9734692704209,2,8,13.061322488136074,1,0,1
119.09903146114227,5,2,42.07570687795267,1,0,1
104.74077979914793,12,6,39.61876254247438,0,0,1
337.6177831884106,3,5,11.99458343819426,0,0,1
105.23320404102641,17,4,16.125892513935405,0,0,1
292.0911709264685,21,2,20.005455775504004,0,0,1
31.14184672257246,11,5,12.207385591516394,0,0,1
85.68456724540113,14,9,24.441976045653327,0,0,1
5.878110672996271,12,3,46.444199732526116,0,0,1
110.45595986817835,1,6,59.25661665155136,1,0,1
29.067457241461543,16,0,78.47402086264539,0,0,1
40.091673087853,19,0,51.39021762867748,0,0,1
57.56509916369589,20,0,3.0083315455548894,0,0,1
166.23287934593068,11,9,250.19273467516268,0,0,1
126.4700490305277,6,5,45.74630483563026,0,0,1
219.93782101996536,2,9,24.66247992528514,0,0,1
93.90454454748762,10,4,93.29159406187783,0,0,1
49.94689052671303,21,4,92.55255299444528,0,0,1
106.17002105589255,6,4,59.78172599849226,0,0,1
25.59115459033342,1,5,15.166679517164042,0,0,1
85.32576598372877,19,9,9.468822453719547,0,0,1
68.28522587890998,22,8,48.37622855671547,0,0,1
156.40973333379875,16,6,52.811839062516256,0,0,1
18.897677461991314,6,7,17.794841356172462,0,0,1
52.636164143488465,2,0,39.15405985821817,0,0,1
12.371277950994294,3,6,24.8883455935904,0,0,1
30.881795635781096,18,8,132.86772408639308,0,0,1
29.067457241461543,16,0,78.47402086264539,0,0,1
68.56925413210558,5,4,13.540082908604326,1,0,1
27.339934203463027,0,6,35.66666050248854,0,0,1
180.1547870008433,14,4,7.599879100922198,0,0,1
101.4580136639517,12,6,36.11357645825737,0,0,1
14.10628908770694,6,8,24.969036020069872,0,0,1
15.895201566782516,12,3,194.89984263578597,0,0,1
186.350049185203,20,8,98.07815955179719,0,0,1
15.092058664226416,18,5,184.0609778092511,0,0,1
36.02044760747379,23,1,22.757677668201467,1,0,1
77.26669123908864,22,0,43.61739099778183,0,0,1
13.602729246922369,2,3,106.08831044086573,1,0,1
125.57048609797414,0,8,86.50474372202484,0,0,1
90.98844027249767,23,0,39.797388261138686,0,0,1
68.56925413210558,5,4,13.540082908604326,1,0,1
28.230684939514095,3,6,54.90513206366566,1,0,1
76.22542630659325,7,2,38.788162882964606,0,0,1
173.1514053654731,21,4,74.38471880202704,0,0,1
72.50082520454396,18,4,6.415021171062962,0,0,1
337.6177831884106,3,5,11.99458343819426,0,0,1
170.57321038928245,14,6,3.501080431941519,0,0,1
21.901234315893586,9,6,22.65321621619728,0,0,1
69.8729617097775,2,6,0.3381691896491799,1,0,1
24.17341978858234,18,1,7.088503346634613,0,0,1
40.551686662245736,17,3,4.767552216736174,0,0,1
105.88997460922201,16,9,49.8988123155336,1,0,1
118.75590135001512,21,0,391.0004833954609,0,0,1
36.787432595670374,9,7,17.609865246165043,0,1,1
46.548110941267964,11,1,5.039088191749021,0,0,1
15.311853406083515,5,3,17.724084454466578,1,0,1
97.59675556567069,15,9,1.3343895713138445,0,0,1
12.371277950994294,3,6,24.8883455935904,0,0,1
184.86759216512388,16,1,27.763464774689865,0,0,1
21.846167430754427,16,6,16.129986777661173,0,0,1
38.41571882948685,17,9,13.597367581685848,0,0,1
11.935028499273859,18,2,5.198447477603523,0,0,1
186.350049185203,20,8,98.07815955179719,0,0,1
102.96887677502349,4,7,44.29138601036244,0,1,1
180.1547870008433,14,4,7.599879100922198,0,0,1
24.17341978858234,18,1,7.088503346634613,0,0,1
66.79968270904791,18,4,47.09876946922254,1,0,1
12.371277950994294,3,6,24.8883455935904,0,0,1
126.62847438313909,18,2,47.130090173043165,0,0,1
27.46363340482561,22,4,2.424691816423996,0,0,1
131.78530934609608,13,1,29.434637969770773,0,0,1
97.00306153489309,3,2,76.29218907128815,0,0,1
221.76934692017682,17,3,13.950336136706293,1,0,1
139.72203916260642,20,8,14.335984542236385,0,0,1
130.55665773552832,16,1,3.730538646854565,0,0,1
75.91437829608314,12,2,48.31941340506077,0,0,1
40.551686662245736,17,3,4.767552216736174,0,0,1
102.96887677502349,4,7,44.29138601036244,0,1,1
2.0326921004244554,9,5,0.6659690613441591,0,0,1
340.3226264506965,5,5,63.58164509541857,0,0,1
346.78081469049494,21,4,49.94025281979742,0,0,1
130.48178060225274,7,5,23.00558301625234,0,0,1
29.00836992594099,20,2,98.12500162757219,1,0,1
130.7513601315038,9,7,53.672783262559555,0,0,1
271.32472745175227,21,4,243.17541105901563,0,0,1
69.35431299831438,22,9,56.19703879064441,1,0,1
78.56982277819277,19,5,25.996533128313448,0,0,1
178.1258354898527,13,9,32.4277718689277,0,0,1
30.881795635781096,18,8,132.86772408639308,0,0,1
44.06852222652278,1,9,74.56416670821966,0,0,1
6.2116863612178825,4,6,98.12641121588777,0,0,1
162.7305474991052,5,8,22.060525338496248,0,0,1
56.15460355367736,6,1,2.8902575046953327,0,0,1
125.20674728720263,14,9,11.35805512257363,1,0,1
174.90717991613752,23,8,2.2289712685383747,0,0,1
295.04946419583877,11,7,27.06081806008065,0,0,1
15.175698737108501,15,6,51.748183747845246,0,0,1
467.16024641845877,18,4,27.365531245719282,0,0,1
200.788200396462,2,1,37.18478398632975,0,0,1
64.69045124116816,11,7,37.05794681869068,0,1,1
46.548110941267964,11,1,5.039088191749021,0,0,1
38.0025611056787,0,5,2.9625594551208274,0,0,1
5.829199921078438,20,8,16.137844927876014,0,0,1
75.94725215107503,2,2,96.15674217510005,0,0,1
59.963225243482775,16,7,13.56429692685589,0,0,1
172.65514506301994,17,2,2.0613637751341005,0,0,1
12.629338260806694,21,4,192.49265433535533,0,0,1
220.64877354850609,5,0,26.035450136692738,0,0,1
121.49665279329646,3,0,104.63752819688388,0,0,1
170.57321038928245,14,6,3.501080431941519,0,0,1
130.55665773552832,16,1,3.730538646854565,0,0,1
102.48442087373908,8,2,27.67942806544158,0,0,1
99.30575734759223,19,9,60.12707975729696,0,1,1
53.58816716561955,0,7,193.71183879334387,0,0,1
5.136121995053866,1,8,77.72357861622875,0,0,1
7.448198725566497,2,2,25.170525528380104,1,0,1
54.98151727917913,22,6,51.384023326872565,1,0,1
134.14702971609447,15,6,9.200537972952102,0,0,1
128.8582765673542,9,8,79.82000742516172,0,0,1
90.8131583702163,20,3,9.284065335978271,0,0,1
119.09903146114227,5,2,42.07570687795267,1,0,1
102.96887677502349,4,7,44.29138601036244,0,1,1
172.65514506301994,17,2,2.0613637751341005,0,0,1
56.15460355367736,6,1,2.8902575046953327,0,0,1
9.988280887183773,12,1,14.137935080198885,0,0,1
29.00836992594099,20,2,98.12500162757219,1,0,1
2.3711872924350015,4,7,110.6105287369864,0,0,1
83.02828409517736,16,3,37.027969155698685,0,0,1
27.427121830813526,19,1,32.76218753481015,1,0,1
82.43603206028806,22,8,104.3820864918417,0,0,1
25.0992973866705,13,0,1.0696323636276297,0,0,1
95.11616399750737,21,6,13.033699526459957,0,0,1
58.564515422876184,13,4,122.1499019224478,1,0,1
196.78845032231982,9,1,4.488704299180643,0,0,1
27.46363340482561,22,4,2.424691816423996,0,0,1
69.35431299831438,22,9,56.19703879064441,1,0,1
0.9876161699253505,7,8,18.482480898162706,0,1,1
16.83497609067831,3,4,17.19370528815662,0,0,1
85.68456724540113,14,9,24.441976045653327,0,0,1
82.40667280277229,23,1,34.04924265911898,0,0,1
50.18201538710777,22,5,6.723303917634582,1,0,1
4.487298911432926,8,8,29.007067935383095,0,0,1
478.24257519575656,15,8,2.4584440072756517,1,1,1
131.62935503107585,1,4,7.737477804786633,0,0,1
102.48442087373908,8,2,27.67942806544158,0,0,1
111.32543847202942,9,8,2.5869896164030437,0,0,1
36.88462597889831,17,1,4.938231155170579,0,0,1
126.8474411846264,1,9,48.81637418511437,0,0,1
22.315470276732146,23,7,27.77063921442287,0,0,1
69.52441332180219,0,7,9.329000889381454,0,0,1
4.4118998618501895,1,1,13.010782124673275,0,0,1
4.4118998618501895,1,1,13.010782124673275,0,0,1
64.01626731526842,9,0,58.142929198173775,0,0,1
71.04371771341901,22,0,55.40927460058553,1,0,1
69.8729617097775,2,6,0.3381691896491799,1,0,1
10.665648797073594,21,2,85.8910044663252,1,0,1
69.93027324199502,11,2,24.711443891440837,0,0,1
76.29805773424295,19,2,14.128919921172217,0,0,1
3.4373198347193927,9,0,33.87518464210393,0,0,1
66.79968270904791,18,4,47.09876946922254,1,0,1
125.57048609797414,0,8,86.50474372202484,0,0,1
102.96887677502349,4,7,44.29138601036244,0,1,1
54.98151727917913,22,6,51.384023326872565,1,0,1
75.91437829608314,12,2,48.31941340506077,0,0,1
20.103710397885287,16,8,44.848943112779864,0,0,1
109.9723477185524,7,3,24.963652150728503,0,0,1
55.42650325196402,3,8,90.1964750809194,0,0,1
66.79968270904791,18,4,47.09876946922254,1,0,1
271.8600527545924,1,1,16.239583117547753,1,0,1
90.92041659771152,16,7,0.5112962536960337,0,0,1
58.089606501413904,7,5,3.309744306666461,0,0,1
378.4677972921234,22,2,21.02503840380716,0,0,1
12.629338260806694,21,4,192.49265433535533,0,0,1
198.0810706735358,10,2,10.941605169866856,0,0,1
74.0839071582705,4,2,20.66175946995104,0,0,1
162.28081173648155,9,5,18.08697377004817,0,0,1
58.089606501413904,7,5,3.309744306666461,0,0,1
373.02775845358445,6,4,0.9451853579518589,0,0,1
15.120030768442408,20,6,32.74567331184915,0,0,1
29.235129399663172,16,6,1.0822483439467454,0,0,1
82.43603206028806,22,8,104.3820864918417,0,0,1
67.63180399553154,15,5,61.30764959089332,0,0,1
21.302903185996403,1,1,45.88939038061029,1,0,1
42.66200150101238,16,0,32.05991518120339,0,0,1
80.89779289437242,1,6,27.807796710670964,0,0,1
97.63011917123741,15,1,65.88681194104558,0,0,1
139.59780297071188,18,2,19.917240521131358,0,0,1
24.680862366950556,7,0,20.59848937632275,0,0,1
104.74077979914793,12,6,39.61876254247438,0,0,1
121.49665279329646,3,0,104.63752819688388,0,0,1
5.369235116351659,2,1,89.29250630209306,0,0,1
40.091673087853,19,0,51.39021762867748,0,0,1
18.763882868982012,1,4,12.110386217410984,0,0,1
184.4077141321478,1,1,116.14923766361474,0,0,1
59.29985914247256,8,5,28.030353162912096,0,0,1
171.27165386597838,0,9,106.16524512537701,0,0,1
90.92041659771152,16,7,0.5112962536960337,0,0,1
23.789783550402998,12,2,40.53317258268741,0,0,1
86.0431332045955,19,5,109.85978174066868,0,0,1
2.0326921004244554,9,5,0.6659690613441591,0,0,1
30.418323325927005,7,4,35.58109340480333,0,0,1
96.64861891767073,15,8,25.10833323871784,1,0,1
1.4651476265668781,13,6,2.5306785462349444,0,0,1
130.33175780816856,23,0,81.97949830048015,0,0,1
162.28081173648155,9,5,18.08697377004817,0,0,1
62.305859880409876,11,9,42.35225729764671,0,0,1
27.427121830813526,19,1,32.76218753481015,1,0,1
159.85097044557224,13,2,1.3803452063470847,0,0,1
200.788200396462,2,1,37.18478398632975,0,0,1
21.846167430754427,16,6,16.129986777661173,0,0,1
234.71617837584068,14,7,168.18947175207717,0,0,1
40.450084270052386,20,0,95.02240871157768,1,0,1
59.85339945794067,12,8,16.043688565562707,0,0,1
108.46201550855181,10,9,59.829522054279984,0,0,1
226.65986286309044,9,4,64.16885948004443,0,0,1
101.96057941803029,19,4,4.860604814858531,0,1,1
36.02044760747379,23,1,22.757677668201467,1,0,1
74.03759563460443,21,4,21.455845630550183,0,0,1
114.88748725771671,11,5,96.84144436411253,0,0,1
81.7360407561493,22,1,12.40304796253427,0,0,1
24.90867335410724,23,0,17.360793805487482,0,0,1
243.278001496574,16,6,24.07276706071405,0,0,1
64.69045124116816,11,7,37.05794681869068,0,1,1
18.897677461991314,6,7,17.794841356172462,0,0,1
21.901234315893586,9,6,22.65321621619728,0,0,1
86.58671471970726,10,5,10.647582756432385,0,0,1
30.083969701011704,2,3,43.31571140157153,0,0,1
238.33748858765222,8,4,4.705586618471598,0,0,1
166.23287934593068,11,9,250.19273467516268,0,0,1
14.038193897663728,9,9,94.07306075433968,1,0,1
9.288590786036757,17,2,20.335123104282545,0,0,1
1.9227070420597503,12,6,25.69548721435871,1,0,1
99.49206573550218,5,1,58.69100813132518,0,0,1
126.4700490305277,6,5,45.74630483563026,0,0,1
55.42650325196402,3,8,90.1964750809194,0,0,1
81.37369920602278,19,8,2.8935031797709567,0,1,1
95.23939916983089,18,7,12.951366069445115,0,0,1
15.175698737108501,15,6,51.748183747845246,0,0,1
137.14250368917845,8,3,1.1245491205495792,0,0,1
15.092058664226416,18,5,184.0609778092511,0,0,1
83.47531994414878,11,8,66.50578222706646,0,0,1
78.8398852541655,3,7,19.56151373490235,0,0,1
27.46363340482561,22,4,2.424691816423996,0,0,1
223.18630208218275,5,3,6.73592088121774,0,0,1
29.044573699054165,2,4,33.05236990889673,0,0,1
44.28527961865563,11,4,126.6381048702748,0,0,1
125.29062038255496,11,3,2.6808369218310233,1,0,1
244.51508595398127,19,7,1.876396894073255,0,0,1
53.58816716561955,0,7,193.71183879334387,0,0,1
162.28081173648155,9,5,18.08697377004817,0,0,1
160.97928189017483,5,5,85.80140300607214,0,0,1
21.901234315893586,9,6,22.65321621619728,0,0,1
231.90318981262067,3,9,21.84056203846677,0,0,1
108.38774297986396,6,8,101.31439896464151,0,0,1
201.30785624263493,6,6,51.5315207055267,0,0,1
49.31422569251884,13,6,4.895097662460259,0,0,1
300.1332397244468,8,8,4.283054084663725,1,1,1
110.13963171723069,22,5,4.5060190155917415,0,0,1
58.882083017236965,9,4,32.220508105571994,0,0,1
22.333633395729795,10,0,16.546730375433516,1,0,1
261.9734692704209,2,8,13.061322488136074,1,0,1
23.71485938913611,23,0,34.61604141634013,0,0,1
101.10887957798545,10,3,109.75078234336313,1,0,1
0.9876161699253505,7,8,18.482480898162706,0,1,1
59.74455297927822,22,2,5.164055987644153,0,0,1
27.64206896617385,0,4,47.78003340342137,0,0,1
108.46201550855181,10,9,59.829522054279984,0,0,1
1.6333058503340645,18,4,40.925292977217126,0,0,1
23.8687625248947,3,2,49.915495354243774,0,0,1
81.69698563089183,15,7,0.8081126410891086,0,0,1
2.245300569573935,18,8,5.429270726064513,0,0,1
69.35431299831438,22,9,56.19703879064441,1,0,1
7.118850626264504,8,5,53.08686896522589,0,0,1
92.36751206847723,21,9,32.53045119772402,0,0,1
58.089606501413904,7,5,3.309744306666461,0,0,1
110.13963171723069,22,5,4.5060190155917415,0,0,1
2.960459192117248,22,2,51.72460629993388,0,0,1
1.2075645280140084,19,6,103.77330960621956,0,0,1
90.92041659771152,16,7,0.5112962536960337,0,0,1
69.52441332180219,0,7,9.329000889381454,0,0,1
109.0062525147099,17,9,13.055022757160526,0,0,1
15.895201566782516,12,3,194.89984263578597,0,0,1
368.0639977890095,18,4,110.66002693803014,0,0,1
296.3643718282635,6,4,177.37795579499183,0,0,1
38.814551496387395,13,7,30.68817761402417,0,0,1
44.53872370520718,6,4,11.424365320175406,0,0,1
21.748210803096157,14,8,51.35435124634501,1,0,1
97.63011917123741,15,1,65.88681194104558,0,0,1
17.36332712183605,21,1,152.36697106267272,0,0,1
54.425714269355005,5,8,39.63701218118999,0,0,1
160.87144539299004,0,5,31.10990651742529,1,0,1
38.0025611056787,0,5,2.9625594551208274,0,0,1
2.3711872924350015,4,7,110.6105287369864,0,0,1
112.32727809391316,11,7,123.44213403411861,1,0,1
172.65514506301994,17,2,2.0613637751341005,0,0,1
30.252302491911642,6,5,15.913460006143504,0,0,1
260.9977449209915,9,7,39.95697005943845,1,0,1
253.6383301814264,19,9,94.61850821010707,0,0,1
17.36332712183605,21,1,152.36697106267272,0,0,1
101.4580136639517,12,6,36.11357645825737,0,0,1
30.50646073151543,3,5,53.434101830940484,0,0,1
0.9876161699253505,7,8,18.482480898162706,0,1,1
94.91744805522319,1,4,13.04308586663246,0,0,1
9.288590786036757,17,2,20.335123104282545,0,0,1
242.56218872119706,20,7,17.693719229645357,0,0,1
22.478503258578506,5,6,25.112107673285024,0,1,1
5.369235116351659,2,1,89.29250630209306,0,0,1
37.810457768796724,9,2,25.419138158091346,0,0,1
66.839180986861,21,2,49.62493262255756,0,0,1
8.08981934215118,12,7,17.332918959922246,0,0,1
3.723434185767217,17,5,5.8768014907265425,0,0,1
31.265816268805423,14,6,49.292883551554624,0,0,1
6.720959348940872,12,8,29.198395355013538,0,0,1
75.90961826383537,14,2,153.62979874424732,0,0,1
117.96898763803539,16,4,13.627886140722412,0,0,1
30.418323325927005,7,4,35.58109340480333,0,0,1
98.57289822107595,18,0,11.135308068286568,1,0,1
27.662202201299042,7,4,34.54578915472505,0,0,1
99.49206573550218,5,1,58.69100813132518,0,0,1
36.88462597889831,17,1,4.938231155170579,0,0,1
90.98844027249767,23,0,39.797388261138686,0,0,1
3.3997969868477944,3,8,206.4407024606287,0,0,1
49.94689052671303,21,4,92.55255299444528,0,0,1
346.78081469049494,21,4,49.94025281979742,0,0,1
142.04870159931824,1,7,48.23337692801359,0,0,1
8.08981934215118,12,7,17.332918959922246,0,0,1
166.14687984884705,22,7,91.85743214090954,0,1,1
27.339934203463027,0,6,35.66666050248854,0,0,1
19.896792853683777,4,9,67.00050537001484,0,0,1
76.29805773424295,19,2,14.128919921172217,0,0,1
15.120030768442408,20,6,32.74567331184915,0,0,1
8.08981934215118,12,7,17.332918959922246,0,0,1
78.56982277819277,19,5,25.996533128313448,0,0,1
23.789783550402998,12,2,40.53317258268741,0,0,1
131.62935503107585,1,4,7.737477804786633,0,0,1
38.04829531389874,0,5,175.87533526373696,0,0,1
166.14687984884705,22,7,91.85743214090954,0,1,1
75.90961826383537,14,2,153.62979874424732,0,0,1
146.96479404457352,20,9,12.100549499284654,0,1,1
19.734781486214786,8,1,34.11532667385372,0,0,1
20.691014942823468,19,0,14.916706069510832,0,0,1
118.8196755663473,12,7,49.31546772180872,0,0,1
16.83497609067831,3,4,17.19370528815662,0,0,1
83.02828409517736,16,3,37.027969155698685,0,0,1
8.889283909093013,18,8,52.685541651173764,0,0,1
204.6033461015753,18,3,31.88149337933749,0,0,1
108.46201550855181,10,9,59.829522054279984,0,0,1
3.723434185767217,17,5,5.8768014907265425,0,0,1
159.9206379801562,5,7,42.96364263241269,1,0,1
72.50082520454396,18,4,6.415021171062962,0,0,1
3.970799371386665,23,9,73.52450008743064,0,1,1
15.344186123358494,10,7,5.553040927836629,0,0,1
5.369235116351659,2,1,89.29250630209306,0,0,1
63.631778423913055,5,5,121.96250833720867,0,0,1
8.170455545483112,15,7,62.38069488239917,0,0,1
45.6277218220847,10,2,39.123228018931286,0,0,1
2.2827151427937546,4,8,12.603249148574033,0,0,1
81.7360407561493,22,1,12.40304796253427,0,0,1
75.94725215107503,2,2,96.15674217510005,0,0,1
58.089606501413904,7,5,3.309744306666461,0,0,1
45.48415324234035,21,9,13.757177302436402,0,0,1
53.10584998237119,10,0,43.148984273605315,1,0,1
108.9162387290241,11,6,4.268031805059065,0,0,1
21.846167430754427,16,6,16.129986777661173,0,0,1
4.278265894923065,4,6,235.96984168512623,0,0,1
204.63718019452122,15,5,71.09537673840633,0,0,1
101.4580136639517,12,6,36.11357645825737,0,0,1
97.00306153489309,3,2,76.29218907128815,0,0,1
86.58671471970726,10,5,10.647582756432385,0,0,1
117.90725753198146,0,9,112.71084031749447,0,0,1
24.680862366950556,7,0,20.59848937632275,0,0,1
13.278406215222638,6,6,54.02987643434668,0,0,1
11.200018885465623,7,6,9.106130453543008,0,0,1
53.10584998237119,10,0,43.148984273605315,1,0,1
18.255382580481637,6,0,74.55072477507692,0,0,1
19.896792853683777,4,9,67.00050537001484,0,0,1
15.311853406083515,5,3,17.724084454466578,1,0,1
201.7950047367915,6,9,15.012876220074869,0,0,1
92.36751206847723,21,9,32.53045119772402,0,0,1
28.289625375853163,17,8,16.94495076073306,0,0,1
46.62620455388791,14,3,82.35686678457765,0,0,1
271.32472745175227,21,4,243.17541105901563,0,0,1
131.62935503107585,1,4,7.737477804786633,0,0,1
152.01542911231599,22,5,61.76793548477574,0,0,1
178.1258354898527,13,9,32.4277718689277,0,0,1
166.14687984884705,22,7,91.85743214090954,0,1,1
146.66583261701916,21,6,36.86064363449983,0,0,1
424.40369826152596,22,5,16.512730645106213,0,0,1
154.33927818755862,7,0,1.7768831551904174,0,0,1
95.11616399750737,21,6,13.033699526459957,0,0,1
36.28476586043416,15,3,110.56038406384316,0,0,1
20.103710397885287,16,8,44.848943112779864,0,0,1
163.42777671764387,8,8,20.612449766892418,0,0,1
2.2827151427937546,4,8,12.603249148574033,0,0,1
30.083969701011704,2,3,43.31571140157153,0,0,1
206.81346984880906,23,3,64.4211019007287,0,0,1
271.8600527545924,1,1,16.239583117547753,1,0,1
1.8561887410766007,18,9,35.69885771934009,0,0,1
2.3711872924350015,4,7,110.6105287369864,0,0,1
58.882083017236965,9,4,32.220508105571994,0,0,1
172.51858538085813,15,5,41.15226229400994,0,0,1
83.47531994414878,11,8,66.50578222706646,0,0,1
174.90717991613752,23,8,2.2289712685383747,0,0,1
108.46201550855181,10,9,59.829522054279984,0,0,1
39.860765678899796,23,2,41.15391763330044,0,0,1
125.20677895857905,16,5,19.482186740937074,0,0,1
226.65986286309044,9,4,64.16885948004443,0,0,1
7.118850626264504,8,5,53.08686896522589,0,0,1
5.369235116351659,2,1,89.29250630209306,0,0,1
98.57289822107595,18,0,11.135308068286568,1,0,1
15.895201566782516,12,3,194.89984263578597,0,0,1
128.8582765673542,9,8,79.82000742516172,0,0,1
1.9341328972891516,15,4,46.90460818307017,0,1,1
29.235129399663172,16,6,1.0822483439467454,0,0,1
203.18329093679114,14,0,5.4912170224102335,0,0,1
291.8232300734288,9,2,31.24082205840224,1,0,1
69.94394526077897,2,3,8.486359845437324,0,0,1
291.8232300734288,9,2,31.24082205840224,1,0,1
59.963225243482775,16,7,13.56429692685589,0,0,1
22.478503258578506,5,6,25.112107673285024,0,1,1
243.278001496574,16,6,24.07276706071405,0,0,1
69.52441332180219,0,7,9.329000889381454,0,0,1
125.57048609797414,0,8,86.50474372202484,0,0,1
40.551686662245736,17,3,4.767552216736174,0,0,1
14.661255122827866,9,3,81.14562811649765,0,0,1
478.24257519575656,15,8,2.4584440072756517,1,1,1
32.18460196170109,6,6,5.0153298360278615,0,0,1
23.800106695362913,18,0,26.36678996843194,0,0,1
14.038193897663728,9,9,94.07306075433968,1,0,1
2.8596346211614394,13,4,28.88054872273366,0,0,1
154.33927818755862,7,0,1.7768831551904174,0,0,1
9.988280887183773,12,1,14.137935080198885,0,0,1
50.41826810247863,20,2,147.31680072853374,0,0,1
31.969116255840703,4,9,0.5632160150714738,0,0,1
1.5226013884891114,6,9,26.50763268043463,0,0,1
14.038193897663728,9,9,94.07306075433968,1,0,1
38.41571882948685,17,9,13.597367581685848,0,0,1
68.28522587890998,22,8,48.37622855671547,0,0,1
45.8522799264304,19,4,13.968281640229781,0,1,1
139.72203916260642,20,8,14.335984542236385,0,0,1
122.69125744285758,14,2,39.720796165964835,0,0,1
95.11616399750737,21,6,13.033699526459957,0,0,1
271.8600527545924,1,1,16.239583117547753,1,0,1
90.92041659771152,16,7,0.5112962536960337,0,0,1
23.789783550402998,12,2,40.53317258268741,0,0,1
126.62847438313909,18,2,47.130090173043165,0,0,1
30.50646073151543,3,5,53.434101830940484,0,0,1
24.17341978858234,18,1,7.088503346634613,0,0,1
162.7305474991052,5,8,22.060525338496248,0,0,1
76.29805773424295,19,2,14.128919921172217,0,0,1
43.918633746988384,22,0,19.568478523206764,0,0,1
227.65847094790317,20,5,95.59773563842165,0,0,1
8.889283909093013,18,8,52.685541651173764,0,0,1
97.54214576995756,21,7,21.374595419431135,0,0,1
36.562811166817646,15,8,30.54868057370856,0,0,1
340.3226264506965,5,5,63.58164509541857,0,0,1
114.01463466715083,8,9,30.553518452324607,0,0,1
312.3112539233472,23,7,50.546342847293744,0,0,1
17.537807086470178,12,3,15.277085575097377,0,0,1
58.34562125363503,11,7,63.72697315013257,0,0,1
45.6277218220847,10,2,39.123228018931286,0,0,1
18.255382580481637,6,0,74.55072477507692,0,0,1
478.24257519575656,15,8,2.4584440072756517,1,1,1
5.878110672996271,12,3,46.444199732526116,0,0,1
38.73729908946474,22,0,1.7549264752632747,0,0,1
81.7360407561493,22,1,12.40304796253427,0,0,1
130.55665773552832,16,1,3.730538646854565,0,0,1
2.276141416943498,3,5,12.005336251366716,0,0,1
195.1148140133525,8,5,10.575738781709457,1,1,1
16.400743025106447,21,5,54.170914968980796,0,0,1
43.918633746988384,22,0,19.568478523206764,0,0,1
1.5226013884891114,6,9,26.50763268043463,0,0,1
81.69698563089183,15,7,0.8081126410891086,0,0,1
78.58269643247577,2,0,142.6880920648922,1,0,1
8.86538677778067,16,4,7.7461960099927785,0,0,1
196.78845032231982,9,1,4.488704299180643,0,0,1
29.00836992594099,20,2,98.12500162757219,1,0,1
13.602729246922369,2,3,106.08831044086573,1,0,1
3.970799371386665,23,9,73.52450008743064,0,1,1
211.67850510798343,17,3,53.470203262213126,0,0,1
59.963225243482775,16,7,13.56429692685589,0,0,1
128.8582765673542,9,8,79.82000742516172,0,0,1
16.83497609067831,3,4,17.19370528815662,0,0,1
4.487298911432926,8,8,29.007067935383095,0,0,1
68.28522587890998,22,8,48.37622855671547,0,0,1
45.42781969054579,21,9,72.58094734078766,0,0,1
126.29497426093292,10,3,3.2457719378637173,0,0,1
10.665648797073594,21,2,85.8910044663252,1,0,1
130.81429681679046,22,3,23.345393052913156,0,0,1
69.8729617097775,2,6,0.3381691896491799,1,0,1
6.474080465882678,17,9,161.65216256153516,0,0,1
68.94140444876165,18,8,22.243850415431986,0,0,1
131.62935503107585,1,4,7.737477804786633,0,0,1
340.3226264506965,5,5,63.58164509541857,0,0,1
109.0062525147099,17,9,13.055022757160526,0,0,1
19.896792853683777,4,9,67.00050537001484,0,0,1
242.56218872119706,20,7,17.693719229645357,0,0,1
223.18630208218275,5,3,6.73592088121774,0,0,1
74.0839071582705,4,2,20.66175946995104,0,0,1
54.24799494631557,1,9,0.163814325068087,0,0,1
1.9227070420597503,12,6,25.69548721435871,1,0,1
94.91744805522319,1,4,13.04308586663246,0,0,1
30.083969701011704,2,3,43.31571140157153,0,0,1
4.015750682000012,7,5,4.746778541553791,0,0,1
142.04870159931824,1,7,48.23337692801359,0,0,1
5.369235116351659,2,1,89.29250630209306,0,0,1
253.6383301814264,19,9,94.61850821010707,0,0,1
117.90725753198146,0,9,112.71084031749447,0,0,1
130.55665773552832,16,1,3.730538646854565,0,0,1
135.79848888102285,1,8,214.02085544927704,0,0,1
340.3226264506965,5,5,63.58164509541857,0,0,1
126.29497426093292,10,3,3.2457719378637173,0,0,1
203.18329093679114,14,0,5.4912170224102335,0,0,1
346.78081469049494,21,4,49.94025281979742,0,0,1
135.43939412806242,0,5,90.92136883560278,0,1,1
200.788200396462,2,1,37.18478398632975,0,0,1
223.18630208218275,5,3,6.73592088121774,0,0,1
53.58816716561955,0,7,193.71183879334387,0,0,1
108.46201550855181,10,9,59.829522054279984,0,0,1
125.57048609797414,0,8,86.50474372202484,0,0,1
30.881795635781096,18,8,132.86772408639308,0,0,1
108.9527839812185,4,5,92.85477538665799,0,0,1
114.01463466715083,8,9,30.553518452324607,0,0,1
45.42781969054579,21,9,72.58094734078766,0,0,1
62.305859880409876,11,9,42.35225729764671,0,0,1
88.69412861449368,4,9,90.08662304274728,0,0,1
9.822978531124464,21,0,29.744815523454527,0,0,1
131.78530934609608,13,1,29.434637969770773,0,0,1
66.839180986861,21,2,49.62493262255756,0,0,1
71.7314124236385,7,5,7.072728815792758,0,0,1
125.20674728720263,14,9,11.35805512257363,1,0,1
108.9162387290241,11,6,4.268031805059065,0,0,1
201.60648378543686,1,0,1.641193721678437,0,0,1
31.14184672257246,11,5,12.207385591516394,0,0,1
126.8474411846264,1,9,48.81637418511437,0,0,1
117.90725753198146,0,9,112.71084031749447,0,0,1
82.40667280277229,23,1,34.04924265911898,0,0,1
373.02775845358445,6,4,0.9451853579518589,0,0,1
59.29985914247256,8,5,28.030353162912096,0,0,1
109.0062525147099,17,9,13.055022757160526,0,0,1
6.2116863612178825,4,6,98.12641121588777,0,0,1
25.0992973866705,13,0,1.0696323636276297,0,0,1
106.9894100615944,19,9,43.181359069670435,0,0,1
7.7432450996429845,17,5,19.062598310789326,0,0,1
9.147602822482632,20,5,143.6409779987174,0,0,1
296.3643718282635,6,4,177.37795579499183,0,0,1
198.77512246541207,2,7,32.472176755808576,0,0,1
38.73729908946474,22,0,1.7549264752632747,0,0,1
109.84137455189628,16,6,5.726814428094363,0,0,1
42.4077810311421,19,4,165.21939414520153,0,0,1
56.26742092155651,23,8,91.40563627302856,0,0,1
131.62935503107585,1,4,7.737477804786633,0,0,1
198.0810706735358,10,2,10.941605169866856,0,0,1
43.900081917116495,0,3,30.90807939371187,0,0,1
6.720959348940872,12,8,29.198395355013538,0,0,1
337.6475102731325,21,6,11.432832506589344,0,0,1
190.70974725278722,23,7,73.70803548315494,1,0,1
42.66024955171008,17,7,107.58992553589543,0,0,1
36.44385724094443,5,4,11.98276058945257,0,0,1
95.11616399750737,21,6,13.033699526459957,0,0,1
4.487298911432926,8,8,29.007067935383095,0,0,1
0.9876161699253505,7,8,18.482480898162706,0,1,1
7.448198725566497,2,2,25.170525528380104,1,0,1
337.6177831884106,3,5,11.99458343819426,0,0,1
108.46201550855181,10,9,59.829522054279984,0,0,1
109.0062525147099,17,9,13.055022757160526,0,0,1
159.85097044557224,13,2,1.3803452063470847,0,0,1
53.05992863850641,18,6,151.8477595109053,0,0,1
59.963225243482775,16,7,13.56429692685589,0,0,1
125.57048609797414,0,8,86.50474372202484,0,0,1
175.98245865414893,10,2,34.378438709357454,0,0,1
78.8398852541655,3,7,19.56151373490235,0,0,1
3.723434185767217,17,5,5.8768014907265425,0,0,1
27.339934203463027,0,6,35.66666050248854,0,0,1
29.00836992594099,20,2,98.12500162757219,1,0,1
106.17002105589255,6,4,59.78172599849226,0,0,1
165.10782053369465,19,7,109.19781060393392,0,0,1
80.89779289437242,1,6,27.807796710670964,0,0,1
88.69412861449368,4,9,90.08662304274728,0,0,1
15.120030768442408,20,6,32.74567331184915,0,0,1
74.03759563460443,21,4,21.455845630550183,0,0,1
66.839180986861,21,2,49.62493262255756,0,0,1
21.748210803096157,14,8,51.35435124634501,1,0,1
8.170455545483112,15,7,62.38069488239917,0,0,1
44.28527961865563,11,4,126.6381048702748,0,0,1
137.14250368917845,8,3,1.1245491205495792,0,0,1
29.044573699054165,2,4,33.05236990889673,0,0,1
226.65986286309044,9,4,64.16885948004443,0,0,1
54.425714269355005,5,8,39.63701218118999,0,0,1
269.93819649542957,18,4,110.18881019041467,0,0,1
17.78149123609272,8,1,44.58080881423314,1,0,1
20.103710397885287,16,8,44.848943112779864,0,0,1
16.81654704781473,0,7,31.798557844076463,0,0,1
52.636164143488465,2,0,39.15405985821817,0,0,1
10.665648797073594,21,2,85.8910044663252,1,0,1
270.59461718602284,16,7,158.3295028684857,1,0,1
130.48178060225274,7,5,23.00558301625234,0,0,1
363.0194375144341,21,3,16.795974760707328,0,0,1
165.10782053369465,19,7,109.19781060393392,0,0,1
101.4580136639517,12,6,36.11357645825737,0,0,1
271.8600527545924,1,1,16.239583117547753,1,0,1
30.418323325927005,7,4,35.58109340480333,0,0,1
60.57691464212985,8,1,8.02041865969103,0,0,1
46.62620455388791,14,3,82.35686678457765,0,0,1
114.88748725771671,11,5,96.84144436411253,0,0,1
32.18460196170109,6,6,5.0153298360278615,0,0,1
118.75590135001512,21,0,391.0004833954609,0,0,1
51.46000942652068,21,7,118.14063659614911,0,0,1
373.02775845358445,6,4,0.9451853579518589,0,0,1
32.18460196170109,6,6,5.0153298360278615,0,0,1
184.4077141321478,1,1,116.14923766361474,0,0,1
42.66024955171008,17,7,107.58992553589543,0,0,1
59.60890027945429,8,8,18.896989502350838,0,0,1
126.8474411846264,1,9,48.81637418511437,0,0,1
1.9227070420597503,12,6,25.69548721435871,1,0,1
23.800106695362913,18,0,26.36678996843194,0,0,1
58.65378397571735,22,3,62.56598345064862,0,0,1
680.5751219889282,21,0,12.556303011845188,1,0,1
36.562811166817646,15,8,30.54868057370856,0,0,1
159.9206379801562,5,7,42.96364263241269,1,0,1
56.64038163132389,17,4,47.11505799709146,0,0,1
231.90318981262067,3,9,21.84056203846677,0,0,1
2.2827151427937546,4,8,12.603249148574033,0,0,1
12.371277950994294,3,6,24.8883455935904,0,0,1
7.314681316131341,4,8,16.90125239766193,0,0,1
538.6386668497049,4,4,8.902415376242699,0,0,1
24.680862366950556,7,0,20.59848937632275,0,0,1
58.564515422876184,13,4,122.1499019224478,1,0,1
64.01626731526842,9,0,58.142929198173775,0,0,1
13.561816562204484,11,9,84.88505925554465,1,0,1
109.0062525147099,17,9,13.055022757160526,0,0,1
166.14687984884705,22,7,91.85743214090954,0,1,1
154.3080106811237,14,4,41.954706867452494,0,0,1
312.3112539233472,23,7,50.546342847293744,0,0,1
16.400743025106447,21,5,54.170914968980796,0,0,1
66.839180986861,21,2,49.62493262255756,0,0,1
70.46982345650964,14,1,19.815190625218076,0,0,1
9.822978531124464,21,0,29.744815523454527,0,0,1
3.9572207838343934,5,9,32.513903918786504,0,0,1
1.9341328972891516,15,4,46.90460818307017,0,1,1
16.76647527706798,9,2,163.58542046727925,0,0,1
31.14184672257246,11,5,12.207385591516394,0,0,1
32.18460196170109,6,6,5.0153298360278615,0,0,1
439.99779791123024,6,1,21.41526179740357,0,0,1
64.88440167417792,4,4,9.134444775559396,0,0,1
190.70974725278722,23,7,73.70803548315494,1,0,1
4.015750682000012,7,5,4.746778541553791,0,0,1
1.2838542227578875,20,5,22.117679122232147,0,0,1
139.72203916260642,20,8,14.335984542236385,0,0,1
71.15421049175391,12,4,26.999163542605366,0,0,1
244.51508595398127,19,7,1.876396894073255,0,0,1
12.629338260806694,21,4,192.49265433535533,0,0,1
78.58269643247577,2,0,142.6880920648922,1,0,1
15.120030768442408,20,6,32.74567331184915,0,0,1
59.29985914247256,8,5,28.030353162912096,0,0,1
97.00306153489309,3,2,76.29218907128815,0,0,1
25.59115459033342,1,5,15.166679517164042,0,0,1
154.3080106811237,14,4,41.954706867452494,0,0,1
16.76647527706798,9,2,163.58542046727925,0,0,1
36.16930983379011,13,5,36.66870624187419,0,0,1
202.53829191556267,23,6,13.248169642927952,0,0,1
10.883751880671802,1,1,11.66507283460381,0,0,1
44.06852222652278,1,9,74.56416670821966,0,0,1
54.425714269355005,5,8,39.63701218118999,0,0,1
135.43939412806242,0,5,90.92136883560278,0,1,1
15.175698737108501,15,6,51.748183747845246,0,0,1
0.6901724421494768,17,6,45.84031528872305,0,0,1
234.71617837584068,14,7,168.18947175207717,0,0,1
9.97819661049211,18,3,15.612721457696619,0,0,1
153.0171671923533,11,7,152.11546728486834,0,0,1
83.47531994414878,11,8,66.50578222706646,0,0,1
295.04946419583877,11,7,27.06081806008065,0,0,1
63.91928577607432,17,2,69.40096216047533,0,0,1
363.0194375144341,21,3,16.795974760707328,0,0,1
71.15421049175391,12,4,26.999163542605366,0,0,1
243.278001496574,16,6,24.07276706071405,0,0,1
261.9734692704209,2,8,13.061322488136074,1,0,1
27.46363340482561,22,4,2.424691816423996,0,0,1
40.091673087853,19,0,51.39021762867748,0,0,1
68.94140444876165,18,8,22.243850415431986,0,0,1
76.22542630659325,7,2,38.788162882964606,0,0,1
75.5133950505363,1,7,39.014884288711954,0,0,1
97.63011917123741,15,1,65.88681194104558,0,0,1
5.136121995053866,1,8,77.72357861622875,0,0,1
67.63180399553154,15,5,61.30764959089332,0,0,1
119.09903146114227,5,2,42.07570687795267,1,0,1
92.11109078171103,17,4,34.839702702365756,0,0,1
82.40667280277229,23,1,34.04924265911898,0,0,1
160.97928189017483,5,5,85.80140300607214,0,0,1
184.4077141321478,1,1,116.14923766361474,0,0,1
190.70974725278722,23,7,73.70803548315494,1,0,1
59.85339945794067,12,8,16.043688565562707,0,0,1
142.04870159931824,1,7,48.23337692801359,0,0,1
99.30575734759223,19,9,60.12707975729696,0,1,1
14.038193897663728,9,9,94.07306075433968,1,0,1
175.98245865414893,10,2,34.378438709357454,0,0,1
8.719399369795726,13,3,0.16611084305614982,0,0,1
119.09903146114227,5,2,42.07570687795267,1,0,1
123.72011801262866,1,1,56.85756721715474,0,0,1
101.4580136639517,12,6,36.11357645825737,0,0,1
172.65514506301994,17,2,2.0613637751341005,0,0,1
121.49665279329646,3,0,104.63752819688388,0,0,1
128.8582765673542,9,8,79.82000742516172,0,0,1
117.90725753198146,0,9,112.71084031749447,0,0,1
17.537807086470178,12,3,15.277085575097377,0,0,1
5.369235116351659,2,1,89.29250630209306,0,0,1
20.103710397885287,16,8,44.848943112779864,0,0,1
76.22542630659325,7,2,38.788162882964606,0,0,1
16.16363423177122,11,8,88.3553376031359,0,0,1
152.01542911231599,22,5,61.76793548477574,0,0,1
70.46982345650964,14,1,19.815190625218076,0,0,1
131.62935503107585,1,4,7.737477804786633,0,0,1
467.16024641845877,18,4,27.365531245719282,0,0,1
97.10918138763648,5,9,11.48665716766481,0,0,1
87.55537772028686,16,3,131.84747529261867,0,0,1
125.29062038255496,11,3,2.6808369218310233,1,0,1
15.854396621277056,11,3,235.1822909526317,0,0,1
363.0194375144341,21,3,16.795974760707328,0,0,1
23.800106695362913,18,0,26.36678996843194,0,0,1
69.35431299831438,22,9,56.19703879064441,1,0,1
5.279527809977468,0,7,57.966087619565855,0,0,1
171.14608427343396,7,2,55.34410071430882,0,0,1
125.29062038255496,11,3,2.6808369218310233,1,0,1
6.2116863612178825,4,6,98.12641121588777,0,0,1
75.5133950505363,1,7,39.014884288711954,0,0,1
351.0461721282546,11,9,116.60730496916878,0,0,1
9.288590786036757,17,2,20.335123104282545,0,0,1
156.40973333379875,16,6,52.811839062516256,0,0,1
242.56218872119706,20,7,17.693719229645357,0,0,1
271.32472745175227,21,4,243.17541105901563,0,0,1
110.45595986817835,1,6,59.25661665155136,1,0,1
157.4333443217474,21,5,60.70224840729944,0,0,1
64.01626731526842,9,0,58.142929198173775,0,0,1
227.65847094790317,20,5,95.59773563842165,0,0,1
134.14702971609447,15,6,9.200537972952102,0,0,1
30.418323325927005,7,4,35.58109340480333,0,0,1
16.400743025106447,21,5,54.170914968980796,0,0,1
38.04829531389874,0,5,175.87533526373696,0,0,1
146.66583261701916,21,6,36.86064363449983,0,0,1
66.839180986861,21,2,49.62493262255756,0,0,1
24.90867335410724,23,0,17.360793805487482,0,0,1
42.66200150101238,16,0,32.05991518120339,0,0,1
31.14184672257246,11,5,12.207385591516394,0,0,1
45.8522799264304,19,4,13.968281640229781,0,1,1
172.65514506301994,17,2,2.0613637751341005,0,0,1
29.827508353350463,5,4,80.47651619729994,0,0,1
74.03759563460443,21,4,21.455845630550183,0,0,1
135.43939412806242,0,5,90.92136883560278,0,1,1
162.7305474991052,5,8,22.060525338496248,0,0,1
163.42777671764387,8,8,20.612449766892418,0,0,1
29.947454226575402,3,2,32.27109231080576,0,0,1
166.23287934593068,11,9,250.19273467516268,0,0,1
108.42337269652312,16,0,208.28606659145765,0,0,1
95.23939916983089,18,7,12.951366069445115,0,0,1
38.0025611056787,0,5,2.9625594551208274,0,0,1
3.4373198347193927,9,0,33.87518464210393,0,0,1
11.200018885465623,7,6,9.106130453543008,0,0,1
101.4580136639517,12,6,36.11357645825737,0,0,1
45.42781969054579,21,9,72.58094734078766,0,0,1
58.089606501413904,7,5,3.309744306666461,0,0,1
22.333633395729795,10,0,16.546730375433516,1,0,1
83.47531994414878,11,8,66.50578222706646,0,0,1
31.603107893455572,7,0,76.56776118900214,0,0,1
15.534023502232127,5,9,245.48617901450157,0,0,1
171.27165386597838,0,9,106.16524512537701,0,0,1
49.59909850233758,20,2,16.800113583679813,0,0,1
108.42337269652312,16,0,208.28606659145765,0,0,1
15.895201566782516,12,3,194.89984263578597,0,0,1
173.1514053654731,21,4,74.38471880202704,0,0,1
25.0992973866705,13,0,1.0696323636276297,0,0,1
31.265816268805423,14,6,49.292883551554624,0,0,1
81.69698563089183,15,7,0.8081126410891086,0,0,1
27.427121830813526,19,1,32.76218753481015,1,0,1
2.245300569573935,18,8,5.429270726064513,0,0,1
103.28232650944571,13,9,29.38385845272718,1,0,1
178.1258354898527,13,9,32.4277718689277,0,0,1
90.98844027249767,23,0,39.797388261138686,0,0,1
101.10887957798545,10,3,109.75078234336313,1,0,1
21.302903185996403,1,1,45.88939038061029,1,0,1
39.860765678899796,23,2,41.15391763330044,0,0,1
45.48415324234035,21,9,13.757177302436402,0,0,1
6.474080465882678,17,9,161.65216256153516,0,0,1
211.67850510798343,17,3,53.470203262213126,0,0,1
10.883751880671802,1,1,11.66507283460381,0,0,1
118.75590135001512,21,0,391.0004833954609,0,0,1
135.43939412806242,0,5,90.92136883560278,0,1,1
41.37344285219658,22,3,21.285205372776765,0,0,1
98.57289822107595,18,0,11.135308068286568,1,0,1
45.42781969054579,21,9,72.58094734078766,0,0,1
13.561816562204484,11,9,84.88505925554465,1,0,1
92.36751206847723,21,9,32.53045119772402,0,0,1
66.01613947623754,5,4,46.0280273105047,0,1,1
7.7432450996429845,17,5,19.062598310789326,0,0,1
166.23287934593068,11,9,250.19273467516268,0,0,1
5.136121995053866,1,8,77.72357861622875,0,0,1
90.05669785734462,6,1,55.57849901670052,0,0,1
373.02775845358445,6,4,0.9451853579518589,0,0,1
81.69698563089183,15,7,0.8081126410891086,0,0,1
115.94048640248865,0,2,86.47686887981676,0,0,1
59.29985914247256,8,5,28.030353162912096,0,0,1
99.49206573550218,5,1,58.69100813132518,0,0,1
117.88065028200192,7,1,90.90737513383257,0,0,1
97.10918138763648,5,9,11.48665716766481,0,0,1
2.920502143209468,7,8,19.549491693078146,0,0,1
34.75620842670952,20,9,24.568399501530134,1,0,1
21.846167430754427,16,6,16.129986777661173,0,0,1
7.118850626264504,8,5,53.08686896522589,0,0,1
90.98844027249767,23,0,39.797388261138686,0,0,1
226.65986286309044,9,4,64.16885948004443,0,0,1
41.37344285219658,22,3,21.285205372776765,0,0,1
42.66024955171008,17,7,107.58992553589543,0,0,1
83.02828409517736,16,3,37.027969155698685,0,0,1
163.42777671764387,8,8,20.612449766892418,0,0,1
90.8131583702163,20,3,9.284065335978271,0,0,1
40.450084270052386,20,0,95.02240871157768,1,0,1
95.11616399750737,21,6,13.033699526459957,0,0,1
72.12472435450759,4,2,23.4891106601453,0,0,1
176.54098841221574,13,6,17.942465585956217,0,0,1
71.15421049175391,12,4,26.999163542605366,0,0,1
31.14184672257246,11,5,12.207385591516394,0,0,1
112.32727809391316,11,7,123.44213403411861,1,0,1
98.57289822107595,18,0,11.135308068286568,1,0,1
118.8196755663473,12,7,49.31546772180872,0,0,1
19.896792853683777,4,9,67.00050537001484,0,0,1
172.51858538085813,15,5,41.15226229400994,0,0,1
50.18201538710777,22,5,6.723303917634582,1,0,1
42.4077810311421,19,4,165.21939414520153,0,0,1
71.27850914938828,8,9,178.105644021577,1,0,1
112.32727809391316,11,7,123.44213403411861,1,0,1
64.01626731526842,9,0,58.142929198173775,0,0,1
131.78530934609608,13,1,29.434637969770773,0,0,1
142.04870159931824,1,7,48.23337692801359,0,0,1
165.10782053369465,19,7,109.19781060393392,0,0,1
44.06852222652278,1,9,74.56416670821966,0,0,1
15.895201566782516,12,3,194.89984263578597,0,0,1
41.37344285219658,22,3,21.285205372776765,0,0,1
82.40667280277229,23,1,34.04924265911898,0,0,1
2.960459192117248,22,2,51.72460629993388,0,0,1
337.6177831884106,3,5,11.99458343819426,0,0,1
52.636164143488465,2,0,39.15405985821817,0,0,1
171.27165386597838,0,9,106.16524512537701,0,0,1
9.97819661049211,18,3,15.612721457696619,0,0,1
223.18630208218275,5,3,6.73592088121774,0,0,1
76.29805773424295,19,2,14.128919921172217,0,0,1
21.748210803096157,14,8,51.35435124634501,1,0,1
20.691014942823468,19,0,14.916706069510832,0,0,1
42.66200150101238,16,0,32.05991518120339,0,0,1
142.04870159931824,1,7,48.23337692801359,0,0,1
16.400743025106447,21,5,54.170914968980796,0,0,1
22.478503258578506,5,6,25.112107673285024,0,1,1
171.14608427343396,7,2,55.34410071430882,0,0,1
5.829199921078438,20,8,16.137844927876014,0,0,1
38.41571882948685,17,9,13.597367581685848,0,0,1
97.54214576995756,21,7,21.374595419431135,0,0,1
24.021704555933255,23,8,3.8382288633517407,0,0,1
122.69125744285758,14,2,39.720796165964835,0,0,1
5.829199921078438,20,8,16.137844927876014,0,0,1
201.60648378543686,1,0,1.641193721678437,0,0,1
101.4580136639517,12,6,36.11357645825737,0,0,1
108.9162387290241,11,6,4.268031805059065,0,0,1
30.418323325927005,7,4,35.58109340480333,0,0,1
201.60648378543686,1,0,1.641193721678437,0,0,1
82.43603206028806,22,8,104.3820864918417,0,0,1
126.29497426093292,10,3,3.2457719378637173,0,0,1
78.56982277819277,19,5,25.996533128313448,0,0,1
21.901234315893586,9,6,22.65321621619728,0,0,1
31.969116255840703,4,9,0.5632160150714738,0,0,1
38.41571882948685,17,9,13.597367581685848,0,0,1
219.93782101996536,2,9,24.66247992528514,0,0,1
62.305859880409876,11,9,42.35225729764671,0,0,1
1.2075645280140084,19,6,103.77330960621956,0,0,1
417.69315472305345,14,8,19.782104815885322,0,0,1
36.562811166817646,15,8,30.54868057370856,0,0,1
68.94140444876165,18,8,22.243850415431986,0,0,1
14.661255122827866,9,3,81.14562811649765,0,0,1
105.88997460922201,16,9,49.8988123155336,1,0,1
71.83184380046364,5,9,12.168433986195797,0,0,1
7.7432450996429845,17,5,19.062598310789326,0,0,1
5.829199921078438,20,8,16.137844927876014,0,0,1
225.15307037607616,10,2,31.689396378004016,0,0,1
27.693113030920475,13,8,18.029056298044804,0,0,1
62.305859880409876,11,9,42.35225729764671,0,0,1
243.278001496574,16,6,24.07276706071405,0,0,1
57.56509916369589,20,0,3.0083315455548894,0,0,1
109.0062525147099,17,9,13.055022757160526,0,0,1
57.02146898831339,18,0,13.263746435734644,0,0,1
467.16024641845877,18,4,27.365531245719282,0,0,1
231.90318981262067,3,9,21.84056203846677,0,0,1
337.6177831884106,3,5,11.99458343819426,0,0,1
105.23320404102641,17,4,16.125892513935405,0,0,1
38.04829531389874,0,5,175.87533526373696,0,0,1
162.7305474991052,5,8,22.060525338496248,0,0,1
14.10628908770694,6,8,24.969036020069872,0,0,1
200.788200396462,2,1,37.18478398632975,0,0,1
163.42777671764387,8,8,20.612449766892418,0,0,1
54.24799494631557,1,9,0.163814325068087,0,0,1
220.64877354850609,5,0,26.035450136692738,0,0,1
21.846167430754427,16,6,16.129986777661173,0,0,1
142.04870159931824,1,7,48.23337692801359,0,0,1
8.08981934215118,12,7,17.332918959922246,0,0,1
83.02828409517736,16,3,37.027969155698685,0,0,1
39.860765678899796,23,2,41.15391763330044,0,0,1
162.7305474991052,5,8,22.060525338496248,0,0,1
104.47185341382146,9,3,52.93103635708282,0,0,1
0.9876161699253505,7,8,18.482480898162706,0,1,1
36.562811166817646,15,8,30.54868057370856,0,0,1
15.175698737108501,15,6,51.748183747845246,0,0,1
66.79968270904791,18,4,47.09876946922254,1,0,1
146.2834518066683,22,6,124.05652563442243,0,0,1
1.4651476265668781,13,6,2.5306785462349444,0,0,1
154.33927818755862,7,0,1.7768831551904174,0,0,1
139.47876580584736,19,7,16.02604882792193,0,0,1
38.81213685465557,19,1,26.504055206552724,0,0,1
200.788200396462,2,1,37.18478398632975,0,0,1
139.59780297071188,18,2,19.917240521131358,0,0,1
223.18630208218275,5,3,6.73592088121774,0,0,1
23.71485938913611,23,0,34.61604141634013,0,0,1
1.3959112564237626,11,2,8.128285605537146,0,0,1
72.53850879884061,21,1,1.6902670386502845,0,0,1
81.7360407561493,22,1,12.40304796253427,0,0,1
45.8522799264304,19,4,13.968281640229781,0,1,1
8.889283909093013,18,8,52.685541651173764,0,0,1
171.27165386597838,0,9,106.16524512537701,0,0,1
234.71617837584068,14,7,168.18947175207717,0,0,1
85.32576598372877,19,9,9.468822453719547,0,0,1
300.1332397244468,8,8,4.283054084663725,1,1,1
36.16930983379011,13,5,36.66870624187419,0,0,1
110.62988444669864,22,5,55.09817975591079,0,0,1
102.96887677502349,4,7,44.29138601036244,0,1,1
58.089606501413904,7,5,3.309744306666461,0,0,1
160.87144539299004,0,5,31.10990651742529,1,0,1
186.350049185203,20,8,98.07815955179719,0,0,1
126.62847438313909,18,2,47.130090173043165,0,0,1
68.28522587890998,22,8,48.37622855671547,0,0,1
52.40700059673562,8,4,25.024125044809537,0,0,1
103.28232650944571,13,9,29.38385845272718,1,0,1
36.16930983379011,13,5,36.66870624187419,0,0,1
8.86538677778067,16,4,7.7461960099927785,0,0,1
58.50358284000809,8,4,57.13955666457806,0,0,1
56.15460355367736,6,1,2.8902575046953327,0,0,1
244.51508595398127,19,7,1.876396894073255,0,0,1
97.10918138763648,5,9,11.48665716766481,0,0,1
56.15460355367736,6,1,2.8902575046953327,0,0,1
69.8729617097775,2,6,0.3381691896491799,1,0,1
8.08981934215118,12,7,17.332918959922246,0,0,1
97.63011917123741,15,1,65.88681194104558,0,0,1
1.9341328972891516,15,4,46.90460818307017,0,1,1
21.846167430754427,16,6,16.129986777661173,0,0,1
20.691014942823468,19,0,14.916706069510832,0,0,1
102.48442087373908,8,2,27.67942806544158,0,0,1
30.083969701011704,2,3,43.31571140157153,0,0,1
195.1148140133525,8,5,10.575738781709457,1,1,1
31.969116255840703,4,9,0.5632160150714738,0,0,1
7.448198725566497,2,2,25.170525528380104,1,0,1
123.15909951213125,21,3,30.564262674952264,1,0,1
31.265816268805423,14,6,49.292883551554624,0,0,1
46.62620455388791,14,3,82.35686678457765,0,0,1
90.05669785734462,6,1,55.57849901670052,0,0,1
133.1561478267037,19,9,40.76066214538501,0,0,1
154.3080106811237,14,4,41.954706867452494,0,0,1
59.74455297927822,22,2,5.164055987644153,0,0,1
53.33140363376775,15,4,38.34052084947605,0,0,1
45.42781969054579,21,9,72.58094734078766,0,0,1
66.01613947623754,5,4,46.0280273105047,0,1,1
5.491521657386787,8,0,132.22501027214537,0,0,1
31.969116255840703,4,9,0.5632160150714738,0,0,1
295.04946419583877,11,7,27.06081806008065,0,0,1
160.87144539299004,0,5,31.10990651742529,1,0,1
17.23152941098696,18,4,24.12334355868058,0,0,1
175.98245865414893,10,2,34.378438709357454,0,0,1
209.9399761780521,12,4,32.01928815502401,0,0,1
18.255382580481637,6,0,74.55072477507692,0,0,1
22.315470276732146,23,7,27.77063921442287,0,0,1
42.66200150101238,16,0,32.05991518120339,0,0,1
68.94140444876165,18,8,22.243850415431986,0,0,1
223.18630208218275,5,3,6.73592088121774,0,0,1
36.44385724094443,5,4,11.98276058945257,0,0,1
59.29985914247256,8,5,28.030353162912096,0,0,1
72.53850879884061,21,1,1.6902670386502845,0,0,1
117.88065028200192,7,1,90.90737513383257,0,0,1
79.99764615179966,20,8,37.54433800831344,1,0,1
30.418323325927005,7,4,35.58109340480333,0,0,1
162.28081173648155,9,5,18.08697377004817,0,0,1
2.3711872924350015,4,7,110.6105287369864,0,0,1
104.47185341382146,9,3,52.93103635708282,0,0,1
271.8600527545924,1,1,16.239583117547753,1,0,1
16.400743025106447,21,5,54.170914968980796,0,0,1
137.14250368917845,8,3,1.1245491205495792,0,0,1
30.418323325927005,7,4,35.58109340480333,0,0,1
13.561816562204484,11,9,84.88505925554465,1,0,1
33.447783150357694,15,7,27.959535512243423,0,0,1
45.48415324234035,21,9,13.757177302436402,0,0,1
19.49856366812427,22,9,182.60640518403096,0,0,1
260.9977449209915,9,7,39.95697005943845,1,0,1
292.0911709264685,21,2,20.005455775504004,0,0,1
14.661255122827866,9,3,81.14562811649765,0,0,1
30.083969701011704,2,3,43.31571140157153,0,0,1
97.54214576995756,21,7,21.374595419431135,0,0,1
202.53829191556267,23,6,13.248169642927952,0,0,1
77.26669123908864,22,0,43.61739099778183,0,0,1
22.333633395729795,10,0,16.546730375433516,1,0,1
110.62988444669864,22,5,55.09817975591079,0,0,1
166.14687984884705,22,7,91.85743214090954,0,1,1
142.04870159931824,1,7,48.23337692801359,0,0,1
5.040792183650127,23,2,16.557093276121243,0,0,1
178.1258354898527,13,9,32.4277718689277,0,0,1
12.998251116649588,1,4,42.93862292943485,0,0,1
291.8232300734288,9,2,31.24082205840224,1,0,1
133.1561478267037,19,9,40.76066214538501,0,0,1
36.562811166817646,15,8,30.54868057370856,0,0,1
15.854396621277056,11,3,235.1822909526317,0,0,1
3.306691334998571,3,1,202.61529626729663,0,0,1
184.86759216512388,16,1,27.763464774689865,0,0,1
300.1332397244468,8,8,4.283054084663725,1,1,1
64.01626731526842,9,0,58.142929198173775,0,0,1
45.48415324234035,21,9,13.757177302436402,0,0,1
21.748210803096157,14,8,51.35435124634501,1,0,1
9.922650699345185,10,0,26.333716765914883,0,0,1
31.969116255840703,4,9,0.5632160150714738,0,0,1
166.23287934593068,11,9,250.19273467516268,0,0,1
18.763882868982012,1,4,12.110386217410984,0,0,1
106.17002105589255,6,4,59.78172599849226,0,0,1
1.2838542227578875,20,5,22.117679122232147,0,0,1
24.021704555933255,23,8,3.8382288633517407,0,0,1
52.95216724374391,2,3,5.313898822800285,0,0,1
198.0810706735358,10,2,10.941605169866856,0,0,1
114.88748725771671,11,5,96.84144436411253,0,0,1
246.35098846338414,2,3,102.47334021733414,0,0,1
101.10887957798545,10,3,109.75078234336313,1,0,1
30.083969701011704,2,3,43.31571140157153,0,0,1
58.089606501413904,7,5,3.309744306666461,0,0,1
102.48442087373908,8,2,27.67942806544158,0,0,1
6.2116863612178825,4,6,98.12641121588777,0,0,1
1.9227070420597503,12,6,25.69548721435871,1,0,1
5.491521657386787,8,0,132.22501027214537,0,0,1
118.75590135001512,21,0,391.0004833954609,0,0,1
28.350019881455186,23,6,69.12281784719994,0,0,1
8.889283909093013,18,8,52.685541651173764,0,0,1
373.02775845358445,6,4,0.9451853579518589,0,0,1
67.12896590224157,6,6,8.970474446336452,0,0,1
16.310203838164476,19,3,16.90541155206449,0,0,1
68.94140444876165,18,8,22.243850415431986,0,0,1
38.04829531389874,0,5,175.87533526373696,0,0,1
110.13963171723069,22,5,4.5060190155917415,0,0,1
50.41826810247863,20,2,147.31680072853374,0,0,1
45.6277218220847,10,2,39.123228018931286,0,0,1
43.900081917116495,0,3,30.90807939371187,0,0,1
188.89374551533777,15,0,34.97417598815268,0,1,1
75.94725215107503,2,2,96.15674217510005,0,0,1
184.86759216512388,16,1,27.763464774689865,0,0,1
54.98151727917913,22,6,51.384023326872565,1,0,1
38.81213685465557,19,1,26.504055206552724,0,0,1
271.8600527545924,1,1,16.239583117547753,1,0,1
1.3959112564237626,11,2,8.128285605537146,0,0,1
66.839180986861,21,2,49.62493262255756,0,0,1
139.59780297071188,18,2,19.917240521131358,0,0,1
31.969116255840703,4,9,0.5632160150714738,0,0,1
35.677078125303815,0,1,10.30511560686879,0,0,1
171.27165386597838,0,9,106.16524512537701,0,0,1
50.18201538710777,22,5,6.723303917634582,1,0,1
38.73729908946474,22,0,1.7549264752632747,0,0,1
101.4580136639517,12,6,36.11357645825737,0,0,1
28.350019881455186,23,6,69.12281784719994,0,0,1
363.0194375144341,21,3,16.795974760707328,0,0,1
76.22542630659325,7,2,38.788162882964606,0,0,1
125.20677895857905,16,5,19.482186740937074,0,0,1
186.350049185203,20,8,98.07815955179719,0,0,1
137.14250368917845,8,3,1.1245491205495792,0,0,1
57.56509916369589,20,0,3.0083315455548894,0,0,1
53.58816716561955,0,7,193.71183879334387,0,0,1
69.35431299831438,22,9,56.19703879064441,1,0,1
157.4333443217474,21,5,60.70224840729944,0,0,1
24.021704555933255,23,8,3.8382288633517407,0,0,1
159.85097044557224,13,2,1.3803452063470847,0,0,1
108.9527839812185,4,5,92.85477538665799,0,0,1
29.235129399663172,16,6,1.0822483439467454,0,0,1
30.881795635781096,18,8,132.86772408639308,0,0,1
5.878110672996271,12,3,46.444199732526116,0,0,1
4.24858323649007,11,9,38.002181425950184,1,1,1
157.0029786395229,8,1,42.509048358152,0,0,1
29.605694249926774,0,7,54.651287626433806,0,0,1
68.94140444876165,18,8,22.243850415431986,0,0,1
3.3997969868477944,3,8,206.4407024606287,0,0,1
137.14250368917845,8,3,1.1245491205495792,0,0,1
54.98151727917913,22,6,51.384023326872565,1,0,1
204.63718019452122,15,5,71.09537673840633,0,0,1
74.0839071582705,4,2,20.66175946995104,0,0,1
51.442606733099105,18,4,7.182053409558,0,0,1
38.814551496387395,13,7,30.68817761402417,0,0,1
162.28081173648155,9,5,18.08697377004817,0,0,1
38.814551496387395,13,7,30.68817761402417,0,0,1
8.889283909093013,18,8,52.685541651173764,0,0,1
60.57691464212985,8,1,8.02041865969103,0,0,1
2.920502143209468,7,8,19.549491693078146,0,0,1
9.988280887183773,12,1,14.137935080198885,0,0,1
221.76934692017682,17,3,13.950336136706293,1,0,1
49.59909850233758,20,2,16.800113583679813,0,0,1
54.425714269355005,5,8,39.63701218118999,0,0,1
81.7360407561493,22,1,12.40304796253427,0,0,1
368.0639977890095,18,4,110.66002693803014,0,0,1
354.80715158700065,2,7,116.27550646294964,0,0,1
53.58816716561955,0,7,193.71183879334387,0,0,1
59.74455297927822,22,2,5.164055987644153,0,0,1
36.787432595670374,9,7,17.609865246165043,0,1,1
203.18329093679114,14,0,5.4912170224102335,0,0,1
424.40369826152596,22,5,16.512730645106213,0,0,1
52.03953077789556,23,6,32.935962231166585,0,0,1
57.02146898831339,18,0,13.263746435734644,0,0,1
351.0461721282546,11,9,116.60730496916878,0,0,1
43.900081917116495,0,3,30.90807939371187,0,0,1
198.77512246541207,2,7,32.472176755808576,0,0,1
166.14687984884705,22,7,91.85743214090954,0,1,1
201.30785624263493,6,6,51.5315207055267,0,0,1
439.99779791123024,6,1,21.41526179740357,0,0,1
17.78149123609272,8,1,44.58080881423314,1,0,1
64.88440167417792,4,4,9.134444775559396,0,0,1
139.47876580584736,19,7,16.02604882792193,0,0,1
126.4700490305277,6,5,45.74630483563026,0,0,1
142.04870159931824,1,7,48.23337692801359,0,0,1
123.72011801262866,1,1,56.85756721715474,0,0,1
101.10887957798545,10,3,109.75078234336313,1,0,1
58.65378397571735,22,3,62.56598345064862,0,0,1
78.58269643247577,2,0,142.6880920648922,1,0,1
37.810457768796724,9,2,25.419138158091346,0,0,1
4.015750682000012,7,5,4.746778541553791,0,0,1
538.6386668497049,4,4,8.902415376242699,0,0,1
46.62620455388791,14,3,82.35686678457765,0,0,1
19.896792853683777,4,9,67.00050537001484,0,0,1
1.9341328972891516,15,4,46.90460818307017,0,1,1
354.80715158700065,2,7,116.27550646294964,0,0,1
295.04946419583877,11,7,27.06081806008065,0,0,1
184.4077141321478,1,1,116.14923766361474,0,0,1
198.77512246541207,2,7,32.472176755808576,0,0,1
167.61174392499228,1,6,185.42247185846952,0,0,1
2.6968776316331806,22,1,110.52651187105394,0,0,1
152.01542911231599,22,5,61.76793548477574,0,0,1
16.81654704781473,0,7,31.798557844076463,0,0,1
1.2838542227578875,20,5,22.117679122232147,0,0,1
238.33748858765222,8,4,4.705586618471598,0,0,1
12.371277950994294,3,6,24.8883455935904,0,0,1
137.14250368917845,8,3,1.1245491205495792,0,0,1
363.0194375144341,21,3,16.795974760707328,0,0,1
159.9206379801562,5,7,42.96364263241269,1,0,1
101.4580136639517,12,6,36.11357645825737,0,0,1
75.91437829608314,12,2,48.31941340506077,0,0,1
53.33140363376775,15,4,38.34052084947605,0,0,1
36.787432595670374,9,7,17.609865246165043,0,1,1
109.9723477185524,7,3,24.963652150728503,0,0,1
59.361578701023376,6,0,22.479642167803654,1,0,1
12.998251116649588,1,4,42.93862292943485,0,0,1
417.69315472305345,14,8,19.782104815885322,0,0,1
24.021704555933255,23,8,3.8382288633517407,0,0,1
66.839180986861,21,2,49.62493262255756,0,0,1
17.537807086470178,12,3,15.277085575097377,0,0,1
187.44086668722915,3,2,119.5404162486662,0,0,1
64.88440167417792,4,4,9.134444775559396,0,0,1
53.58816716561955,0,7,193.71183879334387,0,0,1
13.602729246922369,2,3,106.08831044086573,1,0,1
187.44086668722915,3,2,119.5404162486662,0,0,1
45.42781969054579,21,9,72.58094734078766,0,0,1
51.46000942652068,21,7,118.14063659614911,0,0,1
17.537807086470178,12,3,15.277085575097377,0,0,1
105.23320404102641,17,4,16.125892513935405,0,0,1
38.73729908946474,22,0,1.7549264752632747,0,0,1
58.20966897077567,15,2,2.9912846372219137,0,0,1
5.136121995053866,1,8,77.72357861622875,0,0,1
47.21047421663407,20,0,41.049500475642255,0,0,1
97.00306153489309,3,2,76.29218907128815,0,0,1
76.29805773424295,19,2,14.128919921172217,0,0,1
137.14250368917845,8,3,1.1245491205495792,0,0,1
108.9527839812185,4,5,92.85477538665799,0,0,1
7.7432450996429845,17,5,19.062598310789326,0,0,1
30.252302491911642,6,5,15.913460006143504,0,0,1
68.94140444876165,18,8,22.243850415431986,0,0,1
295.04946419583877,11,7,27.06081806008065,0,0,1
66.01613947623754,5,4,46.0280273105047,0,1,1
5.040792183650127,23,2,16.557093276121243,0,0,1
33.447783150357694,15,7,27.959535512243423,0,0,1
97.63011917123741,15,1,65.88681194104558,0,0,1
58.34562125363503,11,7,63.72697315013257,0,0,1
174.90717991613752,23,8,2.2289712685383747,0,0,1
190.70974725278722,23,7,73.70803548315494,1,0,1
61.34547044538154,10,5,117.24357062881636,0,0,1
373.02775845358445,6,4,0.9451853579518589,0,0,1
8.08981934215118,12,7,17.332918959922246,0,0,1
62.305859880409876,11,9,42.35225729764671,0,0,1
125.20674728720263,14,9,11.35805512257363,1,0,1
363.0194375144341,21,3,16.795974760707328,0,0,1
14.661255122827866,9,3,81.14562811649765,0,0,1
22.333633395729795,10,0,16.546730375433516,1,0,1
172.51858538085813,15,5,41.15226229400994,0,0,1
219.93782101996536,2,9,24.66247992528514,0,0,1
39.860765678899796,23,2,41.15391763330044,0,0,1
5.878110672996271,12,3,46.444199732526116,0,0,1
363.0194375144341,21,3,16.795974760707328,0,0,1
2.276141416943498,3,5,12.005336251366716,0,0,1
125.29062038255496,11,3,2.6808369218310233,1,0,1
2.6968776316331806,22,1,110.52651187105394,0,0,1
223.18630208218275,5,3,6.73592088121774,0,0,1
19.49856366812427,22,9,182.60640518403096,0,0,1
2.0326921004244554,9,5,0.6659690613441591,0,0,1
47.21047421663407,20,0,41.049500475642255,0,0,1
15.175698737108501,15,6,51.748183747845246,0,0,1
157.4333443217474,21,5,60.70224840729944,0,0,1
22.315470276732146,23,7,27.77063921442287,0,0,1
30.252302491911642,6,5,15.913460006143504,0,0,1
2.920502143209468,7,8,19.549491693078146,0,0,1
174.90717991613752,23,8,2.2289712685383747,0,0,1
108.38774297986396,6,8,101.31439896464151,0,0,1
346.78081469049494,21,4,49.94025281979742,0,0,1
271.32472745175227,21,4,243.17541105901563,0,0,1
49.31422569251884,13,6,4.895097662460259,0,0,1
64.69045124116816,11,7,37.05794681869068,0,1,1
61.679567819699386,5,5,15.914869521472768,0,0,1
1.8561887410766007,18,9,35.69885771934009,0,0,1
3.3997969868477944,3,8,206.4407024606287,0,0,1
41.37344285219658,22,3,21.285205372776765,0,0,1
15.311853406083515,5,3,17.724084454466578,1,0,1
106.17002105589255,6,4,59.78172599849226,0,0,1
24.17341978858234,18,1,7.088503346634613,0,0,1
38.73729908946474,22,0,1.7549264752632747,0,0,1
36.44385724094443,5,4,11.98276058945257,0,0,1
69.94394526077897,2,3,8.486359845437324,0,0,1
130.48178060225274,7,5,23.00558301625234,0,0,1
9.147602822482632,20,5,143.6409779987174,0,0,1
16.310203838164476,19,3,16.90541155206449,0,0,1
36.88462597889831,17,1,4.938231155170579,0,0,1
37.810457768796724,9,2,25.419138158091346,0,0,1
68.56925413210558,5,4,13.540082908604326,1,0,1
156.40973333379875,16,6,52.811839062516256,0,0,1
1.9341328972891516,15,4,46.90460818307017,0,1,1
13.278406215222638,6,6,54.02987643434668,0,0,1
2.2827151427937546,4,8,12.603249148574033,0,0,1
3.4373198347193927,9,0,33.87518464210393,0,0,1
271.62086538759945,9,8,3.8804007496247026,0,0,1
15.854396621277056,11,3,235.1822909526317,0,0,1
63.631778423913055,5,5,121.96250833720867,0,0,1
99.30575734759223,19,9,60.12707975729696,0,1,1
2.0326921004244554,9,5,0.6659690613441591,0,0,1
162.7305474991052,5,8,22.060525338496248,0,0,1
30.083969701011704,2,3,43.31571140157153,0,0,1
312.3112539233472,23,7,50.546342847293744,0,0,1
58.882083017236965,9,4,32.220508105571994,0,0,1
1.9341328972891516,15,4,46.90460818307017,0,1,1
159.9206379801562,5,7,42.96364263241269,1,0,1
130.81429681679046,22,3,23.345393052913156,0,0,1
8.08981934215118,12,7,17.332918959922246,0,0,1
231.90318981262067,3,9,21.84056203846677,0,0,1
3.306691334998571,3,1,202.61529626729663,0,0,1
170.57321038928245,14,6,3.501080431941519,0,0,1
153.0171671923533,11,7,152.11546728486834,0,0,1
78.56982277819277,19,5,25.996533128313448,0,0,1
59.361578701023376,6,0,22.479642167803654,1,0,1
101.10887957798545,10,3,109.75078234336313,1,0,1
166.45314340477654,3,0,12.256985114851783,1,0,1
130.81429681679046,22,3,23.345393052913156,0,0,1
83.47531994414878,11,8,66.50578222706646,0,0,1
119.09903146114227,5,2,42.07570687795267,1,0,1
1.5112115351447397,23,4,54.02382996180876,0,1,1
13.561816562204484,11,9,84.88505925554465,1,0,1
337.6177831884106,3,5,11.99458343819426,0,0,1
146.2834518066683,22,6,124.05652563442243,0,0,1
99.67467068014915,6,9,35.94526700431902,0,0,1
165.10782053369465,19,7,109.19781060393392,0,0,1
40.551686662245736,17,3,4.767552216736174,0,0,1
165.10782053369465,19,7,109.19781060393392,0,0,1
27.427121830813526,19,1,32.76218753481015,1,0,1
71.41516813681919,0,6,51.425448523330644,0,0,1
204.63718019452122,15,5,71.09537673840633,0,0,1
30.083969701011704,2,3,43.31571140157153,0,0,1
3.723434185767217,17,5,5.8768014907265425,0,0,1
68.94140444876165,18,8,22.243850415431986,0,0,1
61.679567819699386,5,5,15.914869521472768,0,0,1
270.59461718602284,16,7,158.3295028684857,1,0,1
163.42777671764387,8,8,20.612449766892418,0,0,1
8.86538677778067,16,4,7.7461960099927785,0,0,1
28.350019881455186,23,6,69.12281784719994,0,0,1
38.73729908946474,22,0,1.7549264752632747,0,0,1
158.23848901976177,14,2,118.93899447787265,1,0,1
57.56509916369589,20,0,3.0083315455548894,0,0,1
263.98855421040753,3,9,87.42629136603884,0,0,1
68.70925129207896,19,0,22.614732769591626,0,0,1
118.75590135001512,21,0,391.0004833954609,0,0,1
146.96479404457352,20,9,12.100549499284654,0,1,1
73.79028642493967,15,5,8.192885193599125,0,0,1
68.28522587890998,22,8,48.37622855671547,0,0,1
36.39868779777241,9,9,24.65422145636541,0,0,1
76.29805773424295,19,2,14.128919921172217,0,0,1
78.58269643247577,2,0,142.6880920648922,1,0,1
68.28522587890998,22,8,48.37622855671547,0,0,1
300.1332397244468,8,8,4.283054084663725,1,1,1
13.602729246922369,2,3,106.08831044086573,1,0,1
43.595353461673334,20,5,120.32559522287973,0,0,1
271.62086538759945,9,8,3.8804007496247026,0,0,1
18.897677461991314,6,7,17.794841356172462,0,0,1
14.10628908770694,6,8,24.969036020069872,0,0,1
71.27850914938828,8,9,178.105644021577,1,0,1
16.81654704781473,0,7,31.798557844076463,0,0,1
135.43939412806242,0,5,90.92136883560278,0,1,1
3.970799371386665,23,9,73.52450008743064,0,1,1
246.35098846338414,2,3,102.47334021733414,0,0,1
14.661255122827866,9,3,81.14562811649765,0,0,1
270.59461718602284,16,7,158.3295028684857,1,0,1
30.50646073151543,3,5,53.434101830940484,0,0,1
45.42781969054579,21,9,72.58094734078766,0,0,1
13.561816562204484,11,9,84.88505925554465,1,0,1
22.478503258578506,5,6,25.112107673285024,0,1,1
38.814551496387395,13,7,30.68817761402417,0,0,1
102.96887677502349,4,7,44.29138601036244,0,1,1
195.1148140133525,8,5,10.575738781709457,1,1,1
27.693113030920475,13,8,18.029056298044804,0,0,1
146.2834518066683,22,6,124.05652563442243,0,0,1
271.8600527545924,1,1,16.239583117547753,1,0,1
66.01613947623754,5,4,46.0280273105047,0,1,1
108.9162387290241,11,6,4.268031805059065,0,0,1
11.200018885465623,7,6,9.106130453543008,0,0,1
103.28232650944571,13,9,29.38385845272718,1,0,1
1.9227070420597503,12,6,25.69548721435871,1,0,1
171.27165386597838,0,9,106.16524512537701,0,0,1
4.278265894923065,4,6,235.96984168512623,0,0,1
52.636164143488465,2,0,39.15405985821817,0,0,1
68.56925413210558,5,4,13.540082908604326,1,0,1
66.79968270904791,18,4,47.09876946922254,1,0,1
291.8232300734288,9,2,31.24082205840224,1,0,1
261.9734692704209,2,8,13.061322488136074,1,0,1
295.04946419583877,11,7,27.06081806008065,0,0,1
109.0062525147099,17,9,13.055022757160526,0,0,1
6.720959348940872,12,8,29.198395355013538,0,0,1
24.680862366950556,7,0,20.59848937632275,0,0,1
80.89779289437242,1,6,27.807796710670964,0,0,1
36.39868779777241,9,9,24.65422145636541,0,0,1
97.10918138763648,5,9,11.48665716766481,0,0,1
95.23939916983089,18,7,12.951366069445115,0,0,1
171.27165386597838,0,9,106.16524512537701,0,0,1
36.58821279147374,21,7,5.971210506329347,0,0,1
27.693183488830137,2,9,82.92618763549594,0,0,1
58.089606501413904,7,5,3.309744306666461,0,0,1
538.6386668497049,4,4,8.902415376242699,0,0,1
68.94140444876165,18,8,22.243850415431986,0,0,1
15.344186123358494,10,7,5.553040927836629,0,0,1
39.94650606714626,4,8,26.454296010925994,1,0,1
28.350019881455186,23,6,69.12281784719994,0,0,1
17.78149123609272,8,1,44.58080881423314,1,0,1
2.6968776316331806,22,1,110.52651187105394,0,0,1
225.15307037607616,10,2,31.689396378004016,0,0,1
28.7645927596787,7,3,30.408062093304896,0,0,1
126.29497426093292,10,3,3.2457719378637173,0,0,1
27.693183488830137,2,9,82.92618763549594,0,0,1
61.679567819699386,5,5,15.914869521472768,0,0,1
76.29805773424295,19,2,14.128919921172217,0,0,1
78.8398852541655,3,7,19.56151373490235,0,0,1
3.306691334998571,3,1,202.61529626729663,0,0,1
66.82103205735585,7,4,70.43385671179558,0,0,1
184.8548945368862,11,4,56.98892667189076,0,0,1
142.04870159931824,1,7,48.23337692801359,0,0,1
59.963225243482775,16,7,13.56429692685589,0,0,1
58.564515422876184,13,4,122.1499019224478,1,0,1
34.75620842670952,20,9,24.568399501530134,1,0,1
114.01463466715083,8,9,30.553518452324607,0,0,1
165.10782053369465,19,7,109.19781060393392,0,0,1
97.54214576995756,21,7,21.374595419431135,0,0,1
14.10628908770694,6,8,24.969036020069872,0,0,1
139.72203916260642,20,8,14.335984542236385,0,0,1
10.665648797073594,21,2,85.8910044663252,1,0,1
1.2075645280140084,19,6,103.77330960621956,0,0,1
2.6968776316331806,22,1,110.52651187105394,0,0,1
1.8561887410766007,18,9,35.69885771934009,0,0,1
56.64038163132389,17,4,47.11505799709146,0,0,1
49.94689052671303,21,4,92.55255299444528,0,0,1
6.960802571127356,6,6,2.237583313096323,1,0,1
7.7432450996429845,17,5,19.062598310789326,0,0,1
5.279527809977468,0,7,57.966087619565855,0,0,1
0.9876161699253505,7,8,18.482480898162706,0,1,1
45.48415324234035,21,9,13.757177302436402,0,0,1
128.8582765673542,9,8,79.82000742516172,0,0,1
36.562811166817646,15,8,30.54868057370856,0,0,1
36.39868779777241,9,9,24.65422145636541,0,0,1
92.36751206847723,21,9,32.53045119772402,0,0,1
270.59461718602284,16,7,158.3295028684857,1,0,1
176.54098841221574,13,6,17.942465585956217,0,0,1
270.59461718602284,16,7,158.3295028684857,1,0,1
54.024547865953565,23,1,63.681676067027105,1,0,1
439.99779791123024,6,1,21.41526179740357,0,0,1
2.245300569573935,18,8,5.429270726064513,0,0,1
85.32576598372877,19,9,9.468822453719547,0,0,1
16.310203838164476,19,3,16.90541155206449,0,0,1
157.4333443217474,21,5,60.70224840729944,0,0,1
260.9977449209915,9,7,39.95697005943845,1,0,1
9.988280887183773,12,1,14.137935080198885,0,0,1
337.6177831884106,3,5,11.99458343819426,0,0,1
184.8548945368862,11,4,56.98892667189076,0,0,1
439.99779791123024,6,1,21.41526179740357,0,0,1
123.15909951213125,21,3,30.564262674952264,1,0,1
373.02775845358445,6,4,0.9451853579518589,0,0,1
74.03759563460443,21,4,21.455845630550183,0,0,1
2.920502143209468,7,8,19.549491693078146,0,0,1
160.87144539299004,0,5,31.10990651742529,1,0,1
59.29985914247256,8,5,28.030353162912096,0,0,1
61.34547044538154,10,5,117.24357062881636,0,0,1
146.96479404457352,20,9,12.100549499284654,0,1,1
137.14250368917845,8,3,1.1245491205495792,0,0,1
110.45595986817835,1,6,59.25661665155136,1,0,1
29.067457241461543,16,0,78.47402086264539,0,0,1
5.829199921078438,20,8,16.137844927876014,0,0,1
105.23320404102641,17,4,16.125892513935405,0,0,1
71.04371771341901,22,0,55.40927460058553,1,0,1
36.58821279147374,21,7,5.971210506329347,0,0,1
32.18460196170109,6,6,5.0153298360278615,0,0,1
58.50358284000809,8,4,57.13955666457806,0,0,1
38.73729908946474,22,0,1.7549264752632747,0,0,1
22.333633395729795,10,0,16.546730375433516,1,0,1
171.14608427343396,7,2,55.34410071430882,0,0,1
22.333633395729795,10,0,16.546730375433516,1,0,1
2.2827151427937546,4,8,12.603249148574033,0,0,1
3.4373198347193927,9,0,33.87518464210393,0,0,1
30.881795635781096,18,8,132.86772408639308,0,0,1
312.46376651979347,8,3,28.742877573710306,0,0,1
110.12890836523806,20,1,13.528984514017731,0,0,1
204.63718019452122,15,5,71.09537673840633,0,0,1
34.75620842670952,20,9,24.568399501530134,1,0,1
40.091673087853,19,0,51.39021762867748,0,0,1
351.0461721282546,11,9,116.60730496916878,0,0,1
59.74455297927822,22,2,5.164055987644153,0,0,1
130.33175780816856,23,0,81.97949830048015,0,0,1
23.789783550402998,12,2,40.53317258268741,0,0,1
260.9977449209915,9,7,39.95697005943845,1,0,1
130.7877525483067,21,8,11.075629952719003,0,0,1
340.3226264506965,5,5,63.58164509541857,0,0,1
71.27850914938828,8,9,178.105644021577,1,0,1
22.478503258578506,5,6,25.112107673285024,0,1,1
7.314681316131341,4,8,16.90125239766193,0,0,1
47.21047421663407,20,0,41.049500475642255,0,0,1
33.447783150357694,15,7,27.959535512243423,0,0,1
63.631778423913055,5,5,121.96250833720867,0,0,1
27.427121830813526,19,1,32.76218753481015,1,0,1
52.03953077789556,23,6,32.935962231166585,0,0,1
118.8196755663473,12,7,49.31546772180872,0,0,1
2.0326921004244554,9,5,0.6659690613441591,0,0,1
109.84137455189628,16,6,5.726814428094363,0,0,1
253.6383301814264,19,9,94.61850821010707,0,0,1
90.98844027249767,23,0,39.797388261138686,0,0,1
36.58821279147374,21,7,5.971210506329347,0,0,1
133.1561478267037,19,9,40.76066214538501,0,0,1
64.01626731526842,9,0,58.142929198173775,0,0,1
58.089606501413904,7,5,3.309744306666461,0,0,1
195.1148140133525,8,5,10.575738781709457,1,1,1
106.9894100615944,19,9,43.181359069670435,0,0,1
66.79968270904791,18,4,47.09876946922254,1,0,1
263.98855421040753,3,9,87.42629136603884,0,0,1
195.97883103082512,0,2,2.240969791578799,0,0,1
77.26669123908864,22,0,43.61739099778183,0,0,1
30.881795635781096,18,8,132.86772408639308,0,0,1
86.0431332045955,19,5,109.85978174066868,0,0,1
72.50082520454396,18,4,6.415021171062962,0,0,1
198.77512246541207,2,7,32.472176755808576,0,0,1
10.883751880671802,1,1,11.66507283460381,0,0,1
75.94725215107503,2,2,96.15674217510005,0,0,1
166.45314340477654,3,0,12.256985114851783,1,0,1
71.27850914938828,8,9,178.105644021577,1,0,1
178.1258354898527,13,9,32.4277718689277,0,0,1
90.8131583702163,20,3,9.284065335978271,0,0,1
106.9894100615944,19,9,43.181359069670435,0,0,1
0.9876161699253505,7,8,18.482480898162706,0,1,1
29.605694249926774,0,7,54.651287626433806,0,0,1
23.800106695362913,18,0,26.36678996843194,0,0,1
7.118850626264504,8,5,53.08686896522589,0,0,1
146.96479404457352,20,9,12.100549499284654,0,1,1
17.36332712183605,21,1,152.36697106267272,0,0,1
9.288590786036757,17,2,20.335123104282545,0,0,1
17.23152941098696,18,4,24.12334355868058,0,0,1
102.48442087373908,8,2,27.67942806544158,0,0,1
3.970799371386665,23,9,73.52450008743064,0,1,1
50.41826810247863,20,2,147.31680072853374,0,0,1
43.918633746988384,22,0,19.568478523206764,0,0,1
93.90454454748762,10,4,93.29159406187783,0,0,1
126.62847438313909,18,2,47.130090173043165,0,0,1
52.40700059673562,8,4,25.024125044809537,0,0,1
58.34562125363503,11,7,63.72697315013257,0,0,1
117.88065028200192,7,1,90.90737513383257,0,0,1
111.32543847202942,9,8,2.5869896164030437,0,0,1
18.763882868982012,1,4,12.110386217410984,0,0,1
63.631778423913055,5,5,121.96250833720867,0,0,1
184.4077141321478,1,1,116.14923766361474,0,0,1
19.49856366812427,22,9,182.60640518403096,0,0,1
70.46982345650964,14,1,19.815190625218076,0,0,1
170.57321038928245,14,6,3.501080431941519,0,0,1
378.4677972921234,22,2,21.02503840380716,0,0,1
55.768407917843135,11,0,40.72693314910434,0,0,1
223.18630208218275,5,3,6.73592088121774,0,0,1
10.883751880671802,1,1,11.66507283460381,0,0,1
12.998251116649588,1,4,42.93862292943485,0,0,1
195.1148140133525,8,5,10.575738781709457,1,1,1
16.400743025106447,21,5,54.170914968980796,0,0,1
16.16363423177122,11,8,88.3553376031359,0,0,1
64.88440167417792,4,4,9.134444775559396,0,0,1
312.3112539233472,23,7,50.546342847293744,0,0,1
1.3959112564237626,11,2,8.128285605537146,0,0,1
271.8600527545924,1,1,16.239583117547753,1,0,1
75.90961826383537,14,2,153.62979874424732,0,0,1
86.0431332045955,19,5,109.85978174066868,0,0,1
75.91437829608314,12,2,48.31941340506077,0,0,1
17.36332712183605,21,1,152.36697106267272,0,0,1
37.40595335387715,23,6,14.32366379748467,0,0,1
166.14687984884705,22,7,91.85743214090954,0,1,1
62.412939878869224,4,3,52.866598100308536,0,0,1
58.65378397571735,22,3,62.56598345064862,0,0,1
12.629338260806694,21,4,192.49265433535533,0,0,1
184.86759216512388,16,1,27.763464774689865,0,0,1
27.662202201299042,7,4,34.54578915472505,0,0,1
15.344186123358494,10,7,5.553040927836629,0,0,1
243.278001496574,16,6,24.07276706071405,0,0,1
7.448198725566497,2,2,25.170525528380104,1,0,1
74.03759563460443,21,4,21.455845630550183,0,0,1
176.54098841221574,13,6,17.942465585956217,0,0,1
158.52834081430325,11,7,8.87210737174755,0,0,1
52.40700059673562,8,4,25.024125044809537,0,0,1
173.1514053654731,21,4,74.38471880202704,0,0,1
64.88440167417792,4,4,9.134444775559396,0,0,1
130.7877525483067,21,8,11.075629952719003,0,0,1
108.38774297986396,6,8,101.31439896464151,0,0,1
67.63180399553154,15,5,61.30764959089332,0,0,1
57.02146898831339,18,0,13.263746435734644,0,0,1
110.62988444669864,22,5,55.09817975591079,0,0,1
28.289625375853163,17,8,16.94495076073306,0,0,1
28.350019881455186,23,6,69.12281784719994,0,0,1
101.4580136639517,12,6,36.11357645825737,0,0,1
95.11616399750737,21,6,13.033699526459957,0,0,1
158.23848901976177,14,2,118.93899447787265,1,0,1
6.2116863612178825,4,6,98.12641121588777,0,0,1
41.37344285219658,22,3,21.285205372776765,0,0,1
195.97883103082512,0,2,2.240969791578799,0,0,1
58.34562125363503,11,7,63.72697315013257,0,0,1
130.81429681679046,22,3,23.345393052913156,0,0,1
59.74455297927822,22,2,5.164055987644153,0,0,1
67.63180399553154,15,5,61.30764959089332,0,0,1
23.6125650647291,3,6,14.002555766381548,0,0,1
90.98844027249767,23,0,39.797388261138686,0,0,1
176.54098841221574,13,6,17.942465585956217,0,0,1
271.8600527545924,1,1,16.239583117547753,1,0,1
234.71617837584068,14,7,168.18947175207717,0,0,1
45.8522799264304,19,4,13.968281640229781,0,1,1
21.846167430754427,16,6,16.129986777661173,0,0,1
9.288590786036757,17,2,20.335123104282545,0,0,1
46.548110941267964,11,1,5.039088191749021,0,0,1
6.960802571127356,6,6,2.237583313096323,1,0,1
36.562811166817646,15,8,30.54868057370856,0,0,1
295.04946419583877,11,7,27.06081806008065,0,0,1
64.88440167417792,4,4,9.134444775559396,0,0,1
38.0025611056787,0,5,2.9625594551208274,0,0,1
227.65847094790317,20,5,95.59773563842165,0,0,1
346.78081469049494,21,4,49.94025281979742,0,0,1
238.33748858765222,8,4,4.705586618471598,0,0,1
180.1547870008433,14,4,7.599879100922198,0,0,1
126.4700490305277,6,5,45.74630483563026,0,0,1
122.69125744285758,14,2,39.720796165964835,0,0,1
130.33175780816856,23,0,81.97949830048015,0,0,1
44.53872370520718,6,4,11.424365320175406,0,0,1
312.3112539233472,23,7,50.546342847293744,0,0,1
42.66024955171008,17,7,107.58992553589543,0,0,1
162.7305474991052,5,8,22.060525338496248,0,0,1
238.33748858765222,8,4,4.705586618471598,0,0,1
55.42650325196402,3,8,90.1964750809194,0,0,1
24.90867335410724,23,0,17.360793805487482,0,0,1
79.99764615179966,20,8,37.54433800831344,1,0,1
128.8582765673542,9,8,79.82000742516172,0,0,1
4.24858323649007,11,9,38.002181425950184,1,1,1
22.333633395729795,10,0,16.546730375433516,1,0,1
130.81429681679046,22,3,23.345393052913156,0,0,1
3.3997969868477944,3,8,206.4407024606287,0,0,1
146.96479404457352,20,9,12.100549499284654,0,1,1
103.28232650944571,13,9,29.38385845272718,1,0,1
42.66024955171008,17,7,107.58992553589543,0,0,1
166.23287934593068,11,9,250.19273467516268,0,0,1
97.00306153489309,3,2,76.29218907128815,0,0,1
76.29805773424295,19,2,14.128919921172217,0,0,1
2.6968776316331806,22,1,110.52651187105394,0,0,1
9.97819661049211,18,3,15.612721457696619,0,0,1
17.36332712183605,21,1,152.36697106267272,0,0,1
13.602729246922369,2,3,106.08831044086573,1,0,1
59.29985914247256,8,5,28.030353162912096,0,0,1
19.896792853683777,4,9,67.00050537001484,0,0,1
82.40667280277229,23,1,34.04924265911898,0,0,1
90.8131583702163,20,3,9.284065335978271,0,0,1
73.79028642493967,15,5,8.192885193599125,0,0,1
78.8398852541655,3,7,19.56151373490235,0,0,1
47.21047421663407,20,0,41.049500475642255,0,0,1
139.72203916260642,20,8,14.335984542236385,0,0,1
53.10584998237119,10,0,43.148984273605315,1,0,1
43.918633746988384,22,0,19.568478523206764,0,0,1
172.65514506301994,17,2,2.0613637751341005,0,0,1
54.98151727917913,22,6,51.384023326872565,1,0,1
680.5751219889282,21,0,12.556303011845188,1,0,1
53.10584998237119,10,0,43.148984273605315,1,0,1
538.6386668497049,4,4,8.902415376242699,0,0,1
346.78081469049494,21,4,49.94025281979742,0,0,1
30.50646073151543,3,5,53.434101830940484,0,0,1
44.28527961865563,11,4,126.6381048702748,0,0,1
64.88440167417792,4,4,9.134444775559396,0,0,1
24.021704555933255,23,8,3.8382288633517407,0,0,1
27.64206896617385,0,4,47.78003340342137,0,0,1
37.40595335387715,23,6,14.32366379748467,0,0,1
57.56509916369589,20,0,3.0083315455548894,0,0,1
135.79848888102285,1,8,214.02085544927704,0,0,1
36.88462597889831,17,1,4.938231155170579,0,0,1
86.58671471970726,10,5,10.647582756432385,0,0,1
204.63718019452122,15,5,71.09537673840633,0,0,1
45.6277218220847,10,2,39.123228018931286,0,0,1
41.37344285219658,22,3,21.285205372776765,0,0,1
13.278406215222638,6,6,54.02987643434668,0,0,1
178.1258354898527,13,9,32.4277718689277,0,0,1
1.9847140688670828,1,8,8.182142007831459,0,0,1
97.59675556567069,15,9,1.3343895713138445,0,0,1
146.96479404457352,20,9,12.100549499284654,0,1,1
59.74455297927822,22,2,5.164055987644153,0,0,1
56.15460355367736,6,1,2.8902575046953327,0,0,1
7.314681316131341,4,8,16.90125239766193,0,0,1
118.75590135001512,21,0,391.0004833954609,0,0,1
32.18460196170109,6,6,5.0153298360278615,0,0,1
24.021704555933255,23,8,3.8382288633517407,0,0,1
219.93782101996536,2,9,24.66247992528514,0,0,1
93.90454454748762,10,4,93.29159406187783,0,0,1
118.75590135001512,21,0,391.0004833954609,0,0,1
64.69045124116816,11,7,37.05794681869068,0,1,1
27.427121830813526,19,1,32.76218753481015,1,0,1
156.40973333379875,16,6,52.811839062516256,0,0,1
17.36332712183605,21,1,152.36697106267272,0,0,1
71.27850914938828,8,9,178.105644021577,1,0,1
62.412939878869224,4,3,52.866598100308536,0,0,1
102.96887677502349,4,7,44.29138601036244,0,1,1
59.361578701023376,6,0,22.479642167803654,1,0,1
117.88065028200192,7,1,90.90737513383257,0,0,1
261.89929190405377,16,1,13.301917068014745,0,0,1
14.038193897663728,9,9,94.07306075433968,1,0,1
14.10628908770694,6,8,24.969036020069872,0,0,1
133.1561478267037,19,9,40.76066214538501,0,0,1
28.289625375853163,17,8,16.94495076073306,0,0,1
3.4373198347193927,9,0,33.87518464210393,0,0,1
139.59780297071188,18,2,19.917240521131358,0,0,1
261.89929190405377,16,1,13.301917068014745,0,0,1
45.42781969054579,21,9,72.58094734078766,0,0,1
71.41516813681919,0,6,51.425448523330644,0,0,1
58.089606501413904,7,5,3.309744306666461,0,0,1
44.53872370520718,6,4,11.424365320175406,0,0,1
31.14184672257246,11,5,12.207385591516394,0,0,1
1.9341328972891516,15,4,46.90460818307017,0,1,1
4.487298911432926,8,8,29.007067935383095,0,0,1
23.8687625248947,3,2,49.915495354243774,0,0,1
292.0911709264685,21,2,20.005455775504004,0,0,1
55.768407917843135,11,0,40.72693314910434,0,0,1
46.62620455388791,14,3,82.35686678457765,0,0,1
114.01463466715083,8,9,30.553518452324607,0,0,1
58.34562125363503,11,7,63.72697315013257,0,0,1
77.26669123908864,22,0,43.61739099778183,0,0,1
9.147602822482632,20,5,143.6409779987174,0,0,1
0.9876161699253505,7,8,18.482480898162706,0,1,1
152.01542911231599,22,5,61.76793548477574,0,0,1
19.896792853683777,4,9,67.00050537001484,0,0,1
6.2116863612178825,4,6,98.12641121588777,0,0,1
5.136121995053866,1,8,77.72357861622875,0,0,1
69.93027324199502,11,2,24.711443891440837,0,0,1
9.988280887183773,12,1,14.137935080198885,0,0,1
176.54098841221574,13,6,17.942465585956217,0,0,1
68.56925413210558,5,4,13.540082908604326,1,0,1
130.33175780816856,23,0,81.97949830048015,0,0,1
61.679567819699386,5,5,15.914869521472768,0,0,1
231.90318981262067,3,9,21.84056203846677,0,0,1
154.3080106811237,14,4,41.954706867452494,0,0,1
139.47876580584736,19,7,16.02604882792193,0,0,1
133.3490303883392,20,6,52.53986846111053,0,0,1
130.33175780816856,23,0,81.97949830048015,0,0,1
75.94725215107503,2,2,96.15674217510005,0,0,1
15.175698737108501,15,6,51.748183747845246,0,0,1
82.43603206028806,22,8,104.3820864918417,0,0,1
219.93782101996536,2,9,24.66247992528514,0,0,1
109.9723477185524,7,3,24.963652150728503,0,0,1
78.8398852541655,3,7,19.56151373490235,0,0,1
19.896792853683777,4,9,67.00050537001484,0,0,1
7.7432450996429845,17,5,19.062598310789326,0,0,1
56.15460355367736,6,1,2.8902575046953327,0,0,1
24.90867335410724,23,0,17.360793805487482,0,0,1
190.70974725278722,23,7,73.70803548315494,1,0,1
71.27850914938828,8,9,178.105644021577,1,0,1
2.245300569573935,18,8,5.429270726064513,0,0,1
439.99779791123024,6,1,21.41526179740357,0,0,1
166.14687984884705,22,7,91.85743214090954,0,1,1
104.74077979914793,12,6,39.61876254247438,0,0,1
165.10782053369465,19,7,109.19781060393392,0,0,1
160.97928189017483,5,5,85.80140300607214,0,0,1
85.68456724540113,14,9,24.441976045653327,0,0,1
88.69412861449368,4,9,90.08662304274728,0,0,1
260.9977449209915,9,7,39.95697005943845,1,0,1
243.278001496574,16,6,24.07276706071405,0,0,1
23.6125650647291,3,6,14.002555766381548,0,0,1
54.24799494631557,1,9,0.163814325068087,0,0,1
76.29805773424295,19,2,14.128919921172217,0,0,1
55.768407917843135,11,0,40.72693314910434,0,0,1
75.94725215107503,2,2,96.15674217510005,0,0,1
15.175698737108501,15,6,51.748183747845246,0,0,1
171.14608427343396,7,2,55.34410071430882,0,0,1
201.60648378543686,1,0,1.641193721678437,0,0,1
64.69045124116816,11,7,37.05794681869068,0,1,1
115.94048640248865,0,2,86.47686887981676,0,0,1
39.860765678899796,23,2,41.15391763330044,0,0,1
54.425714269355005,5,8,39.63701218118999,0,0,1
101.10887957798545,10,3,109.75078234336313,1,0,1
8.08981934215118,12,7,17.332918959922246,0,0,1
97.59675556567069,15,9,1.3343895713138445,0,0,1
57.56509916369589,20,0,3.0083315455548894,0,0,1
78.8398852541655,3,7,19.56151373490235,0,0,1
45.8522799264304,19,4,13.968281640229781,0,1,1
83.02828409517736,16,3,37.027969155698685,0,0,1
263.98855421040753,3,9,87.42629136603884,0,0,1
130.7877525483067,21,8,11.075629952719003,0,0,1
2.920502143209468,7,8,19.549491693078146,0,0,1
39.860765678899796,23,2,41.15391763330044,0,0,1
184.4077141321478,1,1,116.14923766361474,0,0,1
27.693183488830137,2,9,82.92618763549594,0,0,1
36.39868779777241,9,9,24.65422145636541,0,0,1
75.94725215107503,2,2,96.15674217510005,0,0,1
337.6475102731325,21,6,11.432832506589344,0,0,1
125.20674728720263,14,9,11.35805512257363,1,0,1
83.47531994414878,11,8,66.50578222706646,0,0,1
50.41826810247863,20,2,147.31680072853374,0,0,1
227.65847094790317,20,5,95.59773563842165,0,0,1
16.81654704781473,0,7,31.798557844076463,0,0,1
126.8474411846264,1,9,48.81637418511437,0,0,1
139.72203916260642,20,8,14.335984542236385,0,0,1
24.021704555933255,23,8,3.8382288633517407,0,0,1
44.53872370520718,6,4,11.424365320175406,0,0,1
139.72203916260642,20,8,14.335984542236385,0,0,1
9.147602822482632,20,5,143.6409779987174,0,0,1
95.23939916983089,18,7,12.951366069445115,0,0,1
130.7513601315038,9,7,53.672783262559555,0,0,1
36.02044760747379,23,1,22.757677668201467,1,0,1
90.98844027249767,23,0,39.797388261138686,0,0,1
12.629338260806694,21,4,192.49265433535533,0,0,1
58.564515422876184,13,4,122.1499019224478,1,0,1
117.90725753198146,0,9,112.71084031749447,0,0,1
0.6901724421494768,17,6,45.84031528872305,0,0,1
25.59115459033342,1,5,15.166679517164042,0,0,1
33.447783150357694,15,7,27.959535512243423,0,0,1
7.314681316131341,4,8,16.90125239766193,0,0,1
85.32576598372877,19,9,9.468822453719547,0,0,1
263.98855421040753,3,9,87.42629136603884,0,0,1
9.822978531124464,21,0,29.744815523454527,0,0,1
82.40667280277229,23,1,34.04924265911898,0,0,1
166.23287934593068,11,9,250.19273467516268,0,0,1
13.278406215222638,6,6,54.02987643434668,0,0,1
51.46000942652068,21,7,118.14063659614911,0,0,1
270.59461718602284,16,7,158.3295028684857,1,0,1
146.66583261701916,21,6,36.86064363449983,0,0,1
111.32543847202942,9,8,2.5869896164030437,0,0,1
166.45314340477654,3,0,12.256985114851783,1,0,1
18.897677461991314,6,7,17.794841356172462,0,0,1
51.442606733099105,18,4,7.182053409558,0,0,1
58.34562125363503,11,7,63.72697315013257,0,0,1
56.26742092155651,23,8,91.40563627302856,0,0,1
3.3997969868477944,3,8,206.4407024606287,0,0,1
67.63180399553154,15,5,61.30764959089332,0,0,1
135.40458792968136,6,6,63.75848791377457,0,0,1
159.85097044557224,13,2,1.3803452063470847,0,0,1
31.14184672257246,11,5,12.207385591516394,0,0,1
4.487298911432926,8,8,29.007067935383095,0,0,1
12.998251116649588,1,4,42.93862292943485,0,0,1
263.98855421040753,3,9,87.42629136603884,0,0,1
38.0025611056787,0,5,2.9625594551208274,0,0,1
238.33748858765222,8,4,4.705586618471598,0,0,1
51.442606733099105,18,4,7.182053409558,0,0,1
204.63718019452122,15,5,71.09537673840633,0,0,1
99.67467068014915,6,9,35.94526700431902,0,0,1
6.2116863612178825,4,6,98.12641121588777,0,0,1
62.305859880409876,11,9,42.35225729764671,0,0,1
10.665648797073594,21,2,85.8910044663252,1,0,1
3.2095746736032114,4,6,21.860923497442787,0,0,1
79.99764615179966,20,8,37.54433800831344,1,0,1
47.21047421663407,20,0,41.049500475642255,0,0,1
163.42777671764387,8,8,20.612449766892418,0,0,1
64.01626731526842,9,0,58.142929198173775,0,0,1
109.0062525147099,17,9,13.055022757160526,0,0,1
5.829199921078438,20,8,16.137844927876014,0,0,1
40.551686662245736,17,3,4.767552216736174,0,0,1
58.50358284000809,8,4,57.13955666457806,0,0,1
85.32576598372877,19,9,9.468822453719547,0,0,1
15.092058664226416,18,5,184.0609778092511,0,0,1
19.49856366812427,22,9,182.60640518403096,0,0,1
69.8729617097775,2,6,0.3381691896491799,1,0,1
72.12472435450759,4,2,23.4891106601453,0,0,1
424.40369826152596,22,5,16.512730645106213,0,0,1
50.18201538710777,22,5,6.723303917634582,1,0,1
5.040792183650127,23,2,16.557093276121243,0,0,1
131.62935503107585,1,4,7.737477804786633,0,0,1
11.200018885465623,7,6,9.106130453543008,0,0,1
15.311853406083515,5,3,17.724084454466578,1,0,1
0.9876161699253505,7,8,18.482480898162706,0,1,1
36.787432595670374,9,7,17.609865246165043,0,1,1
166.45314340477654,3,0,12.256985114851783,1,0,1
130.7513601315038,9,7,53.672783262559555,0,0,1
66.79968270904791,18,4,47.09876946922254,1,0,1
292.0911709264685,21,2,20.005455775504004,0,0,1
5.829199921078438,20,8,16.137844927876014,0,0,1
112.32727809391316,11,7,123.44213403411861,1,0,1
99.49206573550218,5,1,58.69100813132518,0,0,1
3.4373198347193927,9,0,33.87518464210393,0,0,1
109.9723477185524,7,3,24.963652150728503,0,0,1
165.10782053369465,19,7,109.19781060393392,0,0,1
38.814551496387395,13,7,30.68817761402417,0,0,1
152.01542911231599,22,5,61.76793548477574,0,0,1
3.4373198347193927,9,0,33.87518464210393,0,0,1
7.448198725566497,2,2,25.170525528380104,1,0,1
108.42337269652312,16,0,208.28606659145765,0,0,1
198.77512246541207,2,7,32.472176755808576,0,0,1
30.252302491911642,6,5,15.913460006143504,0,0,1
2.3711872924350015,4,7,110.6105287369864,0,0,1
76.22542630659325,7,2,38.788162882964606,0,0,1
41.37344285219658,22,3,21.285205372776765,0,0,1
72.50082520454396,18,4,6.415021171062962,0,0,1
22.37996748916361,5,7,43.76893266378124,0,0,1
0.909539960722861,2,7,9.883518851967569,1,1,1
36.562811166817646,15,8,30.54868057370856,0,0,1
69.35431299831438,22,9,56.19703879064441,1,0,1
64.69045124116816,11,7,37.05794681869068,0,1,1
135.79848888102285,1,8,214.02085544927704,0,0,1
38.814551496387395,13,7,30.68817761402417,0,0,1
76.29805773424295,19,2,14.128919921172217,0,0,1
102.96887677502349,4,7,44.29138601036244,0,1,1
83.47531994414878,11,8,66.50578222706646,0,0,1
93.90454454748762,10,4,93.29159406187783,0,0,1
118.8196755663473,12,7,49.31546772180872,0,0,1
19.896792853683777,4,9,67.00050537001484,0,0,1
31.265816268805423,14,6,49.292883551554624,0,0,1
35.677078125303815,0,1,10.30511560686879,0,0,1
417.69315472305345,14,8,19.782104815885322,0,0,1
59.361578701023376,6,0,22.479642167803654,1,0,1
79.99764615179966,20,8,37.54433800831344,1,0,1
17.78149123609272,8,1,44.58080881423314,1,0,1
29.044573699054165,2,4,33.05236990889673,0,0,1
29.605694249926774,0,7,54.651287626433806,0,0,1
351.0461721282546,11,9,116.60730496916878,0,0,1
62.305859880409876,11,9,42.35225729764671,0,0,1
15.854396621277056,11,3,235.1822909526317,0,0,1
51.442606733099105,18,4,7.182053409558,0,0,1
27.339934203463027,0,6,35.66666050248854,0,0,1
69.35431299831438,22,9,56.19703879064441,1,0,1
271.32472745175227,21,4,243.17541105901563,0,0,1
368.0639977890095,18,4,110.66002693803014,0,0,1
15.311853406083515,5,3,17.724084454466578,1,0,1
71.15421049175391,12,4,26.999163542605366,0,0,1
27.427121830813526,19,1,32.76218753481015,1,0,1
14.10628908770694,6,8,24.969036020069872,0,0,1
121.49665279329646,3,0,104.63752819688388,0,0,1
3.4373198347193927,9,0,33.87518464210393,0,0,1
5.369235116351659,2,1,89.29250630209306,0,0,1
12.371277950994294,3,6,24.8883455935904,0,0,1
10.883751880671802,1,1,11.66507283460381,0,0,1
64.69045124116816,11,7,37.05794681869068,0,1,1
40.091673087853,19,0,51.39021762867748,0,0,1
55.768407917843135,11,0,40.72693314910434,0,0,1
83.47531994414878,11,8,66.50578222706646,0,0,1
85.32576598372877,19,9,9.468822453719547,0,0,1
8.170455545483112,15,7,62.38069488239917,0,0,1
260.9977449209915,9,7,39.95697005943845,1,0,1
101.4580136639517,12,6,36.11357645825737,0,0,1
102.48442087373908,8,2,27.67942806544158,0,0,1
119.09903146114227,5,2,42.07570687795267,1,0,1
373.02775845358445,6,4,0.9451853579518589,0,0,1
312.3112539233472,23,7,50.546342847293744,0,0,1
261.89929190405377,16,1,13.301917068014745,0,0,1
23.6125650647291,3,6,14.002555766381548,0,0,1
130.48178060225274,7,5,23.00558301625234,0,0,1
363.0194375144341,21,3,16.795974760707328,0,0,1
260.9977449209915,9,7,39.95697005943845,1,0,1
424.40369826152596,22,5,16.512730645106213,0,0,1
69.35431299831438,22,9,56.19703879064441,1,0,1
6.2116863612178825,4,6,98.12641121588777,0,0,1
66.79968270904791,18,4,47.09876946922254,1,0,1
75.5133950505363,1,7,39.014884288711954,0,0,1
16.76647527706798,9,2,163.58542046727925,0,0,1
439.99779791123024,6,1,21.41526179740357,0,0,1
1.9227070420597503,12,6,25.69548721435871,1,0,1
6.2116863612178825,4,6,98.12641121588777,0,0,1
56.64038163132389,17,4,47.11505799709146,0,0,1
180.1547870008433,14,4,7.599879100922198,0,0,1
174.90717991613752,23,8,2.2289712685383747,0,0,1
109.0062525147099,17,9,13.055022757160526,0,0,1
30.083969701011704,2,3,43.31571140157153,0,0,1
19.734781486214786,8,1,34.11532667385372,0,0,1
45.6277218220847,10,2,39.123228018931286,0,0,1
131.78530934609608,13,1,29.434637969770773,0,0,1
85.32576598372877,19,9,9.468822453719547,0,0,1
12.629338260806694,21,4,192.49265433535533,0,0,1
82.70338886506579,20,5,22.44674257703255,0,0,1
1.4651476265668781,13,6,2.5306785462349444,0,0,1
52.95216724374391,2,3,5.313898822800285,0,0,1
40.091673087853,19,0,51.39021762867748,0,0,1
211.67850510798343,17,3,53.470203262213126,0,0,1
18.763882868982012,1,4,12.110386217410984,0,0,1
27.64206896617385,0,4,47.78003340342137,0,0,1
68.70925129207896,19,0,22.614732769591626,0,0,1
9.97819661049211,18,3,15.612721457696619,0,0,1
108.46201550855181,10,9,59.829522054279984,0,0,1
18.897677461991314,6,7,17.794841356172462,0,0,1
111.32543847202942,9,8,2.5869896164030437,0,0,1
58.50358284000809,8,4,57.13955666457806,0,0,1
1.2838542227578875,20,5,22.117679122232147,0,0,1
354.80715158700065,2,7,116.27550646294964,0,0,1
13.602729246922369,2,3,106.08831044086573,1,0,1
110.62988444669864,22,5,55.09817975591079,0,0,1
69.35431299831438,22,9,56.19703879064441,1,0,1
118.75590135001512,21,0,391.0004833954609,0,0,1
31.603107893455572,7,0,76.56776118900214,0,0,1
82.43603206028806,22,8,104.3820864918417,0,0,1
36.58821279147374,21,7,5.971210506329347,0,0,1
0.6901724421494768,17,6,45.84031528872305,0,0,1
93.90454454748762,10,4,93.29159406187783,0,0,1
263.98855421040753,3,9,87.42629136603884,0,0,1
81.69698563089183,15,7,0.8081126410891086,0,0,1
99.49206573550218,5,1,58.69100813132518,0,0,1
90.98844027249767,23,0,39.797388261138686,0,0,1
110.12890836523806,20,1,13.528984514017731,0,0,1
5.279527809977468,0,7,57.966087619565855,0,0,1
312.3112539233472,23,7,50.546342847293744,0,0,1
38.0025611056787,0,5,2.9625594551208274,0,0,1
82.40667280277229,23,1,34.04924265911898,0,0,1
195.1148140133525,8,5,10.575738781709457,1,1,1
30.881795635781096,18,8,132.86772408639308,0,0,1
102.48442087373908,8,2,27.67942806544158,0,0,1
29.067457241461543,16,0,78.47402086264539,0,0,1
44.28527961865563,11,4,126.6381048702748,0,0,1
82.40667280277229,23,1,34.04924265911898,0,0,1
231.90318981262067,3,9,21.84056203846677,0,0,1
378.4677972921234,22,2,21.02503840380716,0,0,1
108.38774297986396,6,8,101.31439896464151,0,0,1
64.01626731526842,9,0,58.142929198173775,0,0,1
1.9341328972891516,15,4,46.90460818307017,0,1,1
166.23287934593068,11,9,250.19273467516268,0,0,1
53.58816716561955,0,7,193.71183879334387,0,0,1
36.16930983379011,13,5,36.66870624187419,0,0,1
13.561816562204484,11,9,84.88505925554465,1,0,1
81.7360407561493,22,1,12.40304796253427,0,0,1
38.73729908946474,22,0,1.7549264752632747,0,0,1
46.548110941267964,11,1,5.039088191749021,0,0,1
88.69412861449368,4,9,90.08662304274728,0,0,1
58.34562125363503,11,7,63.72697315013257,0,0,1
246.35098846338414,2,3,102.47334021733414,0,0,1
130.33175780816856,23,0,81.97949830048015,0,0,1
112.32727809391316,11,7,123.44213403411861,1,0,1
78.8398852541655,3,7,19.56151373490235,0,0,1
38.41571882948685,17,9,13.597367581685848,0,0,1
68.70925129207896,19,0,22.614732769591626,0,0,1
15.895201566782516,12,3,194.89984263578597,0,0,1
109.84137455189628,16,6,5.726814428094363,0,0,1
38.73729908946474,22,0,1.7549264752632747,0,0,1
17.36332712183605,21,1,152.36697106267272,0,0,1
59.85339945794067,12,8,16.043688565562707,0,0,1
117.96898763803539,16,4,13.627886140722412,0,0,1
104.47185341382146,9,3,52.93103635708282,0,0,1
296.3643718282635,6,4,177.37795579499183,0,0,1
36.787432595670374,9,7,17.609865246165043,0,1,1
17.78149123609272,8,1,44.58080881423314,1,0,1
69.94394526077897,2,3,8.486359845437324,0,0,1
171.27165386597838,0,9,106.16524512537701,0,0,1
176.54098841221574,13,6,17.942465585956217,0,0,1
1.2838542227578875,20,5,22.117679122232147,0,0,1
59.361578701023376,6,0,22.479642167803654,1,0,1
243.278001496574,16,6,24.07276706071405,0,0,1
131.62935503107585,1,4,7.737477804786633,0,0,1
24.021704555933255,23,8,3.8382288633517407,0,0,1
21.901234315893586,9,6,22.65321621619728,0,0,1
58.20966897077567,15,2,2.9912846372219137,0,0,1
21.748210803096157,14,8,51.35435124634501,1,0,1
36.787432595670374,9,7,17.609865246165043,0,1,1
123.15909951213125,21,3,30.564262674952264,1,0,1
45.8522799264304,19,4,13.968281640229781,0,1,1
174.90717991613752,23,8,2.2289712685383747,0,0,1
9.922650699345185,10,0,26.333716765914883,0,0,1
139.72203916260642,20,8,14.335984542236385,0,0,1
201.60648378543686,1,0,1.641193721678437,0,0,1
2.245300569573935,18,8,5.429270726064513,0,0,1
201.30785624263493,6,6,51.5315207055267,0,0,1
2.960459192117248,22,2,51.72460629993388,0,0,1
43.595353461673334,20,5,120.32559522287973,0,0,1
121.49665279329646,3,0,104.63752819688388,0,0,1
424.40369826152596,22,5,16.512730645106213,0,0,1
30.50646073151543,3,5,53.434101830940484,0,0,1
8.86538677778067,16,4,7.7461960099927785,0,0,1
166.14687984884705,22,7,91.85743214090954,0,1,1
1.6333058503340645,18,4,40.925292977217126,0,0,1
30.083969701011704,2,3,43.31571140157153,0,0,1
58.50358284000809,8,4,57.13955666457806,0,0,1
119.09903146114227,5,2,42.07570687795267,1,0,1
38.81213685465557,19,1,26.504055206552724,0,0,1
3.3997969868477944,3,8,206.4407024606287,0,0,1
78.8398852541655,3,7,19.56151373490235,0,0,1
378.4677972921234,22,2,21.02503840380716,0,0,1
69.94394526077897,2,3,8.486359845437324,0,0,1
5.136121995053866,1,8,77.72357861622875,0,0,1
146.96479404457352,20,9,12.100549499284654,0,1,1
29.235129399663172,16,6,1.0822483439467454,0,0,1
139.59780297071188,18,2,19.917240521131358,0,0,1
292.0911709264685,21,2,20.005455775504004,0,0,1
204.63718019452122,15,5,71.09537673840633,0,0,1
90.8131583702163,20,3,9.284065335978271,0,0,1
172.51858538085813,15,5,41.15226229400994,0,0,1
54.425714269355005,5,8,39.63701218118999,0,0,1
71.83184380046364,5,9,12.168433986195797,0,0,1
171.27165386597838,0,9,106.16524512537701,0,0,1
135.40458792968136,6,6,63.75848791377457,0,0,1
6.720959348940872,12,8,29.198395355013538,0,0,1
17.36332712183605,21,1,152.36697106267272,0,0,1
6.720959348940872,12,8,29.198395355013538,0,0,1
59.963225243482775,16,7,13.56429692685589,0,0,1
40.551686662245736,17,3,4.767552216736174,0,0,1
94.91744805522319,1,4,13.04308586663246,0,0,1
36.787432595670374,9,7,17.609865246165043,0,1,1
7.7432450996429845,17,5,19.062598310789326,0,0,1
90.05669785734462,6,1,55.57849901670052,0,0,1
52.636164143488465,2,0,39.15405985821817,0,0,1
292.0911709264685,21,2,20.005455775504004,0,0,1
85.32576598372877,19,9,9.468822453719547,0,0,1
47.21047421663407,20,0,41.049500475642255,0,0,1
42.66200150101238,16,0,32.05991518120339,0,0,1
354.80715158700065,2,7,116.27550646294964,0,0,1
109.84137455189628,16,6,5.726814428094363,0,0,1
170.57321038928245,14,6,3.501080431941519,0,0,1
71.15421049175391,12,4,26.999163542605366,0,0,1
1.8561887410766007,18,9,35.69885771934009,0,0,1
253.6383301814264,19,9,94.61850821010707,0,0,1
33.447783150357694,15,7,27.959535512243423,0,0,1
9.147602822482632,20,5,143.6409779987174,0,0,1
126.8474411846264,1,9,48.81637418511437,0,0,1
15.895201566782516,12,3,194.89984263578597,0,0,1
157.02322288658587,2,8,33.46857241480386,0,0,1
30.418323325927005,7,4,35.58109340480333,0,0,1
22.478503258578506,5,6,25.112107673285024,0,1,1
8.293404321158143,7,9,13.760539205909467,0,0,1
85.68456724540113,14,9,24.441976045653327,0,0,1
2.3711872924350015,4,7,110.6105287369864,0,0,1
29.605694249926774,0,7,54.651287626433806,0,0,1
171.27165386597838,0,9,106.16524512537701,0,0,1
27.46363340482561,22,4,2.424691816423996,0,0,1
270.59461718602284,16,7,158.3295028684857,1,0,1
64.88440167417792,4,4,9.134444775559396,0,0,1
58.34562125363503,11,7,63.72697315013257,0,0,1
110.62988444669864,22,5,55.09817975591079,0,0,1
12.998251116649588,1,4,42.93862292943485,0,0,1
130.33175780816856,23,0,81.97949830048015,0,0,1
3.3997969868477944,3,8,206.4407024606287,0,0,1
104.47185341382146,9,3,52.93103635708282,0,0,1
184.86759216512388,16,1,27.763464774689865,0,0,1
9.822978531124464,21,0,29.744815523454527,0,0,1
242.56218872119706,20,7,17.693719229645357,0,0,1
6.2116863612178825,4,6,98.12641121588777,0,0,1
23.71485938913611,23,0,34.61604141634013,0,0,1
238.33748858765222,8,4,4.705586618471598,0,0,1
55.92315127740618,21,9,6.579760873271215,0,0,1
41.37344285219658,22,3,21.285205372776765,0,0,1
72.53850879884061,21,1,1.6902670386502845,0,0,1
478.24257519575656,15,8,2.4584440072756517,1,1,1
0.9876161699253505,7,8,18.482480898162706,0,1,1
219.93782101996536,2,9,24.66247992528514,0,0,1
209.9399761780521,12,4,32.01928815502401,0,0,1
117.88065028200192,7,1,90.90737513383257,0,0,1
4.24858323649007,11,9,38.002181425950184,1,1,1
103.28232650944571,13,9,29.38385845272718,1,0,1
39.860765678899796,23,2,41.15391763330044,0,0,1
538.6386668497049,4,4,8.902415376242699,0,0,1
97.54214576995756,21,7,21.374595419431135,0,0,1
14.10628908770694,6,8,24.969036020069872,0,0,1
75.94725215107503,2,2,96.15674217510005,0,0,1
82.43603206028806,22,8,104.3820864918417,0,0,1
64.01626731526842,9,0,58.142929198173775,0,0,1
61.34547044538154,10,5,117.24357062881636,0,0,1
58.089606501413904,7,5,3.309744306666461,0,0,1
11.200018885465623,7,6,9.106130453543008,0,0,1
16.83497609067831,3,4,17.19370528815662,0,0,1
1.9847140688670828,1,8,8.182142007831459,0,0,1
159.9206379801562,5,7,42.96364263241269,1,0,1
78.58269643247577,2,0,142.6880920648922,1,0,1
38.81213685465557,19,1,26.504055206552724,0,0,1
56.26742092155651,23,8,91.40563627302856,0,0,1
174.90717991613752,23,8,2.2289712685383747,0,0,1
39.94650606714626,4,8,26.454296010925994,1,0,1
56.15460355367736,6,1,2.8902575046953327,0,0,1
27.64206896617385,0,4,47.78003340342137,0,0,1
123.15909951213125,21,3,30.564262674952264,1,0,1
114.01463466715083,8,9,30.553518452324607,0,0,1
219.93782101996536,2,9,24.66247992528514,0,0,1
40.450084270052386,20,0,95.02240871157768,1,0,1
186.350049185203,20,8,98.07815955179719,0,0,1
8.170455545483112,15,7,62.38069488239917,0,0,1
23.789783550402998,12,2,40.53317258268741,0,0,1
184.8548945368862,11,4,56.98892667189076,0,0,1
166.14687984884705,22,7,91.85743214090954,0,1,1
4.278265894923065,4,6,235.96984168512623,0,0,1
90.05669785734462,6,1,55.57849901670052,0,0,1
58.564515422876184,13,4,122.1499019224478,1,0,1
211.67850510798343,17,3,53.470203262213126,0,0,1
71.04371771341901,22,0,55.40927460058553,1,0,1
337.6177831884106,3,5,11.99458343819426,0,0,1
2.245300569573935,18,8,5.429270726064513,0,0,1
45.8522799264304,19,4,13.968281640229781,0,1,1
9.147602822482632,20,5,143.6409779987174,0,0,1
106.9894100615944,19,9,43.181359069670435,0,0,1
38.81213685465557,19,1,26.504055206552724,0,0,1
0.9876161699253505,7,8,18.482480898162706,0,1,1
71.27850914938828,8,9,178.105644021577,1,0,1
69.35431299831438,22,9,56.19703879064441,1,0,1
59.74455297927822,22,2,5.164055987644153,0,0,1
31.603107893455572,7,0,76.56776118900214,0,0,1
37.40595335387715,23,6,14.32366379748467,0,0,1
14.038193897663728,9,9,94.07306075433968,1,0,1
80.89779289437242,1,6,27.807796710670964,0,0,1
45.8522799264304,19,4,13.968281640229781,0,1,1
27.427121830813526,19,1,32.76218753481015,1,0,1
2.2827151427937546,4,8,12.603249148574033,0,0,1
108.46201550855181,10,9,59.829522054279984,0,0,1
111.32543847202942,9,8,2.5869896164030437,0,0,1
69.8729617097775,2,6,0.3381691896491799,1,0,1
106.9894100615944,19,9,43.181359069670435,0,0,1
15.175698737108501,15,6,51.748183747845246,0,0,1
16.81654704781473,0,7,31.798557844076463,0,0,1
178.1258354898527,13,9,32.4277718689277,0,0,1
59.74455297927822,22,2,5.164055987644153,0,0,1
3.3997969868477944,3,8,206.4407024606287,0,0,1
111.32543847202942,9,8,2.5869896164030437,0,0,1
5.369235116351659,2,1,89.29250630209306,0,0,1
17.36332712183605,21,1,152.36697106267272,0,0,1
161.86093410817165,19,8,93.74823895904424,0,0,1
62.412939878869224,4,3,52.866598100308536,0,0,1
271.32472745175227,21,4,243.17541105901563,0,0,1
7.7432450996429845,17,5,19.062598310789326,0,0,1
83.47531994414878,11,8,66.50578222706646,0,0,1
157.02322288658587,2,8,33.46857241480386,0,0,1
17.537807086470178,12,3,15.277085575097377,0,0,1
81.7360407561493,22,1,12.40304796253427,0,0,1
78.56982277819277,19,5,25.996533128313448,0,0,1
24.17341978858234,18,1,7.088503346634613,0,0,1
135.43939412806242,0,5,90.92136883560278,0,1,1
2.3711872924350015,4,7,110.6105287369864,0,0,1
90.98844027249767,23,0,39.797388261138686,0,0,1
52.95216724374391,2,3,5.313898822800285,0,0,1
73.79028642493967,15,5,8.192885193599125,0,0,1
1.2075645280140084,19,6,103.77330960621956,0,0,1
64.01626731526842,9,0,58.142929198173775,0,0,1
97.63011917123741,15,1,65.88681194104558,0,0,1
17.23152941098696,18,4,24.12334355868058,0,0,1
52.03953077789556,23,6,32.935962231166585,0,0,1
38.0025611056787,0,5,2.9625594551208274,0,0,1
108.42337269652312,16,0,208.28606659145765,0,0,1
27.662202201299042,7,4,34.54578915472505,0,0,1
269.93819649542957,18,4,110.18881019041467,0,0,1
10.883751880671802,1,1,11.66507283460381,0,0,1
15.311853406083515,5,3,17.724084454466578,1,0,1
1.2075645280140084,19,6,103.77330960621956,0,0,1
54.24799494631557,1,9,0.163814325068087,0,0,1
9.296352899619693,15,4,19.035260244943508,0,0,1
54.98151727917913,22,6,51.384023326872565,1,0,1
14.038193897663728,9,9,94.07306075433968,1,0,1
117.90725753198146,0,9,112.71084031749447,0,0,1
61.34547044538154,10,5,117.24357062881636,0,0,1
112.32727809391316,11,7,123.44213403411861,1,0,1
20.103710397885287,16,8,44.848943112779864,0,0,1
226.65986286309044,9,4,64.16885948004443,0,0,1
31.265816268805423,14,6,49.292883551554624,0,0,1
295.04946419583877,11,7,27.06081806008065,0,0,1
291.8232300734288,9,2,31.24082205840224,1,0,1
1.4651476265668781,13,6,2.5306785462349444,0,0,1
158.52834081430325,11,7,8.87210737174755,0,0,1
95.11616399750737,21,6,13.033699526459957,0,0,1
22.315470276732146,23,7,27.77063921442287,0,0,1
6.2116863612178825,4,6,98.12641121588777,0,0,1
125.57048609797414,0,8,86.50474372202484,0,0,1
2.3711872924350015,4,7,110.6105287369864,0,0,1
81.69698563089183,15,7,0.8081126410891086,0,0,1
62.305859880409876,11,9,42.35225729764671,0,0,1
5.878110672996271,12,3,46.444199732526116,0,0,1
21.846167430754427,16,6,16.129986777661173,0,0,1
64.01626731526842,9,0,58.142929198173775,0,0,1
58.564515422876184,13,4,122.1499019224478,1,0,1
30.418323325927005,7,4,35.58109340480333,0,0,1
118.75590135001512,21,0,391.0004833954609,0,0,1
204.63718019452122,15,5,71.09537673840633,0,0,1
42.66024955171008,17,7,107.58992553589543,0,0,1
162.7305474991052,5,8,22.060525338496248,0,0,1
62.305859880409876,11,9,42.35225729764671,0,0,1
36.28476586043416,15,3,110.56038406384316,0,0,1
33.447783150357694,15,7,27.959535512243423,0,0,1
102.96887677502349,4,7,44.29138601036244,0,1,1
223.18630208218275,5,3,6.73592088121774,0,0,1
195.97883103082512,0,2,2.240969791578799,0,0,1
340.3226264506965,5,5,63.58164509541857,0,0,1
46.548110941267964,11,1,5.039088191749021,0,0,1
187.44086668722915,3,2,119.5404162486662,0,0,1
34.75620842670952,20,9,24.568399501530134,1,0,1
21.302903185996403,1,1,45.88939038061029,1,0,1
53.58816716561955,0,7,193.71183879334387,0,0,1
83.47531994414878,11,8,66.50578222706646,0,0,1
186.350049185203,20,8,98.07815955179719,0,0,1
29.235129399663172,16,6,1.0822483439467454,0,0,1
13.561816562204484,11,9,84.88505925554465,1,0,1
58.50358284000809,8,4,57.13955666457806,0,0,1
40.450084270052386,20,0,95.02240871157768,1,0,1
3.306691334998571,3,1,202.61529626729663,0,0,1
4.015750682000012,7,5,4.746778541553791,0,0,1
18.763882868982012,1,4,12.110386217410984,0,0,1
92.11109078171103,17,4,34.839702702365756,0,0,1
66.82103205735585,7,4,70.43385671179558,0,0,1
20.61841490643128,16,5,70.0193676401906,0,0,1
198.0810706735358,10,2,10.941605169866856,0,0,1
46.62620455388791,14,3,82.35686678457765,0,0,1
86.58671471970726,10,5,10.647582756432385,0,0,1
21.901234315893586,9,6,22.65321621619728,0,0,1
241.7168729910249,7,7,239.9113550819812,1,0,1
10.883751880671802,1,1,11.66507283460381,0,0,1
16.83497609067831,3,4,17.19370528815662,0,0,1
64.88440167417792,4,4,9.134444775559396,0,0,1
184.86759216512388,16,1,27.763464774689865,0,0,1
27.693113030920475,13,8,18.029056298044804,0,0,1
296.3643718282635,6,4,177.37795579499183,0,0,1
69.93027324199502,11,2,24.711443891440837,0,0,1
14.10628908770694,6,8,24.969036020069872,0,0,1
71.83184380046364,5,9,12.168433986195797,0,0,1
1.5112115351447397,23,4,54.02382996180876,0,1,1
171.27165386597838,0,9,106.16524512537701,0,0,1
51.46000942652068,21,7,118.14063659614911,0,0,1
66.82103205735585,7,4,70.43385671179558,0,0,1
38.0025611056787,0,5,2.9625594551208274,0,0,1
12.629338260806694,21,4,192.49265433535533,0,0,1
52.40700059673562,8,4,25.024125044809537,0,0,1
3.3997969868477944,3,8,206.4407024606287,0,0,1
4.24858323649007,11,9,38.002181425950184,1,1,1
41.37344285219658,22,3,21.285205372776765,0,0,1
312.46376651979347,8,3,28.742877573710306,0,0,1
30.50646073151543,3,5,53.434101830940484,0,0,1
346.78081469049494,21,4,49.94025281979742,0,0,1
159.85097044557224,13,2,1.3803452063470847,0,0,1
131.62935503107585,1,4,7.737477804786633,0,0,1
203.18329093679114,14,0,5.4912170224102335,0,0,1
176.54098841221574,13,6,17.942465585956217,0,0,1
17.607830972219595,5,2,2.0772988863842015,0,0,1
108.38774297986396,6,8,101.31439896464151,0,0,1
4.487298911432926,8,8,29.007067935383095,0,0,1
204.63718019452122,15,5,71.09537673840633,0,0,1
146.2834518066683,22,6,124.05652563442243,0,0,1
54.425714269355005,5,8,39.63701218118999,0,0,1
75.90961826383537,14,2,153.62979874424732,0,0,1
225.15307037607616,10,2,31.689396378004016,0,0,1
201.7950047367915,6,9,15.012876220074869,0,0,1
15.895201566782516,12,3,194.89984263578597,0,0,1
55.42650325196402,3,8,90.1964750809194,0,0,1
3.723434185767217,17,5,5.8768014907265425,0,0,1
38.41571882948685,17,9,13.597367581685848,0,0,1
54.425714269355005,5,8,39.63701218118999,0,0,1
417.69315472305345,14,8,19.782104815885322,0,0,1
95.23939916983089,18,7,12.951366069445115,0,0,1
2.2827151427937546,4,8,12.603249148574033,0,0,1
300.1332397244468,8,8,4.283054084663725,1,1,1
93.90454454748762,10,4,93.29159406187783,0,0,1
246.35098846338414,2,3,102.47334021733414,0,0,1
122.69125744285758,14,2,39.720796165964835,0,0,1
68.70925129207896,19,0,22.614732769591626,0,0,1
58.34562125363503,11,7,63.72697315013257,0,0,1
300.1332397244468,8,8,4.283054084663725,1,1,1
9.822978531124464,21,0,29.744815523454527,0,0,1
163.42777671764387,8,8,20.612449766892418,0,0,1
180.1547870008433,14,4,7.599879100922198,0,0,1
112.32727809391316,11,7,123.44213403411861,1,0,1
38.0025611056787,0,5,2.9625594551208274,0,0,1
29.067457241461543,16,0,78.47402086264539,0,0,1
45.42781969054579,21,9,72.58094734078766,0,0,1
8.170455545483112,15,7,62.38069488239917,0,0,1
12.998251116649588,1,4,42.93862292943485,0,0,1
27.662202201299042,7,4,34.54578915472505,0,0,1
159.9206379801562,5,7,42.96364263241269,1,0,1
97.54214576995756,21,7,21.374595419431135,0,0,1
88.69412861449368,4,9,90.08662304274728,0,0,1
261.89929190405377,16,1,13.301917068014745,0,0,1
18.255382580481637,6,0,74.55072477507692,0,0,1
354.80715158700065,2,7,116.27550646294964,0,0,1
36.39868779777241,9,9,24.65422145636541,0,0,1
15.534023502232127,5,9,245.48617901450157,0,0,1
50.18201538710777,22,5,6.723303917634582,1,0,1
90.8131583702163,20,3,9.284065335978271,0,0,1
36.02044760747379,23,1,22.757677668201467,1,0,1
1.5112115351447397,23,4,54.02382996180876,0,1,1
146.2834518066683,22,6,124.05652563442243,0,0,1
29.044573699054165,2,4,33.05236990889673,0,0,1
59.60890027945429,8,8,18.896989502350838,0,0,1
73.79028642493967,15,5,8.192885193599125,0,0,1
106.9894100615944,19,9,43.181359069670435,0,0,1
8.719399369795726,13,3,0.16611084305614982,0,0,1
3.306691334998571,3,1,202.61529626729663,0,0,1
49.59909850233758,20,2,16.800113583679813,0,0,1
167.61174392499228,1,6,185.42247185846952,0,0,1
75.5133950505363,1,7,39.014884288711954,0,0,1
15.534023502232127,5,9,245.48617901450157,0,0,1
3.970799371386665,23,9,73.52450008743064,0,1,1
158.52834081430325,11,7,8.87210737174755,0,0,1
74.0839071582705,4,2,20.66175946995104,0,0,1
23.800106695362913,18,0,26.36678996843194,0,0,1
126.8474411846264,1,9,48.81637418511437,0,0,1
5.491521657386787,8,0,132.22501027214537,0,0,1
130.81429681679046,22,3,23.345393052913156,0,0,1
1.3959112564237626,11,2,8.128285605537146,0,0,1
86.58671471970726,10,5,10.647582756432385,0,0,1
38.81213685465557,19,1,26.504055206552724,0,0,1
23.789783550402998,12,2,40.53317258268741,0,0,1
13.602729246922369,2,3,106.08831044086573,1,0,1
108.9527839812185,4,5,92.85477538665799,0,0,1
1.4651476265668781,13,6,2.5306785462349444,0,0,1
103.28232650944571,13,9,29.38385845272718,1,0,1
59.60890027945429,8,8,18.896989502350838,0,0,1
3.4373198347193927,9,0,33.87518464210393,0,0,1
28.230684939514095,3,6,54.90513206366566,1,0,1
15.895201566782516,12,3,194.89984263578597,0,0,1
2.276141416943498,3,5,12.005336251366716,0,0,1
271.8600527545924,1,1,16.239583117547753,1,0,1
101.96057941803029,19,4,4.860604814858531,0,1,1
56.15460355367736,6,1,2.8902575046953327,0,0,1
108.9527839812185,4,5,92.85477538665799,0,0,1
81.7360407561493,22,1,12.40304796253427,0,0,1
261.89929190405377,16,1,13.301917068014745,0,0,1
29.044573699054165,2,4,33.05236990889673,0,0,1
4.487298911432926,8,8,29.007067935383095,0,0,1
59.29985914247256,8,5,28.030353162912096,0,0,1
9.296352899619693,15,4,19.035260244943508,0,0,1
28.7645927596787,7,3,30.408062093304896,0,0,1
59.963225243482775,16,7,13.56429692685589,0,0,1
184.4077141321478,1,1,116.14923766361474,0,0,1
368.0639977890095,18,4,110.66002693803014,0,0,1
102.96887677502349,4,7,44.29138601036244,0,1,1
171.27165386597838,0,9,106.16524512537701,0,0,1
36.16930983379011,13,5,36.66870624187419,0,0,1
69.93027324199502,11,2,24.711443891440837,0,0,1
3.970799371386665,23,9,73.52450008743064,0,1,1
81.37369920602278,19,8,2.8935031797709567,0,1,1
9.147602822482632,20,5,143.6409779987174,0,0,1
3.3997969868477944,3,8,206.4407024606287,0,0,1
1.8561887410766007,18,9,35.69885771934009,0,0,1
32.18460196170109,6,6,5.0153298360278615,0,0,1
424.40369826152596,22,5,16.512730645106213,0,0,1
40.551686662245736,17,3,4.767552216736174,0,0,1
2.0326921004244554,9,5,0.6659690613441591,0,0,1
92.36751206847723,21,9,32.53045119772402,0,0,1
271.62086538759945,9,8,3.8804007496247026,0,0,1
49.59909850233758,20,2,16.800113583679813,0,0,1
30.881795635781096,18,8,132.86772408639308,0,0,1
5.040792183650127,23,2,16.557093276121243,0,0,1
27.46363340482561,22,4,2.424691816423996,0,0,1
69.52441332180219,0,7,9.329000889381454,0,0,1
67.12896590224157,6,6,8.970474446336452,0,0,1
10.665648797073594,21,2,85.8910044663252,1,0,1
58.65378397571735,22,3,62.56598345064862,0,0,1
66.82103205735585,7,4,70.43385671179558,0,0,1
31.14184672257246,11,5,12.207385591516394,0,0,1
106.9894100615944,19,9,43.181359069670435,0,0,1
15.344186123358494,10,7,5.553040927836629,0,0,1
63.91928577607432,17,2,69.40096216047533,0,0,1
125.20674728720263,14,9,11.35805512257363,1,0,1
83.02828409517736,16,3,37.027969155698685,0,0,1
64.01626731526842,9,0,58.142929198173775,0,0,1
125.20677895857905,16,5,19.482186740937074,0,0,1
209.9399761780521,12,4,32.01928815502401,0,0,1
139.59780297071188,18,2,19.917240521131358,0,0,1
36.787432595670374,9,7,17.609865246165043,0,1,1
69.93027324199502,11,2,24.711443891440837,0,0,1
190.70974725278722,23,7,73.70803548315494,1,0,1
36.88462597889831,17,1,4.938231155170579,0,0,1
58.20966897077567,15,2,2.9912846372219137,0,0,1
8.08981934215118,12,7,17.332918959922246,0,0,1
15.344186123358494,10,7,5.553040927836629,0,0,1
66.79968270904791,18,4,47.09876946922254,1,0,1
9.147602822482632,20,5,143.6409779987174,0,0,1
68.28522587890998,22,8,48.37622855671547,0,0,1
64.88440167417792,4,4,9.134444775559396,0,0,1
31.265816268805423,14,6,49.292883551554624,0,0,1
373.02775845358445,6,4,0.9451853579518589,0,0,1
312.46376651979347,8,3,28.742877573710306,0,0,1
23.71485938913611,23,0,34.61604141634013,0,0,1
52.03953077789556,23,6,32.935962231166585,0,0,1
51.442606733099105,18,4,7.182053409558,0,0,1
78.8398852541655,3,7,19.56151373490235,0,0,1
242.56218872119706,20,7,17.693719229645357,0,0,1
27.693113030920475,13,8,18.029056298044804,0,0,1
114.88748725771671,11,5,96.84144436411253,0,0,1
351.0461721282546,11,9,116.60730496916878,0,0,1
27.64206896617385,0,4,47.78003340342137,0,0,1
21.748210803096157,14,8,51.35435124634501,1,0,1
58.20966897077567,15,2,2.9912846372219137,0,0,1
154.3080106811237,14,4,41.954706867452494,0,0,1
261.9734692704209,2,8,13.061322488136074,1,0,1
76.22542630659325,7,2,38.788162882964606,0,0,1
16.310203838164476,19,3,16.90541155206449,0,0,1
204.63718019452122,15,5,71.09537673840633,0,0,1
190.70974725278722,23,7,73.70803548315494,1,0,1
71.04371771341901,22,0,55.40927460058553,1,0,1
170.57321038928245,14,6,3.501080431941519,0,0,1
53.05992863850641,18,6,151.8477595109053,0,0,1
4.487298911432926,8,8,29.007067935383095,0,0,1
96.64861891767073,15,8,25.10833323871784,1,0,1
188.89374551533777,15,0,34.97417598815268,0,1,1
15.344186123358494,10,7,5.553040927836629,0,0,1
13.561816562204484,11,9,84.88505925554465,1,0,1
269.93819649542957,18,4,110.18881019041467,0,0,1
187.44086668722915,3,2,119.5404162486662,0,0,1
175.98245865414893,10,2,34.378438709357454,0,0,1
137.14250368917845,8,3,1.1245491205495792,0,0,1
231.90318981262067,3,9,21.84056203846677,0,0,1
226.65986286309044,9,4,64.16885948004443,0,0,1
40.091673087853,19,0,51.39021762867748,0,0,1
66.79968270904791,18,4,47.09876946922254,1,0,1
106.9894100615944,19,9,43.181359069670435,0,0,1
220.64877354850609,5,0,26.035450136692738,0,0,1
5.491521657386787,8,0,132.22501027214537,0,0,1
106.9894100615944,19,9,43.181359069670435,0,0,1
478.24257519575656,15,8,2.4584440072756517,1,1,1
153.0171671923533,11,7,152.11546728486834,0,0,1
211.67850510798343,17,3,53.470203262213126,0,0,1
172.51858538085813,15,5,41.15226229400994,0,0,1
53.05992863850641,18,6,151.8477595109053,0,0,1
187.44086668722915,3,2,119.5404162486662,0,0,1
270.59461718602284,16,7,158.3295028684857,1,0,1
96.64861891767073,15,8,25.10833323871784,1,0,1
219.93782101996536,2,9,24.66247992528514,0,0,1
46.62620455388791,14,3,82.35686678457765,0,0,1
88.69412861449368,4,9,90.08662304274728,0,0,1
50.18201538710777,22,5,6.723303917634582,1,0,1
201.7950047367915,6,9,15.012876220074869,0,0,1
50.18201538710777,22,5,6.723303917634582,1,0,1
64.01626731526842,9,0,58.142929198173775,0,0,1
131.62935503107585,1,4,7.737477804786633,0,0,1
66.839180986861,21,2,49.62493262255756,0,0,1
1.9341328972891516,15,4,46.90460818307017,0,1,1
39.860765678899796,23,2,41.15391763330044,0,0,1
201.60648378543686,1,0,1.641193721678437,0,0,1
27.693113030920475,13,8,18.029056298044804,0,0,1
5.491521657386787,8,0,132.22501027214537,0,0,1
52.03953077789556,23,6,32.935962231166585,0,0,1
1.9341328972891516,15,4,46.90460818307017,0,1,1
1.4651476265668781,13,6,2.5306785462349444,0,0,1
128.8582765673542,9,8,79.82000742516172,0,0,1
38.73729908946474,22,0,1.7549264752632747,0,0,1
9.822978531124464,21,0,29.744815523454527,0,0,1
158.52834081430325,11,7,8.87210737174755,0,0,1
59.74455297927822,22,2,5.164055987644153,0,0,1
354.80715158700065,2,7,116.27550646294964,0,0,1
340.3226264506965,5,5,63.58164509541857,0,0,1
70.46982345650964,14,1,19.815190625218076,0,0,1
66.82103205735585,7,4,70.43385671179558,0,0,1
270.59461718602284,16,7,158.3295028684857,1,0,1
269.93819649542957,18,4,110.18881019041467,0,0,1
52.40700059673562,8,4,25.024125044809537,0,0,1
2.8596346211614394,13,4,28.88054872273366,0,0,1
101.96057941803029,19,4,4.860604814858531,0,1,1
133.3490303883392,20,6,52.53986846111053,0,0,1
121.49665279329646,3,0,104.63752819688388,0,0,1
85.68456724540113,14,9,24.441976045653327,0,0,1
41.37344285219658,22,3,21.285205372776765,0,0,1
58.34562125363503,11,7,63.72697315013257,0,0,1
6.2116863612178825,4,6,98.12641121588777,0,0,1
81.7360407561493,22,1,12.40304796253427,0,0,1
234.71617837584068,14,7,168.18947175207717,0,0,1
24.17341978858234,18,1,7.088503346634613,0,0,1
119.09903146114227,5,2,42.07570687795267,1,0,1
71.15421049175391,12,4,26.999163542605366,0,0,1
131.62935503107585,1,4,7.737477804786633,0,0,1
29.00836992594099,20,2,98.12500162757219,1,0,1
38.04829531389874,0,5,175.87533526373696,0,0,1
99.49206573550218,5,1,58.69100813132518,0,0,1
173.1514053654731,21,4,74.38471880202704,0,0,1
30.50646073151543,3,5,53.434101830940484,0,0,1
72.50082520454396,18,4,6.415021171062962,0,0,1
68.28522587890998,22,8,48.37622855671547,0,0,1
201.7950047367915,6,9,15.012876220074869,0,0,1
71.27850914938828,8,9,178.105644021577,1,0,1
109.0062525147099,17,9,13.055022757160526,0,0,1
38.0025611056787,0,5,2.9625594551208274,0,0,1
184.86759216512388,16,1,27.763464774689865,0,0,1
117.88065028200192,7,1,90.90737513383257,0,0,1
15.092058664226416,18,5,184.0609778092511,0,0,1
242.56218872119706,20,7,17.693719229645357,0,0,1
195.97883103082512,0,2,2.240969791578799,0,0,1
198.77512246541207,2,7,32.472176755808576,0,0,1
2.6968776316331806,22,1,110.52651187105394,0,0,1
74.03759563460443,21,4,21.455845630550183,0,0,1
123.15909951213125,21,3,30.564262674952264,1,0,1
22.37996748916361,5,7,43.76893266378124,0,0,1
231.90318981262067,3,9,21.84056203846677,0,0,1
200.788200396462,2,1,37.18478398632975,0,0,1
18.255382580481637,6,0,74.55072477507692,0,0,1
126.8474411846264,1,9,48.81637418511437,0,0,1
47.21047421663407,20,0,41.049500475642255,0,0,1
159.85097044557224,13,2,1.3803452063470847,0,0,1
5.491521657386787,8,0,132.22501027214537,0,0,1
209.9399761780521,12,4,32.01928815502401,0,0,1
154.33927818755862,7,0,1.7768831551904174,0,0,1
117.96898763803539,16,4,13.627886140722412,0,0,1
23.71485938913611,23,0,34.61604141634013,0,0,1
15.534023502232127,5,9,245.48617901450157,0,0,1
102.83941471088912,21,5,38.35746184743651,1,0,1
201.7950047367915,6,9,15.012876220074869,0,0,1
29.067457241461543,16,0,78.47402086264539,0,0,1
57.56509916369589,20,0,3.0083315455548894,0,0,1
38.814551496387395,13,7,30.68817761402417,0,0,1
61.34547044538154,10,5,117.24357062881636,0,0,1
97.59675556567069,15,9,1.3343895713138445,0,0,1
478.24257519575656,15,8,2.4584440072756517,1,1,1
53.58816716561955,0,7,193.71183879334387,0,0,1
6.960802571127356,6,6,2.237583313096323,1,0,1
157.4333443217474,21,5,60.70224840729944,0,0,1
36.28476586043416,15,3,110.56038406384316,0,0,1
162.28081173648155,9,5,18.08697377004817,0,0,1
38.81213685465557,19,1,26.504055206552724,0,0,1
49.94689052671303,21,4,92.55255299444528,0,0,1
8.293404321158143,7,9,13.760539205909467,0,0,1
99.49206573550218,5,1,58.69100813132518,0,0,1
22.478503258578506,5,6,25.112107673285024,0,1,1
30.418323325927005,7,4,35.58109340480333,0,0,1
18.763882868982012,1,4,12.110386217410984,0,0,1
135.43939412806242,0,5,90.92136883560278,0,1,1
157.02322288658587,2,8,33.46857241480386,0,0,1
110.45595986817835,1,6,59.25661665155136,1,0,1
186.350049185203,20,8,98.07815955179719,0,0,1
59.29985914247256,8,5,28.030353162912096,0,0,1
81.7360407561493,22,1,12.40304796253427,0,0,1
21.846167430754427,16,6,16.129986777661173,0,0,1
42.66024955171008,17,7,107.58992553589543,0,0,1
38.04829531389874,0,5,175.87533526373696,0,0,1
1.2838542227578875,20,5,22.117679122232147,0,0,1
108.9527839812185,4,5,92.85477538665799,0,0,1
4.278265894923065,4,6,235.96984168512623,0,0,1
201.30785624263493,6,6,51.5315207055267,0,0,1
59.74455297927822,22,2,5.164055987644153,0,0,1
71.41516813681919,0,6,51.425448523330644,0,0,1
104.47185341382146,9,3,52.93103635708282,0,0,1
126.8474411846264,1,9,48.81637418511437,0,0,1
3.970799371386665,23,9,73.52450008743064,0,1,1
10.883751880671802,1,1,11.66507283460381,0,0,1
35.677078125303815,0,1,10.30511560686879,0,0,1
50.18201538710777,22,5,6.723303917634582,1,0,1
8.170455545483112,15,7,62.38069488239917,0,0,1
137.14250368917845,8,3,1.1245491205495792,0,0,1
75.91437829608314,12,2,48.31941340506077,0,0,1
244.51508595398127,19,7,1.876396894073255,0,0,1
12.998251116649588,1,4,42.93862292943485,0,0,1
64.88440167417792,4,4,9.134444775559396,0,0,1
23.789783550402998,12,2,40.53317258268741,0,0,1
5.369235116351659,2,1,89.29250630209306,0,0,1
64.69045124116816,11,7,37.05794681869068,0,1,1
101.10887957798545,10,3,109.75078234336313,1,0,1
241.7168729910249,7,7,239.9113550819812,1,0,1
5.136121995053866,1,8,77.72357861622875,0,0,1
28.7645927596787,7,3,30.408062093304896,0,0,1
133.1561478267037,19,9,40.76066214538501,0,0,1
21.846167430754427,16,6,16.129986777661173,0,0,1
1.6333058503340645,18,4,40.925292977217126,0,0,1
188.89374551533777,15,0,34.97417598815268,0,1,1
12.998251116649588,1,4,42.93862292943485,0,0,1
17.36332712183605,21,1,152.36697106267272,0,0,1
88.69412861449368,4,9,90.08662304274728,0,0,1
108.42337269652312,16,0,208.28606659145765,0,0,1
99.67467068014915,6,9,35.94526700431902,0,0,1
42.66200150101238,16,0,32.05991518120339,0,0,1
220.64877354850609,5,0,26.035450136692738,0,0,1
25.0992973866705,13,0,1.0696323636276297,0,0,1
9.147602822482632,20,5,143.6409779987174,0,0,1
102.83941471088912,21,5,38.35746184743651,1,0,1
292.0911709264685,21,2,20.005455775504004,0,0,1
178.1258354898527,13,9,32.4277718689277,0,0,1
90.92041659771152,16,7,0.5112962536960337,0,0,1
243.278001496574,16,6,24.07276706071405,0,0,1
81.69698563089183,15,7,0.8081126410891086,0,0,1
292.0911709264685,21,2,20.005455775504004,0,0,1
114.01463466715083,8,9,30.553518452324607,0,0,1
29.947454226575402,3,2,32.27109231080576,0,0,1
172.65514506301994,17,2,2.0613637751341005,0,0,1
131.62935503107585,1,4,7.737477804786633,0,0,1
31.265816268805423,14,6,49.292883551554624,0,0,1
2.0326921004244554,9,5,0.6659690613441591,0,0,1
101.10887957798545,10,3,109.75078234336313,1,0,1
295.04946419583877,11,7,27.06081806008065,0,0,1
108.46201550855181,10,9,59.829522054279984,0,0,1
21.846167430754427,16,6,16.129986777661173,0,0,1
36.16930983379011,13,5,36.66870624187419,0,0,1
3.723434185767217,17,5,5.8768014907265425,0,0,1
3.9572207838343934,5,9,32.513903918786504,0,0,1
21.748210803096157,14,8,51.35435124634501,1,0,1
238.33748858765222,8,4,4.705586618471598,0,0,1
33.447783150357694,15,7,27.959535512243423,0,0,1
78.8398852541655,3,7,19.56151373490235,0,0,1
40.091673087853,19,0,51.39021762867748,0,0,1
117.90725753198146,0,9,112.71084031749447,0,0,1
157.4333443217474,21,5,60.70224840729944,0,0,1
13.602729246922369,2,3,106.08831044086573,1,0,1
130.33175780816856,23,0,81.97949830048015,0,0,1
3.4373198347193927,9,0,33.87518464210393,0,0,1
9.147602822482632,20,5,143.6409779987174,0,0,1
71.27850914938828,8,9,178.105644021577,1,0,1
86.0431332045955,19,5,109.85978174066868,0,0,1
1.2075645280140084,19,6,103.77330960621956,0,0,1
80.89779289437242,1,6,27.807796710670964,0,0,1
17.537807086470178,12,3,15.277085575097377,0,0,1
99.30575734759223,19,9,60.12707975729696,0,1,1
117.88065028200192,7,1,90.90737513383257,0,0,1
15.534023502232127,5,9,245.48617901450157,0,0,1
74.0839071582705,4,2,20.66175946995104,0,0,1
36.44385724094443,5,4,11.98276058945257,0,0,1
15.344186123358494,10,7,5.553040927836629,0,0,1
30.881795635781096,18,8,132.86772408639308,0,0,1
39.860765678899796,23,2,41.15391763330044,0,0,1
104.47185341382146,9,3,52.93103635708282,0,0,1
122.69125744285758,14,2,39.720796165964835,0,0,1
43.918633746988384,22,0,19.568478523206764,0,0,1
72.50082520454396,18,4,6.415021171062962,0,0,1
176.54098841221574,13,6,17.942465585956217,0,0,1
90.98844027249767,23,0,39.797388261138686,0,0,1
76.22542630659325,7,2,38.788162882964606,0,0,1
80.89779289437242,1,6,27.807796710670964,0,0,1
63.631778423913055,5,5,121.96250833720867,0,0,1
2.0326921004244554,9,5,0.6659690613441591,0,0,1
59.74455297927822,22,2,5.164055987644153,0,0,1
271.62086538759945,9,8,3.8804007496247026,0,0,1
27.64206896617385,0,4,47.78003340342137,0,0,1
81.69698563089183,15,7,0.8081126410891086,0,0,1
198.0810706735358,10,2,10.941605169866856,0,0,1
171.14608427343396,7,2,55.34410071430882,0,0,1
187.44086668722915,3,2,119.5404162486662,0,0,1
142.04870159931824,1,7,48.23337692801359,0,0,1
198.0810706735358,10,2,10.941605169866856,0,0,1
50.41826810247863,20,2,147.31680072853374,0,0,1
114.88748725771671,11,5,96.84144436411253,0,0,1
46.548110941267964,11,1,5.039088191749021,0,0,1
8.86538677778067,16,4,7.7461960099927785,0,0,1
25.0992973866705,13,0,1.0696323636276297,0,0,1
101.4580136639517,12,6,36.11357645825737,0,0,1
78.56982277819277,19,5,25.996533128313448,0,0,1
22.333633395729795,10,0,16.546730375433516,1,0,1
139.72203916260642,20,8,14.335984542236385,0,0,1
157.0029786395229,8,1,42.509048358152,0,0,1
44.28527961865563,11,4,126.6381048702748,0,0,1
76.22542630659325,7,2,38.788162882964606,0,0,1
17.36332712183605,21,1,152.36697106267272,0,0,1
23.71485938913611,23,0,34.61604141634013,0,0,1
142.04870159931824,1,7,48.23337692801359,0,0,1
38.814551496387395,13,7,30.68817761402417,0,0,1
74.0839071582705,4,2,20.66175946995104,0,0,1
246.35098846338414,2,3,102.47334021733414,0,0,1
14.661255122827866,9,3,81.14562811649765,0,0,1
27.427121830813526,19,1,32.76218753481015,1,0,1
200.788200396462,2,1,37.18478398632975,0,0,1
60.57691464212985,8,1,8.02041865969103,0,0,1
158.23848901976177,14,2,118.93899447787265,1,0,1
12.629338260806694,21,4,192.49265433535533,0,0,1
36.787432595670374,9,7,17.609865246165043,0,1,1
174.90717991613752,23,8,2.2289712685383747,0,0,1
196.78845032231982,9,1,4.488704299180643,0,0,1
14.10628908770694,6,8,24.969036020069872,0,0,1
8.889283909093013,18,8,52.685541651173764,0,0,1
80.89779289437242,1,6,27.807796710670964,0,0,1
172.65514506301994,17,2,2.0613637751341005,0,0,1
2.6968776316331806,22,1,110.52651187105394,0,0,1
109.0062525147099,17,9,13.055022757160526,0,0,1
7.118850626264504,8,5,53.08686896522589,0,0,1
153.0171671923533,11,7,152.11546728486834,0,0,1
241.7168729910249,7,7,239.9113550819812,1,0,1
59.60890027945429,8,8,18.896989502350838,0,0,1
160.97928189017483,5,5,85.80140300607214,0,0,1
196.78845032231982,9,1,4.488704299180643,0,0,1
186.350049185203,20,8,98.07815955179719,0,0,1
219.93782101996536,2,9,24.66247992528514,0,0,1
15.895201566782516,12,3,194.89984263578597,0,0,1
86.0431332045955,19,5,109.85978174066868,0,0,1
12.629338260806694,21,4,192.49265433535533,0,0,1
69.93027324199502,11,2,24.711443891440837,0,0,1
105.23320404102641,17,4,16.125892513935405,0,0,1
40.091673087853,19,0,51.39021762867748,0,0,1
5.279527809977468,0,7,57.966087619565855,0,0,1
44.28527961865563,11,4,126.6381048702748,0,0,1
157.0029786395229,8,1,42.509048358152,0,0,1
75.91437829608314,12,2,48.31941340506077,0,0,1
104.74077979914793,12,6,39.61876254247438,0,0,1
3.723434185767217,17,5,5.8768014907265425,0,0,1
19.49856366812427,22,9,182.60640518403096,0,0,1
18.897677461991314,6,7,17.794841356172462,0,0,1
23.6125650647291,3,6,14.002555766381548,0,0,1
66.82103205735585,7,4,70.43385671179558,0,0,1
184.86759216512388,16,1,27.763464774689865,0,0,1
19.734781486214786,8,1,34.11532667385372,0,0,1
115.94048640248865,0,2,86.47686887981676,0,0,1
43.595353461673334,20,5,120.32559522287973,0,0,1
2.245300569573935,18,8,5.429270726064513,0,0,1
16.81654704781473,0,7,31.798557844076463,0,0,1
58.65378397571735,22,3,62.56598345064862,0,0,1
95.11616399750737,21,6,13.033699526459957,0,0,1
31.14184672257246,11,5,12.207385591516394,0,0,1
8.86538677778067,16,4,7.7461960099927785,0,0,1
4.278265894923065,4,6,235.96984168512623,0,0,1
19.49856366812427,22,9,182.60640518403096,0,0,1
19.734781486214786,8,1,34.11532667385372,0,0,1
74.03759563460443,21,4,21.455845630550183,0,0,1
200.788200396462,2,1,37.18478398632975,0,0,1
61.679567819699386,5,5,15.914869521472768,0,0,1
68.94140444876165,18,8,22.243850415431986,0,0,1
133.1561478267037,19,9,40.76066214538501,0,0,1
195.1148140133525,8,5,10.575738781709457,1,1,1
5.136121995053866,1,8,77.72357861622875,0,0,1
52.95216724374391,2,3,5.313898822800285,0,0,1
130.55665773552832,16,1,3.730538646854565,0,0,1
133.3490303883392,20,6,52.53986846111053,0,0,1
159.85097044557224,13,2,1.3803452063470847,0,0,1
34.75620842670952,20,9,24.568399501530134,1,0,1
35.677078125303815,0,1,10.30511560686879,0,0,1
114.01463466715083,8,9,30.553518452324607,0,0,1
2.276141416943498,3,5,12.005336251366716,0,0,1
59.60890027945429,8,8,18.896989502350838,0,0,1
58.50358284000809,8,4,57.13955666457806,0,0,1
166.14687984884705,22,7,91.85743214090954,0,1,1
146.2834518066683,22,6,124.05652563442243,0,0,1
31.265816268805423,14,6,49.292883551554624,0,0,1
78.58269643247577,2,0,142.6880920648922,1,0,1
66.839180986861,21,2,49.62493262255756,0,0,1
166.23287934593068,11,9,250.19273467516268,0,0,1
110.62988444669864,22,5,55.09817975591079,0,0,1
253.6383301814264,19,9,94.61850821010707,0,0,1
33.447783150357694,15,7,27.959535512243423,0,0,1
139.47876580584736,19,7,16.02604882792193,0,0,1
53.10584998237119,10,0,43.148984273605315,1,0,1
1.9227070420597503,12,6,25.69548721435871,1,0,1
5.279527809977468,0,7,57.966087619565855,0,0,1
101.96057941803029,19,4,4.860604814858531,0,1,1
1.5112115351447397,23,4,54.02382996180876,0,1,1
2.2827151427937546,4,8,12.603249148574033,0,0,1
17.607830972219595,5,2,2.0772988863842015,0,0,1
52.95216724374391,2,3,5.313898822800285,0,0,1
97.59675556567069,15,9,1.3343895713138445,0,0,1
42.66200150101238,16,0,32.05991518120339,0,0,1
27.46363340482561,22,4,2.424691816423996,0,0,1
36.44385724094443,5,4,11.98276058945257,0,0,1
188.89374551533777,15,0,34.97417598815268,0,1,1
130.55665773552832,16,1,3.730538646854565,0,0,1
56.64038163132389,17,4,47.11505799709146,0,0,1
17.78149123609272,8,1,44.58080881423314,1,0,1
152.01542911231599,22,5,61.76793548477574,0,0,1
2.276141416943498,3,5,12.005336251366716,0,0,1
49.31422569251884,13,6,4.895097662460259,0,0,1
105.88997460922201,16,9,49.8988123155336,1,0,1
85.68456724540113,14,9,24.441976045653327,0,0,1
25.0992973866705,13,0,1.0696323636276297,0,0,1
126.29497426093292,10,3,3.2457719378637173,0,0,1
261.9734692704209,2,8,13.061322488136074,1,0,1
58.34562125363503,11,7,63.72697315013257,0,0,1
27.339934203463027,0,6,35.66666050248854,0,0,1
24.021704555933255,23,8,3.8382288633517407,0,0,1
72.50082520454396,18,4,6.415021171062962,0,0,1
354.80715158700065,2,7,116.27550646294964,0,0,1
163.42777671764387,8,8,20.612449766892418,0,0,1
198.0810706735358,10,2,10.941605169866856,0,0,1
69.93027324199502,11,2,24.711443891440837,0,0,1
102.96887677502349,4,7,44.29138601036244,0,1,1
163.42777671764387,8,8,20.612449766892418,0,0,1
153.0171671923533,11,7,152.11546728486834,0,0,1
271.62086538759945,9,8,3.8804007496247026,0,0,1
137.14250368917845,8,3,1.1245491205495792,0,0,1
201.60648378543686,1,0,1.641193721678437,0,0,1
108.9162387290241,11,6,4.268031805059065,0,0,1
17.78149123609272,8,1,44.58080881423314,1,0,1
90.05669785734462,6,1,55.57849901670052,0,0,1
34.75620842670952,20,9,24.568399501530134,1,0,1
175.98245865414893,10,2,34.378438709357454,0,0,1
13.602729246922369,2,3,106.08831044086573,1,0,1
58.882083017236965,9,4,32.220508105571994,0,0,1
291.8232300734288,9,2,31.24082205840224,1,0,1
104.47185341382146,9,3,52.93103635708282,0,0,1
54.98151727917913,22,6,51.384023326872565,1,0,1
2.920502143209468,7,8,19.549491693078146,0,0,1
66.01613947623754,5,4,46.0280273105047,0,1,1
4.487298911432926,8,8,29.007067935383095,0,0,1
58.089606501413904,7,5,3.309744306666461,0,0,1
43.595353461673334,20,5,120.32559522287973,0,0,1
36.44385724094443,5,4,11.98276058945257,0,0,1
198.0810706735358,10,2,10.941605169866856,0,0,1
14.661255122827866,9,3,81.14562811649765,0,0,1
62.412939878869224,4,3,52.866598100308536,0,0,1
3.9572207838343934,5,9,32.513903918786504,0,0,1
126.8474411846264,1,9,48.81637418511437,0,0,1
27.662202201299042,7,4,34.54578915472505,0,0,1
36.28476586043416,15,3,110.56038406384316,0,0,1
29.827508353350463,5,4,80.47651619729994,0,0,1
1.9847140688670828,1,8,8.182142007831459,0,0,1
175.98245865414893,10,2,34.378438709357454,0,0,1
78.8398852541655,3,7,19.56151373490235,0,0,1
101.4580136639517,12,6,36.11357645825737,0,0,1
58.34562125363503,11,7,63.72697315013257,0,0,1
7.314681316131341,4,8,16.90125239766193,0,0,1
45.42781969054579,21,9,72.58094734078766,0,0,1
337.6177831884106,3,5,11.99458343819426,0,0,1
186.350049185203,20,8,98.07815955179719,0,0,1
203.18329093679114,14,0,5.4912170224102335,0,0,1
157.4333443217474,21,5,60.70224840729944,0,0,1
201.30785624263493,6,6,51.5315207055267,0,0,1
200.788200396462,2,1,37.18478398632975,0,0,1
56.64038163132389,17,4,47.11505799709146,0,0,1
106.9894100615944,19,9,43.181359069670435,0,0,1
226.65986286309044,9,4,64.16885948004443,0,0,1
66.79968270904791,18,4,47.09876946922254,1,0,1
3.306691334998571,3,1,202.61529626729663,0,0,1
41.37344285219658,22,3,21.285205372776765,0,0,1
337.6475102731325,21,6,11.432832506589344,0,0,1
67.63180399553154,15,5,61.30764959089332,0,0,1
20.691014942823468,19,0,14.916706069510832,0,0,1
108.42337269652312,16,0,208.28606659145765,0,0,1
201.30785624263493,6,6,51.5315207055267,0,0,1
64.01626731526842,9,0,58.142929198173775,0,0,1
108.9162387290241,11,6,4.268031805059065,0,0,1
30.881795635781096,18,8,132.86772408639308,0,0,1
17.36332712183605,21,1,152.36697106267272,0,0,1
13.278406215222638,6,6,54.02987643434668,0,0,1
90.92041659771152,16,7,0.5112962536960337,0,0,1
42.4077810311421,19,4,165.21939414520153,0,0,1
373.02775845358445,6,4,0.9451853579518589,0,0,1
69.93027324199502,11,2,24.711443891440837,0,0,1
29.235129399663172,16,6,1.0822483439467454,0,0,1
59.85339945794067,12,8,16.043688565562707,0,0,1
354.80715158700065,2,7,116.27550646294964,0,0,1
96.64861891767073,15,8,25.10833323871784,1,0,1
78.58269643247577,2,0,142.6880920648922,1,0,1
196.78845032231982,9,1,4.488704299180643,0,0,1
44.53872370520718,6,4,11.424365320175406,0,0,1
60.57691464212985,8,1,8.02041865969103,0,0,1
23.8687625248947,3,2,49.915495354243774,0,0,1
54.024547865953565,23,1,63.681676067027105,1,0,1
157.0029786395229,8,1,42.509048358152,0,0,1
12.629338260806694,21,4,192.49265433535533,0,0,1
2.960459192117248,22,2,51.72460629993388,0,0,1
71.04371771341901,22,0,55.40927460058553,1,0,1
178.1258354898527,13,9,32.4277718689277,0,0,1
7.448198725566497,2,2,25.170525528380104,1,0,1
2.276141416943498,3,5,12.005336251366716,0,0,1
50.41826810247863,20,2,147.31680072853374,0,0,1
153.0171671923533,11,7,152.11546728486834,0,0,1
23.8687625248947,3,2,49.915495354243774,0,0,1
97.54214576995756,21,7,21.374595419431135,0,0,1
125.20677895857905,16,5,19.482186740937074,0,0,1
43.900081917116495,0,3,30.90807939371187,0,0,1
31.603107893455572,7,0,76.56776118900214,0,0,1
36.88462597889831,17,1,4.938231155170579,0,0,1
17.537807086470178,12,3,15.277085575097377,0,0,1
246.35098846338414,2,3,102.47334021733414,0,0,1
417.69315472305345,14,8,19.782104815885322,0,0,1
47.21047421663407,20,0,41.049500475642255,0,0,1
62.412939878869224,4,3,52.866598100308536,0,0,1
300.1332397244468,8,8,4.283054084663725,1,1,1
165.10782053369465,19,7,109.19781060393392,0,0,1
337.6475102731325,21,6,11.432832506589344,0,0,1
244.51508595398127,19,7,1.876396894073255,0,0,1
16.81654704781473,0,7,31.798557844076463,0,0,1
131.62935503107585,1,4,7.737477804786633,0,0,1
9.288590786036757,17,2,20.335123104282545,0,0,1
36.28476586043416,15,3,110.56038406384316,0,0,1
27.339934203463027,0,6,35.66666050248854,0,0,1
38.81213685465557,19,1,26.504055206552724,0,0,1
57.56509916369589,20,0,3.0083315455548894,0,0,1
142.04870159931824,1,7,48.23337692801359,0,0,1
114.88748725771671,11,5,96.84144436411253,0,0,1
33.447783150357694,15,7,27.959535512243423,0,0,1
226.65986286309044,9,4,64.16885948004443,0,0,1
1.2075645280140084,19,6,103.77330960621956,0,0,1
64.88440167417792,4,4,9.134444775559396,0,0,1
110.12890836523806,20,1,13.528984514017731,0,0,1
153.0171671923533,11,7,152.11546728486834,0,0,1
85.68456724540113,14,9,24.441976045653327,0,0,1
38.41571882948685,17,9,13.597367581685848,0,0,1
74.03759563460443,21,4,21.455845630550183,0,0,1
51.46000942652068,21,7,118.14063659614911,0,0,1
146.2834518066683,22,6,124.05652563442243,0,0,1
30.50646073151543,3,5,53.434101830940484,0,0,1
52.636164143488465,2,0,39.15405985821817,0,0,1
74.03759563460443,21,4,21.455845630550183,0,0,1
58.882083017236965,9,4,32.220508105571994,0,0,1
7.448198725566497,2,2,25.170525528380104,1,0,1
1.4651476265668781,13,6,2.5306785462349444,0,0,1
0.909539960722861,2,7,9.883518851967569,1,1,1
30.881795635781096,18,8,132.86772408639308,0,0,1
130.48178060225274,7,5,23.00558301625234,0,0,1
22.37996748916361,5,7,43.76893266378124,0,0,1
211.67850510798343,17,3,53.470203262213126,0,0,1
61.679567819699386,5,5,15.914869521472768,0,0,1
28.350019881455186,23,6,69.12281784719994,0,0,1
300.1332397244468,8,8,4.283054084663725,1,1,1
10.883751880671802,1,1,11.66507283460381,0,0,1
68.70925129207896,19,0,22.614732769591626,0,0,1
66.79968270904791,18,4,47.09876946922254,1,0,1
126.4700490305277,6,5,45.74630483563026,0,0,1
123.72011801262866,1,1,56.85756721715474,0,0,1
417.69315472305345,14,8,19.782104815885322,0,0,1
221.76934692017682,17,3,13.950336136706293,1,0,1
22.333633395729795,10,0,16.546730375433516,1,0,1
5.040792183650127,23,2,16.557093276121243,0,0,1
184.86759216512388,16,1,27.763464774689865,0,0,1
108.42337269652312,16,0,208.28606659145765,0,0,1
68.70925129207896,19,0,22.614732769591626,0,0,1
6.2116863612178825,4,6,98.12641121588777,0,0,1
166.14687984884705,22,7,91.85743214090954,0,1,1
368.0639977890095,18,4,110.66002693803014,0,0,1
292.0911709264685,21,2,20.005455775504004,0,0,1
23.6125650647291,3,6,14.002555766381548,0,0,1
72.12472435450759,4,2,23.4891106601453,0,0,1
105.23320404102641,17,4,16.125892513935405,0,0,1
172.51858538085813,15,5,41.15226229400994,0,0,1
29.067457241461543,16,0,78.47402086264539,0,0,1
37.810457768796724,9,2,25.419138158091346,0,0,1
15.344186123358494,10,7,5.553040927836629,0,0,1
55.42650325196402,3,8,90.1964750809194,0,0,1
162.28081173648155,9,5,18.08697377004817,0,0,1
1.4651476265668781,13,6,2.5306785462349444,0,0,1
378.4677972921234,22,2,21.02503840380716,0,0,1
166.23287934593068,11,9,250.19273467516268,0,0,1
206.81346984880906,23,3,64.4211019007287,0,0,1
159.9206379801562,5,7,42.96364263241269,1,0,1
37.40595335387715,23,6,14.32366379748467,0,0,1
201.7950047367915,6,9,15.012876220074869,0,0,1
163.42777671764387,8,8,20.612449766892418,0,0,1
184.8548945368862,11,4,56.98892667189076,0,0,1
68.56925413210558,5,4,13.540082908604326,1,0,1
27.64206896617385,0,4,47.78003340342137,0,0,1
17.23152941098696,18,4,24.12334355868058,0,0,1
41.37344285219658,22,3,21.285205372776765,0,0,1
53.58816716561955,0,7,193.71183879334387,0,0,1
18.763882868982012,1,4,12.110386217410984,0,0,1
90.98844027249767,23,0,39.797388261138686,0,0,1
14.661255122827866,9,3,81.14562811649765,0,0,1
60.57691464212985,8,1,8.02041865969103,0,0,1
66.01613947623754,5,4,46.0280273105047,0,1,1
130.33175780816856,23,0,81.97949830048015,0,0,1
105.88997460922201,16,9,49.8988123155336,1,0,1
0.9876161699253505,7,8,18.482480898162706,0,1,1
4.015750682000012,7,5,4.746778541553791,0,0,1
261.89929190405377,16,1,13.301917068014745,0,0,1
4.24858323649007,11,9,38.002181425950184,1,1,1
39.94650606714626,4,8,26.454296010925994,1,0,1
27.89161829949456,23,6,50.516393786296774,0,0,1
13.602729246922369,2,3,106.08831044086573,1,0,1
11.935028499273859,18,2,5.198447477603523,0,0,1
55.92315127740618,21,9,6.579760873271215,0,0,1
63.91928577607432,17,2,69.40096216047533,0,0,1
219.93782101996536,2,9,24.66247992528514,0,0,1
13.278406215222638,6,6,54.02987643434668,0,0,1
54.024547865953565,23,1,63.681676067027105,1,0,1
67.63180399553154,15,5,61.30764959089332,0,0,1
85.68456724540113,14,9,24.441976045653327,0,0,1
0.6901724421494768,17,6,45.84031528872305,0,0,1
71.41516813681919,0,6,51.425448523330644,0,0,1
14.10628908770694,6,8,24.969036020069872,0,0,1
1.9227070420597503,12,6,25.69548721435871,1,0,1
15.344186123358494,10,7,5.553040927836629,0,0,1
69.35431299831438,22,9,56.19703879064441,1,0,1
34.75620842670952,20,9,24.568399501530134,1,0,1
125.20674728720263,14,9,11.35805512257363,1,0,1
108.46201550855181,10,9,59.829522054279984,0,0,1
13.278406215222638,6,6,54.02987643434668,0,0,1
16.16363423177122,11,8,88.3553376031359,0,0,1
66.839180986861,21,2,49.62493262255756,0,0,1
114.01463466715083,8,9,30.553518452324607,0,0,1
337.6177831884106,3,5,11.99458343819426,0,0,1
51.442606733099105,18,4,7.182053409558,0,0,1
81.7360407561493,22,1,12.40304796253427,0,0,1
39.860765678899796,23,2,41.15391763330044,0,0,1
27.89161829949456,23,6,50.516393786296774,0,0,1
22.333633395729795,10,0,16.546730375433516,1,0,1
6.474080465882678,17,9,161.65216256153516,0,0,1
166.23287934593068,11,9,250.19273467516268,0,0,1
62.305859880409876,11,9,42.35225729764671,0,0,1
234.71617837584068,14,7,168.18947175207717,0,0,1
21.302903185996403,1,1,45.88939038061029,1,0,1
156.40973333379875,16,6,52.811839062516256,0,0,1
1.2075645280140084,19,6,103.77330960621956,0,0,1
27.693113030920475,13,8,18.029056298044804,0,0,1
109.9723477185524,7,3,24.963652150728503,0,0,1
8.293404321158143,7,9,13.760539205909467,0,0,1
7.118850626264504,8,5,53.08686896522589,0,0,1
95.11616399750737,21,6,13.033699526459957,0,0,1
1.3959112564237626,11,2,8.128285605537146,0,0,1
110.62988444669864,22,5,55.09817975591079,0,0,1
24.680862366950556,7,0,20.59848937632275,0,0,1
27.693183488830137,2,9,82.92618763549594,0,0,1
76.29805773424295,19,2,14.128919921172217,0,0,1
77.26669123908864,22,0,43.61739099778183,0,0,1
5.040792183650127,23,2,16.557093276121243,0,0,1
104.47185341382146,9,3,52.93103635708282,0,0,1
135.43939412806242,0,5,90.92136883560278,0,1,1
7.7432450996429845,17,5,19.062598310789326,0,0,1
23.789783550402998,12,2,40.53317258268741,0,0,1
291.8232300734288,9,2,31.24082205840224,1,0,1
174.90717991613752,23,8,2.2289712685383747,0,0,1
133.3490303883392,20,6,52.53986846111053,0,0,1
28.289625375853163,17,8,16.94495076073306,0,0,1
137.14250368917845,8,3,1.1245491205495792,0,0,1
1.9227070420597503,12,6,25.69548721435871,1,0,1
42.4077810311421,19,4,165.21939414520153,0,0,1
1.2075645280140084,19,6,103.77330960621956,0,0,1
16.400743025106447,21,5,54.170914968980796,0,0,1
69.35431299831438,22,9,56.19703879064441,1,0,1
0.9876161699253505,7,8,18.482480898162706,0,1,1
123.72011801262866,1,1,56.85756721715474,0,0,1
142.04870159931824,1,7,48.23337692801359,0,0,1
244.51508595398127,19,7,1.876396894073255,0,0,1
4.487298911432926,8,8,29.007067935383095,0,0,1
36.562811166817646,15,8,30.54868057370856,0,0,1
8.08981934215118,12,7,17.332918959922246,0,0,1
340.3226264506965,5,5,63.58164509541857,0,0,1
175.98245865414893,10,2,34.378438709357454,0,0,1
14.661255122827866,9,3,81.14562811649765,0,0,1
29.605694249926774,0,7,54.651287626433806,0,0,1
29.827508353350463,5,4,80.47651619729994,0,0,1
45.8522799264304,19,4,13.968281640229781,0,1,1
188.89374551533777,15,0,34.97417598815268,0,1,1
44.28527961865563,11,4,126.6381048702748,0,0,1
35.677078125303815,0,1,10.30511560686879,0,0,1
58.65378397571735,22,3,62.56598345064862,0,0,1
180.1547870008433,14,4,7.599879100922198,0,0,1
83.02828409517736,16,3,37.027969155698685,0,0,1
3.2095746736032114,4,6,21.860923497442787,0,0,1
9.988280887183773,12,1,14.137935080198885,0,0,1
246.35098846338414,2,3,102.47334021733414,0,0,1
90.05669785734462,6,1,55.57849901670052,0,0,1
38.814551496387395,13,7,30.68817761402417,0,0,1
112.32727809391316,11,7,123.44213403411861,1,0,1
3.3997969868477944,3,8,206.4407024606287,0,0,1
24.680862366950556,7,0,20.59848937632275,0,0,1
21.302903185996403,1,1,45.88939038061029,1,0,1
101.4580136639517,12,6,36.11357645825737,0,0,1
103.28232650944571,13,9,29.38385845272718,1,0,1
72.53850879884061,21,1,1.6902670386502845,0,0,1
2.0326921004244554,9,5,0.6659690613441591,0,0,1
114.88748725771671,11,5,96.84144436411253,0,0,1
52.40700059673562,8,4,25.024125044809537,0,0,1
50.18201538710777,22,5,6.723303917634582,1,0,1
59.85339945794067,12,8,16.043688565562707,0,0,1
81.37369920602278,19,8,2.8935031797709567,0,1,1
52.03953077789556,23,6,32.935962231166585,0,0,1
36.28476586043416,15,3,110.56038406384316,0,0,1
52.40700059673562,8,4,25.024125044809537,0,0,1
170.57321038928245,14,6,3.501080431941519,0,0,1
102.83941471088912,21,5,38.35746184743651,1,0,1
170.57321038928245,14,6,3.501080431941519,0,0,1
160.97928189017483,5,5,85.80140300607214,0,0,1
195.97883103082512,0,2,2.240969791578799,0,0,1
162.7305474991052,5,8,22.060525338496248,0,0,1
30.881795635781096,18,8,132.86772408639308,0,0,1
47.21047421663407,20,0,41.049500475642255,0,0,1
15.311853406083515,5,3,17.724084454466578,1,0,1
45.48415324234035,21,9,13.757177302436402,0,0,1
63.631778423913055,5,5,121.96250833720867,0,0,1
23.8687625248947,3,2,49.915495354243774,0,0,1
340.3226264506965,5,5,63.58164509541857,0,0,1
71.83184380046364,5,9,12.168433986195797,0,0,1
58.34562125363503,11,7,63.72697315013257,0,0,1
157.4333443217474,21,5,60.70224840729944,0,0,1
23.6125650647291,3,6,14.002555766381548,0,0,1
4.278265894923065,4,6,235.96984168512623,0,0,1
66.839180986861,21,2,49.62493262255756,0,0,1
135.79848888102285,1,8,214.02085544927704,0,0,1
96.64861891767073,15,8,25.10833323871784,1,0,1
201.7950047367915,6,9,15.012876220074869,0,0,1
312.3112539233472,23,7,50.546342847293744,0,0,1
95.23939916983089,18,7,12.951366069445115,0,0,1
12.629338260806694,21,4,192.49265433535533,0,0,1
130.55665773552832,16,1,3.730538646854565,0,0,1
58.564515422876184,13,4,122.1499019224478,1,0,1
2.3711872924350015,4,7,110.6105287369864,0,0,1
36.28476586043416,15,3,110.56038406384316,0,0,1
162.7305474991052,5,8,22.060525338496248,0,0,1
59.29985914247256,8,5,28.030353162912096,0,0,1
27.339934203463027,0,6,35.66666050248854,0,0,1
54.98151727917913,22,6,51.384023326872565,1,0,1
219.93782101996536,2,9,24.66247992528514,0,0,1
6.474080465882678,17,9,161.65216256153516,0,0,1
81.69698563089183,15,7,0.8081126410891086,0,0,1
23.789783550402998,12,2,40.53317258268741,0,0,1
2.276141416943498,3,5,12.005336251366716,0,0,1
62.305859880409876,11,9,42.35225729764671,0,0,1
10.883751880671802,1,1,11.66507283460381,0,0,1
130.33175780816856,23,0,81.97949830048015,0,0,1
15.895201566782516,12,3,194.89984263578597,0,0,1
3.723434185767217,17,5,5.8768014907265425,0,0,1
36.28476586043416,15,3,110.56038406384316,0,0,1
9.822978531124464,21,0,29.744815523454527,0,0,1
38.81213685465557,19,1,26.504055206552724,0,0,1
346.78081469049494,21,4,49.94025281979742,0,0,1
70.46982345650964,14,1,19.815190625218076,0,0,1
23.800106695362913,18,0,26.36678996843194,0,0,1
69.93027324199502,11,2,24.711443891440837,0,0,1
202.53829191556267,23,6,13.248169642927952,0,0,1
24.680862366950556,7,0,20.59848937632275,0,0,1
439.99779791123024,6,1,21.41526179740357,0,0,1
68.56925413210558,5,4,13.540082908604326,1,0,1
173.1514053654731,21,4,74.38471880202704,0,0,1
44.28527961865563,11,4,126.6381048702748,0,0,1
31.14184672257246,11,5,12.207385591516394,0,0,1
139.47876580584736,19,7,16.02604882792193,0,0,1
137.14250368917845,8,3,1.1245491205495792,0,0,1
24.17341978858234,18,1,7.088503346634613,0,0,1
110.62988444669864,22,5,55.09817975591079,0,0,1
19.896792853683777,4,9,67.00050537001484,0,0,1
125.20674728720263,14,9,11.35805512257363,1,0,1
351.0461721282546,11,9,116.60730496916878,0,0,1
378.4677972921234,22,2,21.02503840380716,0,0,1
22.315470276732146,23,7,27.77063921442287,0,0,1
59.85339945794067,12,8,16.043688565562707,0,0,1
69.8729617097775,2,6,0.3381691896491799,1,0,1
53.05992863850641,18,6,151.8477595109053,0,0,1
9.988280887183773,12,1,14.137935080198885,0,0,1
45.8522799264304,19,4,13.968281640229781,0,1,1
11.200018885465623,7,6,9.106130453543008,0,0,1
478.24257519575656,15,8,2.4584440072756517,1,1,1
52.636164143488465,2,0,39.15405985821817,0,0,1
4.24858323649007,11,9,38.002181425950184,1,1,1
118.75590135001512,21,0,391.0004833954609,0,0,1
104.47185341382146,9,3,52.93103635708282,0,0,1
24.021704555933255,23,8,3.8382288633517407,0,0,1
174.90717991613752,23,8,2.2289712685383747,0,0,1
62.305859880409876,11,9,42.35225729764671,0,0,1
3.970799371386665,23,9,73.52450008743064,0,1,1
163.42777671764387,8,8,20.612449766892418,0,0,1
32.18460196170109,6,6,5.0153298360278615,0,0,1
4.487298911432926,8,8,29.007067935383095,0,0,1
32.18460196170109,6,6,5.0153298360278615,0,0,1
22.37996748916361,5,7,43.76893266378124,0,0,1
159.9206379801562,5,7,42.96364263241269,1,0,1
71.7314124236385,7,5,7.072728815792758,0,0,1
56.26742092155651,23,8,91.40563627302856,0,0,1
112.32727809391316,11,7,123.44213403411861,1,0,1
23.800106695362913,18,0,26.36678996843194,0,0,1
38.0025611056787,0,5,2.9625594551208274,0,0,1
81.69698563089183,15,7,0.8081126410891086,0,0,1
73.79028642493967,15,5,8.192885193599125,0,0,1
97.00306153489309,3,2,76.29218907128815,0,0,1
44.28527961865563,11,4,126.6381048702748,0,0,1
378.4677972921234,22,2,21.02503840380716,0,0,1
195.1148140133525,8,5,10.575738781709457,1,1,1
130.48178060225274,7,5,23.00558301625234,0,0,1
83.02828409517736,16,3,37.027969155698685,0,0,1
29.827508353350463,5,4,80.47651619729994,0,0,1
4.24858323649007,11,9,38.002181425950184,1,1,1
126.29497426093292,10,3,3.2457719378637173,0,0,1
43.595353461673334,20,5,120.32559522287973,0,0,1
7.314681316131341,4,8,16.90125239766193,0,0,1
69.94394526077897,2,3,8.486359845437324,0,0,1
101.96057941803029,19,4,4.860604814858531,0,1,1
103.28232650944571,13,9,29.38385845272718,1,0,1
63.631778423913055,5,5,121.96250833720867,0,0,1
49.94689052671303,21,4,92.55255299444528,0,0,1
54.24799494631557,1,9,0.163814325068087,0,0,1
78.56982277819277,19,5,25.996533128313448,0,0,1
49.31422569251884,13,6,4.895097662460259,0,0,1
2.276141416943498,3,5,12.005336251366716,0,0,1
204.63718019452122,15,5,71.09537673840633,0,0,1
83.47531994414878,11,8,66.50578222706646,0,0,1
8.170455545483112,15,7,62.38069488239917,0,0,1
4.278265894923065,4,6,235.96984168512623,0,0,1
59.60890027945429,8,8,18.896989502350838,0,0,1
32.18460196170109,6,6,5.0153298360278615,0,0,1
38.0025611056787,0,5,2.9625594551208274,0,0,1
195.1148140133525,8,5,10.575738781709457,1,1,1
110.62988444669864,22,5,55.09817975591079,0,0,1
175.98245865414893,10,2,34.378438709357454,0,0,1
70.46982345650964,14,1,19.815190625218076,0,0,1
64.88440167417792,4,4,9.134444775559396,0,0,1
98.57289822107595,18,0,11.135308068286568,1,0,1
59.963225243482775,16,7,13.56429692685589,0,0,1
2.920502143209468,7,8,19.549491693078146,0,0,1
108.46201550855181,10,9,59.829522054279984,0,0,1
261.89929190405377,16,1,13.301917068014745,0,0,1
417.69315472305345,14,8,19.782104815885322,0,0,1
92.36751206847723,21,9,32.53045119772402,0,0,1
227.65847094790317,20,5,95.59773563842165,0,0,1
16.76647527706798,9,2,163.58542046727925,0,0,1
53.05992863850641,18,6,151.8477595109053,0,0,1
46.548110941267964,11,1,5.039088191749021,0,0,1
114.01463466715083,8,9,30.553518452324607,0,0,1
42.66024955171008,17,7,107.58992553589543,0,0,1
16.83497609067831,3,4,17.19370528815662,0,0,1
15.120030768442408,20,6,32.74567331184915,0,0,1
204.6033461015753,18,3,31.88149337933749,0,0,1
35.677078125303815,0,1,10.30511560686879,0,0,1
52.40700059673562,8,4,25.024125044809537,0,0,1
92.36751206847723,21,9,32.53045119772402,0,0,1
2.0326921004244554,9,5,0.6659690613441591,0,0,1
243.278001496574,16,6,24.07276706071405,0,0,1
135.43939412806242,0,5,90.92136883560278,0,1,1
114.88748725771671,11,5,96.84144436411253,0,0,1
2.920502143209468,7,8,19.549491693078146,0,0,1
59.85339945794067,12,8,16.043688565562707,0,0,1
6.720959348940872,12,8,29.198395355013538,0,0,1
70.46982345650964,14,1,19.815190625218076,0,0,1
186.350049185203,20,8,98.07815955179719,0,0,1
25.0992973866705,13,0,1.0696323636276297,0,0,1
53.10584998237119,10,0,43.148984273605315,1,0,1
54.024547865953565,23,1,63.681676067027105,1,0,1
195.1148140133525,8,5,10.575738781709457,1,1,1
83.47531994414878,11,8,66.50578222706646,0,0,1
21.302903185996403,1,1,45.88939038061029,1,0,1
5.829199921078438,20,8,16.137844927876014,0,0,1
139.47876580584736,19,7,16.02604882792193,0,0,1
21.302903185996403,1,1,45.88939038061029,1,0,1
36.44385724094443,5,4,11.98276058945257,0,0,1
58.882083017236965,9,4,32.220508105571994,0,0,1
253.6383301814264,19,9,94.61850821010707,0,0,1
6.474080465882678,17,9,161.65216256153516,0,0,1
8.170455545483112,15,7,62.38069488239917,0,0,1
115.94048640248865,0,2,86.47686887981676,0,0,1
3.306691334998571,3,1,202.61529626729663,0,0,1
2.0326921004244554,9,5,0.6659690613441591,0,0,1
2.276141416943498,3,5,12.005336251366716,0,0,1
71.15421049175391,12,4,26.999163542605366,0,0,1
2.245300569573935,18,8,5.429270726064513,0,0,1
242.56218872119706,20,7,17.693719229645357,0,0,1
0.909539960722861,2,7,9.883518851967569,1,1,1
58.65378397571735,22,3,62.56598345064862,0,0,1
71.83184380046364,5,9,12.168433986195797,0,0,1
38.81213685465557,19,1,26.504055206552724,0,0,1
2.0326921004244554,9,5,0.6659690613441591,0,0,1
29.605694249926774,0,7,54.651287626433806,0,0,1
269.93819649542957,18,4,110.18881019041467,0,0,1
53.58816716561955,0,7,193.71183879334387,0,0,1
58.089606501413904,7,5,3.309744306666461,0,0,1
82.43603206028806,22,8,104.3820864918417,0,0,1
2.245300569573935,18,8,5.429270726064513,0,0,1
53.33140363376775,15,4,38.34052084947605,0,0,1
71.7314124236385,7,5,7.072728815792758,0,0,1
63.631778423913055,5,5,121.96250833720867,0,0,1
20.61841490643128,16,5,70.0193676401906,0,0,1
261.9734692704209,2,8,13.061322488136074,1,0,1
75.94725215107503,2,2,96.15674217510005,0,0,1
121.49665279329646,3,0,104.63752819688388,0,0,1
15.120030768442408,20,6,32.74567331184915,0,0,1
200.788200396462,2,1,37.18478398632975,0,0,1
106.17002105589255,6,4,59.78172599849226,0,0,1
63.91928577607432,17,2,69.40096216047533,0,0,1
1.8561887410766007,18,9,35.69885771934009,0,0,1
52.636164143488465,2,0,39.15405985821817,0,0,1
38.814551496387395,13,7,30.68817761402417,0,0,1
53.33140363376775,15,4,38.34052084947605,0,0,1
6.474080465882678,17,9,161.65216256153516,0,0,1
53.33140363376775,15,4,38.34052084947605,0,0,1
31.14184672257246,11,5,12.207385591516394,0,0,1
21.748210803096157,14,8,51.35435124634501,1,0,1
172.65514506301994,17,2,2.0613637751341005,0,0,1
58.089606501413904,7,5,3.309744306666461,0,0,1
238.33748858765222,8,4,4.705586618471598,0,0,1
8.719399369795726,13,3,0.16611084305614982,0,0,1
68.70925129207896,19,0,22.614732769591626,0,0,1
270.59461718602284,16,7,158.3295028684857,1,0,1
27.427121830813526,19,1,32.76218753481015,1,0,1
71.7314124236385,7,5,7.072728815792758,0,0,1
58.65378397571735,22,3,62.56598345064862,0,0,1
227.65847094790317,20,5,95.59773563842165,0,0,1
2.0326921004244554,9,5,0.6659690613441591,0,0,1
3.970799371386665,23,9,73.52450008743064,0,1,1
29.067457241461543,16,0,78.47402086264539,0,0,1
41.37344285219658,22,3,21.285205372776765,0,0,1
105.88997460922201,16,9,49.8988123155336,1,0,1
202.53829191556267,23,6,13.248169642927952,0,0,1
178.1258354898527,13,9,32.4277718689277,0,0,1
2.920502143209468,7,8,19.549491693078146,0,0,1
162.7305474991052,5,8,22.060525338496248,0,0,1
39.860765678899796,23,2,41.15391763330044,0,0,1
62.305859880409876,11,9,42.35225729764671,0,0,1
139.72203916260642,20,8,14.335984542236385,0,0,1
161.86093410817165,19,8,93.74823895904424,0,0,1
6.474080465882678,17,9,161.65216256153516,0,0,1
46.62620455388791,14,3,82.35686678457765,0,0,1
378.4677972921234,22,2,21.02503840380716,0,0,1
184.4077141321478,1,1,116.14923766361474,0,0,1
166.14687984884705,22,7,91.85743214090954,0,1,1
104.47185341382146,9,3,52.93103635708282,0,0,1
271.62086538759945,9,8,3.8804007496247026,0,0,1
99.67467068014915,6,9,35.94526700431902,0,0,1
68.28522587890998,22,8,48.37622855671547,0,0,1
15.120030768442408,20,6,32.74567331184915,0,0,1
55.92315127740618,21,9,6.579760873271215,0,0,1
39.94650606714626,4,8,26.454296010925994,1,0,1
33.447783150357694,15,7,27.959535512243423,0,0,1
269.93819649542957,18,4,110.18881019041467,0,0,1
72.12472435450759,4,2,23.4891106601453,0,0,1
172.51858538085813,15,5,41.15226229400994,0,0,1
38.81213685465557,19,1,26.504055206552724,0,0,1
58.50358284000809,8,4,57.13955666457806,0,0,1
21.901234315893586,9,6,22.65321621619728,0,0,1
31.265816268805423,14,6,49.292883551554624,0,0,1
354.80715158700065,2,7,116.27550646294964,0,0,1
171.14608427343396,7,2,55.34410071430882,0,0,1
6.2116863612178825,4,6,98.12641121588777,0,0,1
29.827508353350463,5,4,80.47651619729994,0,0,1
130.33175780816856,23,0,81.97949830048015,0,0,1
23.8687625248947,3,2,49.915495354243774,0,0,1
80.92468400058256,6,9,49.84709678707323,0,0,1
125.29062038255496,11,3,2.6808369218310233,1,0,1
104.47185341382146,9,3,52.93103635708282,0,0,1
76.29805773424295,19,2,14.128919921172217,0,0,1
92.36751206847723,21,9,32.53045119772402,0,0,1
71.83184380046364,5,9,12.168433986195797,0,0,1
22.315470276732146,23,7,27.77063921442287,0,0,1
312.3112539233472,23,7,50.546342847293744,0,0,1
12.998251116649588,1,4,42.93862292943485,0,0,1
195.97883103082512,0,2,2.240969791578799,0,0,1
56.15460355367736,6,1,2.8902575046953327,0,0,1
59.963225243482775,16,7,13.56429692685589,0,0,1
2.245300569573935,18,8,5.429270726064513,0,0,1
19.49856366812427,22,9,182.60640518403096,0,0,1
62.305859880409876,11,9,42.35225729764671,0,0,1
114.88748725771671,11,5,96.84144436411253,0,0,1
1.9341328972891516,15,4,46.90460818307017,0,1,1
9.296352899619693,15,4,19.035260244943508,0,0,1
76.22542630659325,7,2,38.788162882964606,0,0,1
133.3490303883392,20,6,52.53986846111053,0,0,1
59.963225243482775,16,7,13.56429692685589,0,0,1
19.896792853683777,4,9,67.00050537001484,0,0,1
2.960459192117248,22,2,51.72460629993388,0,0,1
38.04829531389874,0,5,175.87533526373696,0,0,1
54.024547865953565,23,1,63.681676067027105,1,0,1
85.32576598372877,19,9,9.468822453719547,0,0,1
195.1148140133525,8,5,10.575738781709457,1,1,1
37.810457768796724,9,2,25.419138158091346,0,0,1
28.230684939514095,3,6,54.90513206366566,1,0,1
312.3112539233472,23,7,50.546342847293744,0,0,1
354.80715158700065,2,7,116.27550646294964,0,0,1
103.28232650944571,13,9,29.38385845272718,1,0,1
6.474080465882678,17,9,161.65216256153516,0,0,1
8.719399369795726,13,3,0.16611084305614982,0,0,1
90.05669785734462,6,1,55.57849901670052,0,0,1
368.0639977890095,18,4,110.66002693803014,0,0,1
242.56218872119706,20,7,17.693719229645357,0,0,1
2.8596346211614394,13,4,28.88054872273366,0,0,1
223.18630208218275,5,3,6.73592088121774,0,0,1
71.83184380046364,5,9,12.168433986195797,0,0,1
74.03759563460443,21,4,21.455845630550183,0,0,1
238.33748858765222,8,4,4.705586618471598,0,0,1
64.01626731526842,9,0,58.142929198173775,0,0,1
15.092058664226416,18,5,184.0609778092511,0,0,1
1.4651476265668781,13,6,2.5306785462349444,0,0,1
337.6475102731325,21,6,11.432832506589344,0,0,1
11.935028499273859,18,2,5.198447477603523,0,0,1
70.46982345650964,14,1,19.815190625218076,0,0,1
261.9734692704209,2,8,13.061322488136074,1,0,1
337.6475102731325,21,6,11.432832506589344,0,0,1
354.80715158700065,2,7,116.27550646294964,0,0,1
9.296352899619693,15,4,19.035260244943508,0,0,1
133.1561478267037,19,9,40.76066214538501,0,0,1
102.83941471088912,21,5,38.35746184743651,1,0,1
71.04371771341901,22,0,55.40927460058553,1,0,1
108.38774297986396,6,8,101.31439896464151,0,0,1
15.120030768442408,20,6,32.74567331184915,0,0,1
81.37369920602278,19,8,2.8935031797709567,0,1,1
172.65514506301994,17,2,2.0613637751341005,0,0,1
31.14184672257246,11,5,12.207385591516394,0,0,1
130.55665773552832,16,1,3.730538646854565,0,0,1
3.3997969868477944,3,8,206.4407024606287,0,0,1
13.561816562204484,11,9,84.88505925554465,1,0,1
86.58671471970726,10,5,10.647582756432385,0,0,1
59.361578701023376,6,0,22.479642167803654,1,0,1
46.548110941267964,11,1,5.039088191749021,0,0,1
27.339934203463027,0,6,35.66666050248854,0,0,1
44.53872370520718,6,4,11.424365320175406,0,0,1
20.103710397885287,16,8,44.848943112779864,0,0,1
90.98844027249767,23,0,39.797388261138686,0,0,1
29.947454226575402,3,2,32.27109231080576,0,0,1
2.6968776316331806,22,1,110.52651187105394,0,0,1
203.18329093679114,14,0,5.4912170224102335,0,0,1
38.81213685465557,19,1,26.504055206552724,0,0,1
44.28527961865563,11,4,126.6381048702748,0,0,1
4.015750682000012,7,5,4.746778541553791,0,0,1
337.6177831884106,3,5,11.99458343819426,0,0,1
146.96479404457352,20,9,12.100549499284654,0,1,1
153.0171671923533,11,7,152.11546728486834,0,0,1
166.23287934593068,11,9,250.19273467516268,0,0,1
172.65514506301994,17,2,2.0613637751341005,0,0,1
42.4077810311421,19,4,165.21939414520153,0,0,1
36.88462597889831,17,1,4.938231155170579,0,0,1
15.344186123358494,10,7,5.553040927836629,0,0,1
130.7513601315038,9,7,53.672783262559555,0,0,1
246.35098846338414,2,3,102.47334021733414,0,0,1
3.2095746736032114,4,6,21.860923497442787,0,0,1
59.85339945794067,12,8,16.043688565562707,0,0,1
108.38774297986396,6,8,101.31439896464151,0,0,1
17.78149123609272,8,1,44.58080881423314,1,0,1
295.04946419583877,11,7,27.06081806008065,0,0,1
81.37369920602278,19,8,2.8935031797709567,0,1,1
125.20677895857905,16,5,19.482186740937074,0,0,1
105.88997460922201,16,9,49.8988123155336,1,0,1
52.95216724374391,2,3,5.313898822800285,0,0,1
46.548110941267964,11,1,5.039088191749021,0,0,1
45.48415324234035,21,9,13.757177302436402,0,0,1
66.82103205735585,7,4,70.43385671179558,0,0,1
86.0431332045955,19,5,109.85978174066868,0,0,1
126.8474411846264,1,9,48.81637418511437,0,0,1
2.2827151427937546,4,8,12.603249148574033,0,0,1
15.895201566782516,12,3,194.89984263578597,0,0,1
61.679567819699386,5,5,15.914869521472768,0,0,1
16.76647527706798,9,2,163.58542046727925,0,0,1
5.878110672996271,12,3,46.444199732526116,0,0,1
109.0062525147099,17,9,13.055022757160526,0,0,1
44.53872370520718,6,4,11.424365320175406,0,0,1
220.64877354850609,5,0,26.035450136692738,0,0,1
312.46376651979347,8,3,28.742877573710306,0,0,1
41.37344285219658,22,3,21.285205372776765,0,0,1
467.16024641845877,18,4,27.365531245719282,0,0,1
123.15909951213125,21,3,30.564262674952264,1,0,1
54.98151727917913,22,6,51.384023326872565,1,0,1
82.43603206028806,22,8,104.3820864918417,0,0,1
270.59461718602284,16,7,158.3295028684857,1,0,1
20.691014942823468,19,0,14.916706069510832,0,0,1
4.24858323649007,11,9,38.002181425950184,1,1,1
190.70974725278722,23,7,73.70803548315494,1,0,1
8.170455545483112,15,7,62.38069488239917,0,0,1
1.5226013884891114,6,9,26.50763268043463,0,0,1
21.846167430754427,16,6,16.129986777661173,0,0,1
30.50646073151543,3,5,53.434101830940484,0,0,1
24.680862366950556,7,0,20.59848937632275,0,0,1
174.90717991613752,23,8,2.2289712685383747,0,0,1
36.58821279147374,21,7,5.971210506329347,0,0,1
72.50082520454396,18,4,6.415021171062962,0,0,1
238.33748858765222,8,4,4.705586618471598,0,0,1
165.10782053369465,19,7,109.19781060393392,0,0,1
2.6968776316331806,22,1,110.52651187105394,0,0,1
54.024547865953565,23,1,63.681676067027105,1,0,1
30.252302491911642,6,5,15.913460006143504,0,0,1
13.561816562204484,11,9,84.88505925554465,1,0,1
88.69412861449368,4,9,90.08662304274728,0,0,1
312.46376651979347,8,3,28.742877573710306,0,0,1
125.29062038255496,11,3,2.6808369218310233,1,0,1
146.96479404457352,20,9,12.100549499284654,0,1,1
90.05669785734462,6,1,55.57849901670052,0,0,1
97.59675556567069,15,9,1.3343895713138445,0,0,1
110.62988444669864,22,5,55.09817975591079,0,0,1
106.9894100615944,19,9,43.181359069670435,0,0,1
204.63718019452122,15,5,71.09537673840633,0,0,1
368.0639977890095,18,4,110.66002693803014,0,0,1
50.18201538710777,22,5,6.723303917634582,1,0,1
0.6901724421494768,17,6,45.84031528872305,0,0,1
46.548110941267964,11,1,5.039088191749021,0,0,1
126.62847438313909,18,2,47.130090173043165,0,0,1
271.62086538759945,9,8,3.8804007496247026,0,0,1
101.96057941803029,19,4,4.860604814858531,0,1,1
38.814551496387395,13,7,30.68817761402417,0,0,1
260.9977449209915,9,7,39.95697005943845,1,0,1
122.69125744285758,14,2,39.720796165964835,0,0,1
62.412939878869224,4,3,52.866598100308536,0,0,1
83.47531994414878,11,8,66.50578222706646,0,0,1
346.78081469049494,21,4,49.94025281979742,0,0,1
70.46982345650964,14,1,19.815190625218076,0,0,1
62.412939878869224,4,3,52.866598100308536,0,0,1
40.450084270052386,20,0,95.02240871157768,1,0,1
4.487298911432926,8,8,29.007067935383095,0,0,1
271.8600527545924,1,1,16.239583117547753,1,0,1
27.693113030920475,13,8,18.029056298044804,0,0,1
139.59780297071188,18,2,19.917240521131358,0,0,1
49.94689052671303,21,4,92.55255299444528,0,0,1
2.8596346211614394,13,4,28.88054872273366,0,0,1
27.46363340482561,22,4,2.424691816423996,0,0,1
102.83941471088912,21,5,38.35746184743651,1,0,1
201.30785624263493,6,6,51.5315207055267,0,0,1
135.40458792968136,6,6,63.75848791377457,0,0,1
195.1148140133525,8,5,10.575738781709457,1,1,1
29.827508353350463,5,4,80.47651619729994,0,0,1
30.252302491911642,6,5,15.913460006143504,0,0,1
27.662202201299042,7,4,34.54578915472505,0,0,1
76.29805773424295,19,2,14.128919921172217,0,0,1
62.412939878869224,4,3,52.866598100308536,0,0,1
56.64038163132389,17,4,47.11505799709146,0,0,1
94.91744805522319,1,4,13.04308586663246,0,0,1
108.9162387290241,11,6,4.268031805059065,0,0,1
1.4651476265668781,13,6,2.5306785462349444,0,0,1
62.412939878869224,4,3,52.866598100308536,0,0,1
201.60648378543686,1,0,1.641193721678437,0,0,1
135.79848888102285,1,8,214.02085544927704,0,0,1
27.693113030920475,13,8,18.029056298044804,0,0,1
44.28527961865563,11,4,126.6381048702748,0,0,1
139.47876580584736,19,7,16.02604882792193,0,0,1
24.680862366950556,7,0,20.59848937632275,0,0,1
176.54098841221574,13,6,17.942465585956217,0,0,1
13.278406215222638,6,6,54.02987643434668,0,0,1
110.62988444669864,22,5,55.09817975591079,0,0,1
204.6033461015753,18,3,31.88149337933749,0,0,1
117.90725753198146,0,9,112.71084031749447,0,0,1
133.3490303883392,20,6,52.53986846111053,0,0,1
78.8398852541655,3,7,19.56151373490235,0,0,1
108.38774297986396,6,8,101.31439896464151,0,0,1
186.350049185203,20,8,98.07815955179719,0,0,1
73.79028642493967,15,5,8.192885193599125,0,0,1
108.9162387290241,11,6,4.268031805059065,0,0,1
68.56925413210558,5,4,13.540082908604326,1,0,1
15.092058664226416,18,5,184.0609778092511,0,0,1
28.230684939514095,3,6,54.90513206366566,1,0,1
110.45595986817835,1,6,59.25661665155136,1,0,1
36.44385724094443,5,4,11.98276058945257,0,0,1
45.8522799264304,19,4,13.968281640229781,0,1,1
47.21047421663407,20,0,41.049500475642255,0,0,1
37.810457768796724,9,2,25.419138158091346,0,0,1
291.8232300734288,9,2,31.24082205840224,1,0,1
6.474080465882678,17,9,161.65216256153516,0,0,1
15.534023502232127,5,9,245.48617901450157,0,0,1
92.36751206847723,21,9,32.53045119772402,0,0,1
36.44385724094443,5,4,11.98276058945257,0,0,1
195.1148140133525,8,5,10.575738781709457,1,1,1
17.36332712183605,21,1,152.36697106267272,0,0,1
680.5751219889282,21,0,12.556303011845188,1,0,1
72.12472435450759,4,2,23.4891106601453,0,0,1
46.62620455388791,14,3,82.35686678457765,0,0,1
43.595353461673334,20,5,120.32559522287973,0,0,1
22.333633395729795,10,0,16.546730375433516,1,0,1
115.94048640248865,0,2,86.47686887981676,0,0,1
40.450084270052386,20,0,95.02240871157768,1,0,1
22.315470276732146,23,7,27.77063921442287,0,0,1
9.822978531124464,21,0,29.744815523454527,0,0,1
36.562811166817646,15,8,30.54868057370856,0,0,1
271.62086538759945,9,8,3.8804007496247026,0,0,1
38.73729908946474,22,0,1.7549264752632747,0,0,1
36.88462597889831,17,1,4.938231155170579,0,0,1
117.96898763803539,16,4,13.627886140722412,0,0,1
200.788200396462,2,1,37.18478398632975,0,0,1
68.70925129207896,19,0,22.614732769591626,0,0,1
198.77512246541207,2,7,32.472176755808576,0,0,1
8.719399369795726,13,3,0.16611084305614982,0,0,1
198.0810706735358,10,2,10.941605169866856,0,0,1
263.98855421040753,3,9,87.42629136603884,0,0,1
97.59675556567069,15,9,1.3343895713138445,0,0,1
28.350019881455186,23,6,69.12281784719994,0,0,1
346.78081469049494,21,4,49.94025281979742,0,0,1
53.10584998237119,10,0,43.148984273605315,1,0,1
24.680862366950556,7,0,20.59848937632275,0,0,1
2.6968776316331806,22,1,110.52651187105394,0,0,1
27.427121830813526,19,1,32.76218753481015,1,0,1
1.3959112564237626,11,2,8.128285605537146,0,0,1
83.47531994414878,11,8,66.50578222706646,0,0,1
30.083969701011704,2,3,43.31571140157153,0,0,1
170.57321038928245,14,6,3.501080431941519,0,0,1
17.23152941098696,18,4,24.12334355868058,0,0,1
172.65514506301994,17,2,2.0613637751341005,0,0,1
82.40667280277229,23,1,34.04924265911898,0,0,1
1.5226013884891114,6,9,26.50763268043463,0,0,1
108.38774297986396,6,8,101.31439896464151,0,0,1
23.6125650647291,3,6,14.002555766381548,0,0,1
467.16024641845877,18,4,27.365531245719282,0,0,1
16.16363423177122,11,8,88.3553376031359,0,0,1
29.827508353350463,5,4,80.47651619729994,0,0,1
108.46201550855181,10,9,59.829522054279984,0,0,1
36.562811166817646,15,8,30.54868057370856,0,0,1
41.37344285219658,22,3,21.285205372776765,0,0,1
6.2116863612178825,4,6,98.12641121588777,0,0,1
101.10887957798545,10,3,109.75078234336313,1,0,1
108.9162387290241,11,6,4.268031805059065,0,0,1
131.62935503107585,1,4,7.737477804786633,0,0,1
23.8687625248947,3,2,49.915495354243774,0,0,1
43.918633746988384,22,0,19.568478523206764,0,0,1
11.200018885465623,7,6,9.106130453543008,0,0,1
78.58269643247577,2,0,142.6880920648922,1,0,1
123.72011801262866,1,1,56.85756721715474,0,0,1
27.89161829949456,23,6,50.516393786296774,0,0,1
108.42337269652312,16,0,208.28606659145765,0,0,1
29.00836992594099,20,2,98.12500162757219,1,0,1
244.51508595398127,19,7,1.876396894073255,0,0,1
46.62620455388791,14,3,82.35686678457765,0,0,1
66.82103205735585,7,4,70.43385671179558,0,0,1
39.94650606714626,4,8,26.454296010925994,1,0,1
71.41516813681919,0,6,51.425448523330644,0,0,1
43.900081917116495,0,3,30.90807939371187,0,0,1
54.425714269355005,5,8,39.63701218118999,0,0,1
80.92468400058256,6,9,49.84709678707323,0,0,1
49.59909850233758,20,2,16.800113583679813,0,0,1
58.882083017236965,9,4,32.220508105571994,0,0,1
64.88440167417792,4,4,9.134444775559396,0,0,1
22.333633395729795,10,0,16.546730375433516,1,0,1
13.561816562204484,11,9,84.88505925554465,1,0,1
55.768407917843135,11,0,40.72693314910434,0,0,1
52.636164143488465,2,0,39.15405985821817,0,0,1
271.32472745175227,21,4,243.17541105901563,0,0,1
223.18630208218275,5,3,6.73592088121774,0,0,1
1.3959112564237626,11,2,8.128285605537146,0,0,1
97.63011917123741,15,1,65.88681194104558,0,0,1
31.265816268805423,14,6,49.292883551554624,0,0,1
112.32727809391316,11,7,123.44213403411861,1,0,1
118.8196755663473,12,7,49.31546772180872,0,0,1
46.548110941267964,11,1,5.039088191749021,0,0,1
102.96887677502349,4,7,44.29138601036244,0,1,1
27.662202201299042,7,4,34.54578915472505,0,0,1
111.32543847202942,9,8,2.5869896164030437,0,0,1
2.3711872924350015,4,7,110.6105287369864,0,0,1
417.69315472305345,14,8,19.782104815885322,0,0,1
42.66200150101238,16,0,32.05991518120339,0,0,1
58.20966897077567,15,2,2.9912846372219137,0,0,1
15.344186123358494,10,7,5.553040927836629,0,0,1
78.8398852541655,3,7,19.56151373490235,0,0,1
225.15307037607616,10,2,31.689396378004016,0,0,1
4.4118998618501895,1,1,13.010782124673275,0,0,1
102.96887677502349,4,7,44.29138601036244,0,1,1
8.170455545483112,15,7,62.38069488239917,0,0,1
32.18460196170109,6,6,5.0153298360278615,0,0,1
1.8561887410766007,18,9,35.69885771934009,0,0,1
21.846167430754427,16,6,16.129986777661173,0,0,1
36.16930983379011,13,5,36.66870624187419,0,0,1
203.18329093679114,14,0,5.4912170224102335,0,0,1
368.0639977890095,18,4,110.66002693803014,0,0,1
167.61174392499228,1,6,185.42247185846952,0,0,1
0.9876161699253505,7,8,18.482480898162706,0,1,1
1.8561887410766007,18,9,35.69885771934009,0,0,1
300.1332397244468,8,8,4.283054084663725,1,1,1
90.98844027249767,23,0,39.797388261138686,0,0,1
538.6386668497049,4,4,8.902415376242699,0,0,1
203.18329093679114,14,0,5.4912170224102335,0,0,1
36.562811166817646,15,8,30.54868057370856,0,0,1
130.33175780816856,23,0,81.97949830048015,0,0,1
226.65986286309044,9,4,64.16885948004443,0,0,1
73.79028642493967,15,5,8.192885193599125,0,0,1
2.8596346211614394,13,4,28.88054872273366,0,0,1
44.06852222652278,1,9,74.56416670821966,0,0,1
51.442606733099105,18,4,7.182053409558,0,0,1
75.90961826383537,14,2,153.62979874424732,0,0,1
242.56218872119706,20,7,17.693719229645357,0,0,1
36.88462597889831,17,1,4.938231155170579,0,0,1
7.7432450996429845,17,5,19.062598310789326,0,0,1
295.04946419583877,11,7,27.06081806008065,0,0,1
28.350019881455186,23,6,69.12281784719994,0,0,1
31.265816268805423,14,6,49.292883551554624,0,0,1
21.901234315893586,9,6,22.65321621619728,0,0,1
24.021704555933255,23,8,3.8382288633517407,0,0,1
23.8687625248947,3,2,49.915495354243774,0,0,1
28.230684939514095,3,6,54.90513206366566,1,0,1
118.8196755663473,12,7,49.31546772180872,0,0,1
203.18329093679114,14,0,5.4912170224102335,0,0,1
54.024547865953565,23,1,63.681676067027105,1,0,1
36.28476586043416,15,3,110.56038406384316,0,0,1
27.339934203463027,0,6,35.66666050248854,0,0,1
180.1547870008433,14,4,7.599879100922198,0,0,1
114.01463466715083,8,9,30.553518452324607,0,0,1
126.62847438313909,18,2,47.130090173043165,0,0,1
123.72011801262866,1,1,56.85756721715474,0,0,1
69.52441332180219,0,7,9.329000889381454,0,0,1
58.20966897077567,15,2,2.9912846372219137,0,0,1
260.9977449209915,9,7,39.95697005943845,1,0,1
417.69315472305345,14,8,19.782104815885322,0,0,1
36.44385724094443,5,4,11.98276058945257,0,0,1
184.4077141321478,1,1,116.14923766361474,0,0,1
69.94394526077897,2,3,8.486359845437324,0,0,1
9.988280887183773,12,1,14.137935080198885,0,0,1
53.33140363376775,15,4,38.34052084947605,0,0,1
243.278001496574,16,6,24.07276706071405,0,0,1
5.491521657386787,8,0,132.22501027214537,0,0,1
13.561816562204484,11,9,84.88505925554465,1,0,1
162.28081173648155,9,5,18.08697377004817,0,0,1
5.136121995053866,1,8,77.72357861622875,0,0,1
72.50082520454396,18,4,6.415021171062962,0,0,1
439.99779791123024,6,1,21.41526179740357,0,0,1
118.75590135001512,21,0,391.0004833954609,0,0,1
337.6177831884106,3,5,11.99458343819426,0,0,1
38.814551496387395,13,7,30.68817761402417,0,0,1
21.302903185996403,1,1,45.88939038061029,1,0,1
1.2838542227578875,20,5,22.117679122232147,0,0,1
21.748210803096157,14,8,51.35435124634501,1,0,1
81.7360407561493,22,1,12.40304796253427,0,0,1
17.537807086470178,12,3,15.277085575097377,0,0,1
45.48415324234035,21,9,13.757177302436402,0,0,1
86.58671471970726,10,5,10.647582756432385,0,0,1
96.64861891767073,15,8,25.10833323871784,1,0,1
90.05669785734462,6,1,55.57849901670052,0,0,1
22.478503258578506,5,6,25.112107673285024,0,1,1
15.311853406083515,5,3,17.724084454466578,1,0,1
2.276141416943498,3,5,12.005336251366716,0,0,1
78.8398852541655,3,7,19.56151373490235,0,0,1
38.04829531389874,0,5,175.87533526373696,0,0,1
5.040792183650127,23,2,16.557093276121243,0,0,1
312.46376651979347,8,3,28.742877573710306,0,0,1
7.448198725566497,2,2,25.170525528380104,1,0,1
21.302903185996403,1,1,45.88939038061029,1,0,1
27.64206896617385,0,4,47.78003340342137,0,0,1
22.315470276732146,23,7,27.77063921442287,0,0,1
184.8548945368862,11,4,56.98892667189076,0,0,1
166.14687984884705,22,7,91.85743214090954,0,1,1
110.13963171723069,22,5,4.5060190155917415,0,0,1
4.24858323649007,11,9,38.002181425950184,1,1,1
135.79848888102285,1,8,214.02085544927704,0,0,1
122.69125744285758,14,2,39.720796165964835,0,0,1
20.103710397885287,16,8,44.848943112779864,0,0,1
3.970799371386665,23,9,73.52450008743064,0,1,1
58.50358284000809,8,4,57.13955666457806,0,0,1
114.88748725771671,11,5,96.84144436411253,0,0,1
82.70338886506579,20,5,22.44674257703255,0,0,1
130.7513601315038,9,7,53.672783262559555,0,0,1
49.59909850233758,20,2,16.800113583679813,0,0,1
75.90961826383537,14,2,153.62979874424732,0,0,1
117.88065028200192,7,1,90.90737513383257,0,0,1
174.90717991613752,23,8,2.2289712685383747,0,0,1
166.23287934593068,11,9,250.19273467516268,0,0,1
234.71617837584068,14,7,168.18947175207717,0,0,1
68.28522587890998,22,8,48.37622855671547,0,0,1
77.26669123908864,22,0,43.61739099778183,0,0,1
71.15421049175391,12,4,26.999163542605366,0,0,1
94.91744805522319,1,4,13.04308586663246,0,0,1
104.74077979914793,12,6,39.61876254247438,0,0,1
20.691014942823468,19,0,14.916706069510832,0,0,1
83.47531994414878,11,8,66.50578222706646,0,0,1
30.881795635781096,18,8,132.86772408639308,0,0,1
99.49206573550218,5,1,58.69100813132518,0,0,1
195.1148140133525,8,5,10.575738781709457,1,1,1
1.5226013884891114,6,9,26.50763268043463,0,0,1
67.63180399553154,15,5,61.30764959089332,0,0,1
1.2075645280140084,19,6,103.77330960621956,0,0,1
17.78149123609272,8,1,44.58080881423314,1,0,1
146.66583261701916,21,6,36.86064363449983,0,0,1
10.883751880671802,1,1,11.66507283460381,0,0,1
170.57321038928245,14,6,3.501080431941519,0,0,1
131.78530934609608,13,1,29.434637969770773,0,0,1
22.333633395729795,10,0,16.546730375433516,1,0,1
146.66583261701916,21,6,36.86064363449983,0,0,1
23.8687625248947,3,2,49.915495354243774,0,0,1
49.94689052671303,21,4,92.55255299444528,0,0,1
7.448198725566497,2,2,25.170525528380104,1,0,1
153.0171671923533,11,7,152.11546728486834,0,0,1
61.34547044538154,10,5,117.24357062881636,0,0,1
126.62847438313909,18,2,47.130090173043165,0,0,1
131.62935503107585,1,4,7.737477804786633,0,0,1
219.93782101996536,2,9,24.66247992528514,0,0,1
30.083969701011704,2,3,43.31571140157153,0,0,1
9.288590786036757,17,2,20.335123104282545,0,0,1
60.57691464212985,8,1,8.02041865969103,0,0,1
9.822978531124464,21,0,29.744815523454527,0,0,1
106.9894100615944,19,9,43.181359069670435,0,0,1
130.7513601315038,9,7,53.672783262559555,0,0,1
195.1148140133525,8,5,10.575738781709457,1,1,1
36.02044760747379,23,1,22.757677668201467,1,0,1
12.629338260806694,21,4,192.49265433535533,0,0,1
368.0639977890095,18,4,110.66002693803014,0,0,1
271.8600527545924,1,1,16.239583117547753,1,0,1
11.200018885465623,7,6,9.106130453543008,0,0,1
10.665648797073594,21,2,85.8910044663252,1,0,1
108.42337269652312,16,0,208.28606659145765,0,0,1
56.26742092155651,23,8,91.40563627302856,0,0,1
134.14702971609447,15,6,9.200537972952102,0,0,1
51.442606733099105,18,4,7.182053409558,0,0,1
439.99779791123024,6,1,21.41526179740357,0,0,1
15.311853406083515,5,3,17.724084454466578,1,0,1
146.96479404457352,20,9,12.100549499284654,0,1,1
4.278265894923065,4,6,235.96984168512623,0,0,1
10.883751880671802,1,1,11.66507283460381,0,0,1
1.9341328972891516,15,4,46.90460818307017,0,1,1
73.79028642493967,15,5,8.192885193599125,0,0,1
15.311853406083515,5,3,17.724084454466578,1,0,1
37.40595335387715,23,6,14.32366379748467,0,0,1
219.93782101996536,2,9,24.66247992528514,0,0,1
16.400743025106447,21,5,54.170914968980796,0,0,1
36.88462597889831,17,1,4.938231155170579,0,0,1
166.23287934593068,11,9,250.19273467516268,0,0,1
95.23939916983089,18,7,12.951366069445115,0,0,1
203.18329093679114,14,0,5.4912170224102335,0,0,1
38.81213685465557,19,1,26.504055206552724,0,0,1
2.245300569573935,18,8,5.429270726064513,0,0,1
1.9341328972891516,15,4,46.90460818307017,0,1,1
1.9847140688670828,1,8,8.182142007831459,0,0,1
79.99764615179966,20,8,37.54433800831344,1,0,1
44.06852222652278,1,9,74.56416670821966,0,0,1
30.418323325927005,7,4,35.58109340480333,0,0,1
16.16363423177122,11,8,88.3553376031359,0,0,1
69.8729617097775,2,6,0.3381691896491799,1,0,1
97.54214576995756,21,7,21.374595419431135,0,0,1
125.57048609797414,0,8,86.50474372202484,0,0,1
38.81213685465557,19,1,26.504055206552724,0,0,1
106.9894100615944,19,9,43.181359069670435,0,0,1
17.607830972219595,5,2,2.0772988863842015,0,0,1
270.59461718602284,16,7,158.3295028684857,1,0,1
368.0639977890095,18,4,110.66002693803014,0,0,1
9.922650699345185,10,0,26.333716765914883,0,0,1
78.56982277819277,19,5,25.996533128313448,0,0,1
125.20674728720263,14,9,11.35805512257363,1,0,1
58.564515422876184,13,4,122.1499019224478,1,0,1
201.60648378543686,1,0,1.641193721678437,0,0,1
5.279527809977468,0,7,57.966087619565855,0,0,1
56.26742092155651,23,8,91.40563627302856,0,0,1
71.15421049175391,12,4,26.999163542605366,0,0,1
15.534023502232127,5,9,245.48617901450157,0,0,1
53.58816716561955,0,7,193.71183879334387,0,0,1
30.50646073151543,3,5,53.434101830940484,0,0,1
36.28476586043416,15,3,110.56038406384316,0,0,1
81.37369920602278,19,8,2.8935031797709567,0,1,1
1.2075645280140084,19,6,103.77330960621956,0,0,1
1.5112115351447397,23,4,54.02382996180876,0,1,1
18.763882868982012,1,4,12.110386217410984,0,0,1
66.82103205735585,7,4,70.43385671179558,0,0,1
200.788200396462,2,1,37.18478398632975,0,0,1
263.98855421040753,3,9,87.42629136603884,0,0,1
24.680862366950556,7,0,20.59848937632275,0,0,1
1.6333058503340645,18,4,40.925292977217126,0,0,1
22.478503258578506,5,6,25.112107673285024,0,1,1
8.86538677778067,16,4,7.7461960099927785,0,0,1
51.442606733099105,18,4,7.182053409558,0,0,1
159.85097044557224,13,2,1.3803452063470847,0,0,1
67.63180399553154,15,5,61.30764959089332,0,0,1
53.10584998237119,10,0,43.148984273605315,1,0,1
253.6383301814264,19,9,94.61850821010707,0,0,1
1.9341328972891516,15,4,46.90460818307017,0,1,1
21.901234315893586,9,6,22.65321621619728,0,0,1
66.839180986861,21,2,49.62493262255756,0,0,1
4.4118998618501895,1,1,13.010782124673275,0,0,1
139.59780297071188,18,2,19.917240521131358,0,0,1
1.5112115351447397,23,4,54.02382996180876,0,1,1
123.72011801262866,1,1,56.85756721715474,0,0,1
117.90725753198146,0,9,112.71084031749447,0,0,1
9.922650699345185,10,0,26.333716765914883,0,0,1
23.800106695362913,18,0,26.36678996843194,0,0,1
234.71617837584068,14,7,168.18947175207717,0,0,1
195.1148140133525,8,5,10.575738781709457,1,1,1
52.03953077789556,23,6,32.935962231166585,0,0,1
46.548110941267964,11,1,5.039088191749021,0,0,1
31.969116255840703,4,9,0.5632160150714738,0,0,1
1.9847140688670828,1,8,8.182142007831459,0,0,1
69.52441332180219,0,7,9.329000889381454,0,0,1
81.7360407561493,22,1,12.40304796253427,0,0,1
187.44086668722915,3,2,119.5404162486662,0,0,1
80.89779289437242,1,6,27.807796710670964,0,0,1
92.36751206847723,21,9,32.53045119772402,0,0,1
142.04870159931824,1,7,48.23337692801359,0,0,1
162.7305474991052,5,8,22.060525338496248,0,0,1
133.3490303883392,20,6,52.53986846111053,0,0,1
114.01463466715083,8,9,30.553518452324607,0,0,1
131.78530934609608,13,1,29.434637969770773,0,0,1
110.12890836523806,20,1,13.528984514017731,0,0,1
0.909539960722861,2,7,9.883518851967569,1,1,1
27.427121830813526,19,1,32.76218753481015,1,0,1
37.810457768796724,9,2,25.419138158091346,0,0,1
90.98844027249767,23,0,39.797388261138686,0,0,1
90.05669785734462,6,1,55.57849901670052,0,0,1
78.8398852541655,3,7,19.56151373490235,0,0,1
35.677078125303815,0,1,10.30511560686879,0,0,1
8.293404321158143,7,9,13.760539205909467,0,0,1
3.4373198347193927,9,0,33.87518464210393,0,0,1
135.79848888102285,1,8,214.02085544927704,0,0,1
68.94140444876165,18,8,22.243850415431986,0,0,1
157.4333443217474,21,5,60.70224840729944,0,0,1
4.278265894923065,4,6,235.96984168512623,0,0,1
30.881795635781096,18,8,132.86772408639308,0,0,1
101.4580136639517,12,6,36.11357645825737,0,0,1
439.99779791123024,6,1,21.41526179740357,0,0,1
204.63718019452122,15,5,71.09537673840633,0,0,1
59.963225243482775,16,7,13.56429692685589,0,0,1
154.33927818755862,7,0,1.7768831551904174,0,0,1
63.631778423913055,5,5,121.96250833720867,0,0,1
22.315470276732146,23,7,27.77063921442287,0,0,1
17.537807086470178,12,3,15.277085575097377,0,0,1
97.00306153489309,3,2,76.29218907128815,0,0,1
354.80715158700065,2,7,116.27550646294964,0,0,1
82.40667280277229,23,1,34.04924265911898,0,0,1
44.53872370520718,6,4,11.424365320175406,0,0,1
190.70974725278722,23,7,73.70803548315494,1,0,1
69.52441332180219,0,7,9.329000889381454,0,0,1
1.6333058503340645,18,4,40.925292977217126,0,0,1
85.68456724540113,14,9,24.441976045653327,0,0,1
231.90318981262067,3,9,21.84056203846677,0,0,1
24.680862366950556,7,0,20.59848937632275,0,0,1
82.40667280277229,23,1,34.04924265911898,0,0,1
43.918633746988384,22,0,19.568478523206764,0,0,1
15.854396621277056,11,3,235.1822909526317,0,0,1
157.0029786395229,8,1,42.509048358152,0,0,1
114.88748725771671,11,5,96.84144436411253,0,0,1
135.40458792968136,6,6,63.75848791377457,0,0,1
108.46201550855181,10,9,59.829522054279984,0,0,1
363.0194375144341,21,3,16.795974760707328,0,0,1
198.0810706735358,10,2,10.941605169866856,0,0,1
15.120030768442408,20,6,32.74567331184915,0,0,1
43.595353461673334,20,5,120.32559522287973,0,0,1
38.04829531389874,0,5,175.87533526373696,0,0,1
40.091673087853,19,0,51.39021762867748,0,0,1
253.6383301814264,19,9,94.61850821010707,0,0,1
94.91744805522319,1,4,13.04308586663246,0,0,1
5.878110672996271,12,3,46.444199732526116,0,0,1
260.9977449209915,9,7,39.95697005943845,1,0,1
219.93782101996536,2,9,24.66247992528514,0,0,1
78.8398852541655,3,7,19.56151373490235,0,0,1
27.339934203463027,0,6,35.66666050248854,0,0,1
64.88440167417792,4,4,9.134444775559396,0,0,1
87.55537772028686,16,3,131.84747529261867,0,0,1
29.235129399663172,16,6,1.0822483439467454,0,0,1
63.631778423913055,5,5,121.96250833720867,0,0,1
66.79968270904791,18,4,47.09876946922254,1,0,1
170.57321038928245,14,6,3.501080431941519,0,0,1
211.67850510798343,17,3,53.470203262213126,0,0,1
36.16930983379011,13,5,36.66870624187419,0,0,1
99.49206573550218,5,1,58.69100813132518,0,0,1
351.0461721282546,11,9,116.60730496916878,0,0,1
88.69412861449368,4,9,90.08662304274728,0,0,1
5.369235116351659,2,1,89.29250630209306,0,0,1
21.846167430754427,16,6,16.129986777661173,0,0,1
117.96898763803539,16,4,13.627886140722412,0,0,1
114.88748725771671,11,5,96.84144436411253,0,0,1
170.57321038928245,14,6,3.501080431941519,0,0,1
59.74455297927822,22,2,5.164055987644153,0,0,1
83.02828409517736,16,3,37.027969155698685,0,0,1
45.6277218220847,10,2,39.123228018931286,0,0,1
15.092058664226416,18,5,184.0609778092511,0,0,1
165.10782053369465,19,7,109.19781060393392,0,0,1
61.34547044538154,10,5,117.24357062881636,0,0,1
110.13963171723069,22,5,4.5060190155917415,0,0,1
45.48415324234035,21,9,13.757177302436402,0,0,1
152.01542911231599,22,5,61.76793548477574,0,0,1
74.0839071582705,4,2,20.66175946995104,0,0,1
135.43939412806242,0,5,90.92136883560278,0,1,1
9.147602822482632,20,5,143.6409779987174,0,0,1
2.8596346211614394,13,4,28.88054872273366,0,0,1
38.814551496387395,13,7,30.68817761402417,0,0,1
76.22542630659325,7,2,38.788162882964606,0,0,1
13.602729246922369,2,3,106.08831044086573,1,0,1
171.27165386597838,0,9,106.16524512537701,0,0,1
139.72203916260642,20,8,14.335984542236385,0,0,1
1.6333058503340645,18,4,40.925292977217126,0,0,1
19.49856366812427,22,9,182.60640518403096,0,0,1
37.810457768796724,9,2,25.419138158091346,0,0,1
166.14687984884705,22,7,91.85743214090954,0,1,1
103.28232650944571,13,9,29.38385845272718,1,0,1
146.66583261701916,21,6,36.86064363449983,0,0,1
54.98151727917913,22,6,51.384023326872565,1,0,1
87.55537772028686,16,3,131.84747529261867,0,0,1
53.05992863850641,18,6,151.8477595109053,0,0,1
73.79028642493967,15,5,8.192885193599125,0,0,1
29.235129399663172,16,6,1.0822483439467454,0,0,1
36.16930983379011,13,5,36.66870624187419,0,0,1
292.0911709264685,21,2,20.005455775504004,0,0,1
167.61174392499228,1,6,185.42247185846952,0,0,1
5.829199921078438,20,8,16.137844927876014,0,0,1
146.66583261701916,21,6,36.86064363449983,0,0,1
29.605694249926774,0,7,54.651287626433806,0,0,1
110.45595986817835,1,6,59.25661665155136,1,0,1
172.65514506301994,17,2,2.0613637751341005,0,0,1
156.40973333379875,16,6,52.811839062516256,0,0,1
260.9977449209915,9,7,39.95697005943845,1,0,1
43.918633746988384,22,0,19.568478523206764,0,0,1
234.71617837584068,14,7,168.18947175207717,0,0,1
20.103710397885287,16,8,44.848943112779864,0,0,1
42.66200150101238,16,0,32.05991518120339,0,0,1
312.46376651979347,8,3,28.742877573710306,0,0,1
156.40973333379875,16,6,52.811839062516256,0,0,1
69.35431299831438,22,9,56.19703879064441,1,0,1
146.66583261701916,21,6,36.86064363449983,0,0,1
38.04829531389874,0,5,175.87533526373696,0,0,1
108.42337269652312,16,0,208.28606659145765,0,0,1
35.677078125303815,0,1,10.30511560686879,0,0,1
27.693183488830137,2,9,82.92618763549594,0,0,1
58.34562125363503,11,7,63.72697315013257,0,0,1
36.28476586043416,15,3,110.56038406384316,0,0,1
142.04870159931824,1,7,48.23337692801359,0,0,1
130.55665773552832,16,1,3.730538646854565,0,0,1
29.827508353350463,5,4,80.47651619729994,0,0,1
203.18329093679114,14,0,5.4912170224102335,0,0,1
3.2095746736032114,4,6,21.860923497442787,0,0,1
2.0326921004244554,9,5,0.6659690613441591,0,0,1
142.04870159931824,1,7,48.23337692801359,0,0,1
28.230684939514095,3,6,54.90513206366566,1,0,1
146.66583261701916,21,6,36.86064363449983,0,0,1
90.92041659771152,16,7,0.5112962536960337,0,0,1
90.92041659771152,16,7,0.5112962536960337,0,0,1
8.170455545483112,15,7,62.38069488239917,0,0,1
97.54214576995756,21,7,21.374595419431135,0,0,1
97.63011917123741,15,1,65.88681194104558,0,0,1
30.418323325927005,7,4,35.58109340480333,0,0,1
9.288590786036757,17,2,20.335123104282545,0,0,1
238.33748858765222,8,4,4.705586618471598,0,0,1
126.62847438313909,18,2,47.130090173043165,0,0,1
3.723434185767217,17,5,5.8768014907265425,0,0,1
29.235129399663172,16,6,1.0822483439467454,0,0,1
130.7513601315038,9,7,53.672783262559555,0,0,1
23.8687625248947,3,2,49.915495354243774,0,0,1
363.0194375144341,21,3,16.795974760707328,0,0,1
27.662202201299042,7,4,34.54578915472505,0,0,1
261.89929190405377,16,1,13.301917068014745,0,0,1
1.3959112564237626,11,2,8.128285605537146,0,0,1
45.8522799264304,19,4,13.968281640229781,0,1,1
82.43603206028806,22,8,104.3820864918417,0,0,1
15.092058664226416,18,5,184.0609778092511,0,0,1
97.54214576995756,21,7,21.374595419431135,0,0,1
68.70925129207896,19,0,22.614732769591626,0,0,1
195.97883103082512,0,2,2.240969791578799,0,0,1
0.909539960722861,2,7,9.883518851967569,1,1,1
36.02044760747379,23,1,22.757677668201467,1,0,1
53.58816716561955,0,7,193.71183879334387,0,0,1
92.36751206847723,21,9,32.53045119772402,0,0,1
70.46982345650964,14,1,19.815190625218076,0,0,1
13.561816562204484,11,9,84.88505925554465,1,0,1
146.66583261701916,21,6,36.86064363449983,0,0,1
5.878110672996271,12,3,46.444199732526116,0,0,1
115.94048640248865,0,2,86.47686887981676,0,0,1
108.38774297986396,6,8,101.31439896464151,0,0,1
81.69698563089183,15,7,0.8081126410891086,0,0,1
106.17002105589255,6,4,59.78172599849226,0,0,1
82.70338886506579,20,5,22.44674257703255,0,0,1
58.50358284000809,8,4,57.13955666457806,0,0,1
8.889283909093013,18,8,52.685541651173764,0,0,1
439.99779791123024,6,1,21.41526179740357,0,0,1
58.34562125363503,11,7,63.72697315013257,0,0,1
29.00836992594099,20,2,98.12500162757219,1,0,1
9.288590786036757,17,2,20.335123104282545,0,0,1
102.83941471088912,21,5,38.35746184743651,1,0,1
31.969116255840703,4,9,0.5632160150714738,0,0,1
68.56925413210558,5,4,13.540082908604326,1,0,1
9.822978531124464,21,0,29.744815523454527,0,0,1
13.561816562204484,11,9,84.88505925554465,1,0,1
20.691014942823468,19,0,14.916706069510832,0,0,1
58.564515422876184,13,4,122.1499019224478,1,0,1
64.88440167417792,4,4,9.134444775559396,0,0,1
5.040792183650127,23,2,16.557093276121243,0,0,1
312.46376651979347,8,3,28.742877573710306,0,0,1
42.66024955171008,17,7,107.58992553589543,0,0,1
300.1332397244468,8,8,4.283054084663725,1,1,1
97.00306153489309,3,2,76.29218907128815,0,0,1
220.64877354850609,5,0,26.035450136692738,0,0,1
146.96479404457352,20,9,12.100549499284654,0,1,1
0.9876161699253505,7,8,18.482480898162706,0,1,1
72.50082520454396,18,4,6.415021171062962,0,0,1
291.8232300734288,9,2,31.24082205840224,1,0,1
70.46982345650964,14,1,19.815190625218076,0,0,1
30.881795635781096,18,8,132.86772408639308,0,0,1
111.32543847202942,9,8,2.5869896164030437,0,0,1
30.50646073151543,3,5,53.434101830940484,0,0,1
19.896792853683777,4,9,67.00050537001484,0,0,1
130.48178060225274,7,5,23.00558301625234,0,0,1
5.878110672996271,12,3,46.444199732526116,0,0,1
62.305859880409876,11,9,42.35225729764671,0,0,1
29.067457241461543,16,0,78.47402086264539,0,0,1
198.77512246541207,2,7,32.472176755808576,0,0,1
2.276141416943498,3,5,12.005336251366716,0,0,1
105.88997460922201,16,9,49.8988123155336,1,0,1
38.73729908946474,22,0,1.7549264752632747,0,0,1
29.00836992594099,20,2,98.12500162757219,1,0,1
104.47185341382146,9,3,52.93103635708282,0,0,1
171.14608427343396,7,2,55.34410071430882,0,0,1
71.27850914938828,8,9,178.105644021577,1,0,1
17.78149123609272,8,1,44.58080881423314,1,0,1
57.02146898831339,18,0,13.263746435734644,0,0,1
146.66583261701916,21,6,36.86064363449983,0,0,1
109.84137455189628,16,6,5.726814428094363,0,0,1
49.94689052671303,21,4,92.55255299444528,0,0,1
37.40595335387715,23,6,14.32366379748467,0,0,1
58.089606501413904,7,5,3.309744306666461,0,0,1
312.46376651979347,8,3,28.742877573710306,0,0,1
242.56218872119706,20,7,17.693719229645357,0,0,1
27.339934203463027,0,6,35.66666050248854,0,0,1
271.8600527545924,1,1,16.239583117547753,1,0,1
51.442606733099105,18,4,7.182053409558,0,0,1
31.14184672257246,11,5,12.207385591516394,0,0,1
27.46363340482561,22,4,2.424691816423996,0,0,1
17.36332712183605,21,1,152.36697106267272,0,0,1
78.8398852541655,3,7,19.56151373490235,0,0,1
105.88997460922201,16,9,49.8988123155336,1,0,1
96.64861891767073,15,8,25.10833323871784,1,0,1
2.3711872924350015,4,7,110.6105287369864,0,0,1
118.75590135001512,21,0,391.0004833954609,0,0,1
15.120030768442408,20,6,32.74567331184915,0,0,1
5.040792183650127,23,2,16.557093276121243,0,0,1
130.48178060225274,7,5,23.00558301625234,0,0,1
190.70974725278722,23,7,73.70803548315494,1,0,1
64.69045124116816,11,7,37.05794681869068,0,1,1
37.810457768796724,9,2,25.419138158091346,0,0,1
30.252302491911642,6,5,15.913460006143504,0,0,1
142.04870159931824,1,7,48.23337692801359,0,0,1
72.12472435450759,4,2,23.4891106601453,0,0,1
5.878110672996271,12,3,46.444199732526116,0,0,1
75.91437829608314,12,2,48.31941340506077,0,0,1
178.1258354898527,13,9,32.4277718689277,0,0,1
11.935028499273859,18,2,5.198447477603523,0,0,1
133.3490303883392,20,6,52.53986846111053,0,0,1
59.85339945794067,12,8,16.043688565562707,0,0,1
80.89779289437242,1,6,27.807796710670964,0,0,1
29.067457241461543,16,0,78.47402086264539,0,0,1
103.28232650944571,13,9,29.38385845272718,1,0,1
126.62847438313909,18,2,47.130090173043165,0,0,1
38.41571882948685,17,9,13.597367581685848,0,0,1
